LinkedTreeMap.java,com.google.gson.internal.LinkedTreeMap,org.pitest.mutationtest.engine.gregor.mutators.ConstructorCallMutator,<init>,52,KILLED,com.google.gson.internal.LinkedTreeMap_ESTest.test63
LinkedTreeMap.java,com.google.gson.internal.LinkedTreeMap,org.pitest.mutationtest.engine.gregor.mutators.InlineConstantMutator,<init>,48,KILLED,com.google.gson.internal.LinkedTreeMap_ESTest.test39
LinkedTreeMap.java,com.google.gson.internal.LinkedTreeMap,org.pitest.mutationtest.engine.gregor.mutators.InlineConstantMutator,<init>,49,SURVIVED,none
LinkedTreeMap.java,com.google.gson.internal.LinkedTreeMap,org.pitest.mutationtest.engine.gregor.mutators.NegateConditionalsMutator,<init>,72,KILLED,com.google.gson.internal.LinkedTreeMap_ESTest.test11
LinkedTreeMap.java,com.google.gson.internal.LinkedTreeMap,org.pitest.mutationtest.engine.gregor.mutators.RemoveConditionalMutator_EQUAL_ELSE,<init>,72,KILLED,com.google.gson.internal.LinkedTreeMap_ESTest.test11
LinkedTreeMap.java,com.google.gson.internal.LinkedTreeMap,org.pitest.mutationtest.engine.gregor.mutators.RemoveConditionalMutator_EQUAL_IF,<init>,72,SURVIVED,none
LinkedTreeMap.java,com.google.gson.internal.LinkedTreeMap,org.pitest.mutationtest.engine.gregor.mutators.experimental.MemberVariableMutator,<init>,48,SURVIVED,none
LinkedTreeMap.java,com.google.gson.internal.LinkedTreeMap,org.pitest.mutationtest.engine.gregor.mutators.experimental.MemberVariableMutator,<init>,49,SURVIVED,none
LinkedTreeMap.java,com.google.gson.internal.LinkedTreeMap,org.pitest.mutationtest.engine.gregor.mutators.experimental.MemberVariableMutator,<init>,52,KILLED,com.google.gson.internal.LinkedTreeMap_ESTest.test63
LinkedTreeMap.java,com.google.gson.internal.LinkedTreeMap,org.pitest.mutationtest.engine.gregor.mutators.experimental.MemberVariableMutator,<init>,72,KILLED,com.google.gson.internal.LinkedTreeMap_ESTest.test56
LinkedTreeMap.java,com.google.gson.internal.LinkedTreeMap,org.pitest.mutationtest.engine.gregor.mutators.InlineConstantMutator,clear,102,KILLED,com.google.gson.internal.LinkedTreeMap_ESTest.test65
LinkedTreeMap.java,com.google.gson.internal.LinkedTreeMap,org.pitest.mutationtest.engine.gregor.mutators.InlineConstantMutator,clear,103,SURVIVED,none
LinkedTreeMap.java,com.google.gson.internal.LinkedTreeMap,org.pitest.mutationtest.engine.gregor.mutators.MathMutator,clear,103,SURVIVED,none
LinkedTreeMap.java,com.google.gson.internal.LinkedTreeMap,org.pitest.mutationtest.engine.gregor.mutators.experimental.MemberVariableMutator,clear,101,SURVIVED,none
LinkedTreeMap.java,com.google.gson.internal.LinkedTreeMap,org.pitest.mutationtest.engine.gregor.mutators.experimental.MemberVariableMutator,clear,102,SURVIVED,none
LinkedTreeMap.java,com.google.gson.internal.LinkedTreeMap,org.pitest.mutationtest.engine.gregor.mutators.experimental.MemberVariableMutator,clear,103,SURVIVED,none
LinkedTreeMap.java,com.google.gson.internal.LinkedTreeMap,org.pitest.mutationtest.engine.gregor.mutators.experimental.MemberVariableMutator,clear,107,SURVIVED,none
LinkedTreeMap.java,com.google.gson.internal.LinkedTreeMap,org.pitest.mutationtest.engine.gregor.mutators.experimental.MemberVariableMutator,clear,107,SURVIVED,none
LinkedTreeMap.java,com.google.gson.internal.LinkedTreeMap,org.pitest.mutationtest.engine.gregor.mutators.BooleanTrueReturnValsMutator,containsKey,87,KILLED,com.google.gson.internal.LinkedTreeMap_ESTest.test24
LinkedTreeMap.java,com.google.gson.internal.LinkedTreeMap,org.pitest.mutationtest.engine.gregor.mutators.InlineConstantMutator,containsKey,87,KILLED,com.google.gson.internal.LinkedTreeMap_ESTest.test17
LinkedTreeMap.java,com.google.gson.internal.LinkedTreeMap,org.pitest.mutationtest.engine.gregor.mutators.InlineConstantMutator,containsKey,87,KILLED,com.google.gson.internal.LinkedTreeMap_ESTest.test24
LinkedTreeMap.java,com.google.gson.internal.LinkedTreeMap,org.pitest.mutationtest.engine.gregor.mutators.NegateConditionalsMutator,containsKey,87,KILLED,com.google.gson.internal.LinkedTreeMap_ESTest.test24
LinkedTreeMap.java,com.google.gson.internal.LinkedTreeMap,org.pitest.mutationtest.engine.gregor.mutators.NonVoidMethodCallMutator,containsKey,87,KILLED,com.google.gson.internal.LinkedTreeMap_ESTest.test23
LinkedTreeMap.java,com.google.gson.internal.LinkedTreeMap,org.pitest.mutationtest.engine.gregor.mutators.RemoveConditionalMutator_EQUAL_ELSE,containsKey,87,KILLED,com.google.gson.internal.LinkedTreeMap_ESTest.test17
LinkedTreeMap.java,com.google.gson.internal.LinkedTreeMap,org.pitest.mutationtest.engine.gregor.mutators.RemoveConditionalMutator_EQUAL_IF,containsKey,87,KILLED,com.google.gson.internal.LinkedTreeMap_ESTest.test24
LinkedTreeMap.java,com.google.gson.internal.LinkedTreeMap,org.pitest.mutationtest.engine.gregor.mutators.ReturnValsMutator,containsKey,87,KILLED,com.google.gson.internal.LinkedTreeMap_ESTest.test24
LinkedTreeMap.java,com.google.gson.internal.LinkedTreeMap,org.pitest.mutationtest.engine.gregor.mutators.ConstructorCallMutator,entrySet,431,KILLED,com.google.gson.internal.LinkedTreeMap_ESTest.test14
LinkedTreeMap.java,com.google.gson.internal.LinkedTreeMap,org.pitest.mutationtest.engine.gregor.mutators.EmptyObjectReturnValsMutator,entrySet,431,KILLED,com.google.gson.internal.LinkedTreeMap_ESTest.test16
LinkedTreeMap.java,com.google.gson.internal.LinkedTreeMap,org.pitest.mutationtest.engine.gregor.mutators.NegateConditionalsMutator,entrySet,431,KILLED,com.google.gson.internal.LinkedTreeMap_ESTest.test14
LinkedTreeMap.java,com.google.gson.internal.LinkedTreeMap,org.pitest.mutationtest.engine.gregor.mutators.RemoveConditionalMutator_EQUAL_ELSE,entrySet,431,SURVIVED,none
LinkedTreeMap.java,com.google.gson.internal.LinkedTreeMap,org.pitest.mutationtest.engine.gregor.mutators.RemoveConditionalMutator_EQUAL_IF,entrySet,431,KILLED,com.google.gson.internal.LinkedTreeMap_ESTest.test14
LinkedTreeMap.java,com.google.gson.internal.LinkedTreeMap,org.pitest.mutationtest.engine.gregor.mutators.ReturnValsMutator,entrySet,431,KILLED,com.google.gson.internal.LinkedTreeMap_ESTest.test14
LinkedTreeMap.java,com.google.gson.internal.LinkedTreeMap,org.pitest.mutationtest.engine.gregor.mutators.experimental.MemberVariableMutator,entrySet,431,SURVIVED,none
LinkedTreeMap.java,com.google.gson.internal.LinkedTreeMap,org.pitest.mutationtest.engine.gregor.mutators.BooleanTrueReturnValsMutator,equal,208,KILLED,com.google.gson.internal.LinkedTreeMap_ESTest.test55
LinkedTreeMap.java,com.google.gson.internal.LinkedTreeMap,org.pitest.mutationtest.engine.gregor.mutators.InlineConstantMutator,equal,208,KILLED,com.google.gson.internal.LinkedTreeMap_ESTest.test28
LinkedTreeMap.java,com.google.gson.internal.LinkedTreeMap,org.pitest.mutationtest.engine.gregor.mutators.InlineConstantMutator,equal,208,KILLED,com.google.gson.internal.LinkedTreeMap_ESTest.test55
LinkedTreeMap.java,com.google.gson.internal.LinkedTreeMap,org.pitest.mutationtest.engine.gregor.mutators.NegateConditionalsMutator,equal,208,KILLED,com.google.gson.internal.LinkedTreeMap_ESTest.test55
LinkedTreeMap.java,com.google.gson.internal.LinkedTreeMap,org.pitest.mutationtest.engine.gregor.mutators.NegateConditionalsMutator,equal,208,SURVIVED,none
LinkedTreeMap.java,com.google.gson.internal.LinkedTreeMap,org.pitest.mutationtest.engine.gregor.mutators.NegateConditionalsMutator,equal,208,KILLED,com.google.gson.internal.LinkedTreeMap_ESTest.test55
LinkedTreeMap.java,com.google.gson.internal.LinkedTreeMap,org.pitest.mutationtest.engine.gregor.mutators.NonVoidMethodCallMutator,equal,208,SURVIVED,none
LinkedTreeMap.java,com.google.gson.internal.LinkedTreeMap,org.pitest.mutationtest.engine.gregor.mutators.RemoveConditionalMutator_EQUAL_ELSE,equal,208,KILLED,com.google.gson.internal.LinkedTreeMap_ESTest.test55
LinkedTreeMap.java,com.google.gson.internal.LinkedTreeMap,org.pitest.mutationtest.engine.gregor.mutators.RemoveConditionalMutator_EQUAL_ELSE,equal,208,SURVIVED,none
LinkedTreeMap.java,com.google.gson.internal.LinkedTreeMap,org.pitest.mutationtest.engine.gregor.mutators.RemoveConditionalMutator_EQUAL_ELSE,equal,208,SURVIVED,none
LinkedTreeMap.java,com.google.gson.internal.LinkedTreeMap,org.pitest.mutationtest.engine.gregor.mutators.RemoveConditionalMutator_EQUAL_IF,equal,208,KILLED,com.google.gson.internal.LinkedTreeMap_ESTest.test32
LinkedTreeMap.java,com.google.gson.internal.LinkedTreeMap,org.pitest.mutationtest.engine.gregor.mutators.RemoveConditionalMutator_EQUAL_IF,equal,208,SURVIVED,none
LinkedTreeMap.java,com.google.gson.internal.LinkedTreeMap,org.pitest.mutationtest.engine.gregor.mutators.RemoveConditionalMutator_EQUAL_IF,equal,208,KILLED,com.google.gson.internal.LinkedTreeMap_ESTest.test55
LinkedTreeMap.java,com.google.gson.internal.LinkedTreeMap,org.pitest.mutationtest.engine.gregor.mutators.ReturnValsMutator,equal,208,KILLED,com.google.gson.internal.LinkedTreeMap_ESTest.test55
LinkedTreeMap.java,com.google.gson.internal.LinkedTreeMap,org.pitest.mutationtest.engine.gregor.mutators.ConditionalsBoundaryMutator,find,144,SURVIVED,none
LinkedTreeMap.java,com.google.gson.internal.LinkedTreeMap,org.pitest.mutationtest.engine.gregor.mutators.ConditionalsBoundaryMutator,find,170,SURVIVED,none
LinkedTreeMap.java,com.google.gson.internal.LinkedTreeMap,org.pitest.mutationtest.engine.gregor.mutators.ConstructorCallMutator,find,164,KILLED,com.google.gson.internal.LinkedTreeMap_ESTest.test56
LinkedTreeMap.java,com.google.gson.internal.LinkedTreeMap,org.pitest.mutationtest.engine.gregor.mutators.ConstructorCallMutator,find,164,KILLED,com.google.gson.internal.LinkedTreeMap_ESTest.test56
LinkedTreeMap.java,com.google.gson.internal.LinkedTreeMap,org.pitest.mutationtest.engine.gregor.mutators.ConstructorCallMutator,find,166,KILLED,com.google.gson.internal.LinkedTreeMap_ESTest.test44
LinkedTreeMap.java,com.google.gson.internal.LinkedTreeMap,org.pitest.mutationtest.engine.gregor.mutators.ConstructorCallMutator,find,169,KILLED,com.google.gson.internal.LinkedTreeMap_ESTest.test46
LinkedTreeMap.java,com.google.gson.internal.LinkedTreeMap,org.pitest.mutationtest.engine.gregor.mutators.InlineConstantMutator,find,124,SURVIVED,none
LinkedTreeMap.java,com.google.gson.internal.LinkedTreeMap,org.pitest.mutationtest.engine.gregor.mutators.InlineConstantMutator,find,175,SURVIVED,none
LinkedTreeMap.java,com.google.gson.internal.LinkedTreeMap,org.pitest.mutationtest.engine.gregor.mutators.InlineConstantMutator,find,177,KILLED,com.google.gson.internal.LinkedTreeMap_ESTest.test44
LinkedTreeMap.java,com.google.gson.internal.LinkedTreeMap,org.pitest.mutationtest.engine.gregor.mutators.InlineConstantMutator,find,178,SURVIVED,none
LinkedTreeMap.java,com.google.gson.internal.LinkedTreeMap,org.pitest.mutationtest.engine.gregor.mutators.MathMutator,find,177,KILLED,com.google.gson.internal.LinkedTreeMap_ESTest.test44
LinkedTreeMap.java,com.google.gson.internal.LinkedTreeMap,org.pitest.mutationtest.engine.gregor.mutators.MathMutator,find,178,SURVIVED,none
LinkedTreeMap.java,com.google.gson.internal.LinkedTreeMap,org.pitest.mutationtest.engine.gregor.mutators.NegateConditionalsMutator,find,126,KILLED,com.google.gson.internal.LinkedTreeMap_ESTest.test19
LinkedTreeMap.java,com.google.gson.internal.LinkedTreeMap,org.pitest.mutationtest.engine.gregor.mutators.NegateConditionalsMutator,find,129,SURVIVED,none
LinkedTreeMap.java,com.google.gson.internal.LinkedTreeMap,org.pitest.mutationtest.engine.gregor.mutators.NegateConditionalsMutator,find,134,KILLED,com.google.gson.internal.LinkedTreeMap_ESTest.test66
LinkedTreeMap.java,com.google.gson.internal.LinkedTreeMap,org.pitest.mutationtest.engine.gregor.mutators.NegateConditionalsMutator,find,139,KILLED,com.google.gson.internal.LinkedTreeMap_ESTest.test17
LinkedTreeMap.java,com.google.gson.internal.LinkedTreeMap,org.pitest.mutationtest.engine.gregor.mutators.NegateConditionalsMutator,find,144,KILLED,com.google.gson.internal.LinkedTreeMap_ESTest.test45
LinkedTreeMap.java,com.google.gson.internal.LinkedTreeMap,org.pitest.mutationtest.engine.gregor.mutators.NegateConditionalsMutator,find,145,KILLED,com.google.gson.internal.LinkedTreeMap_ESTest.test46
LinkedTreeMap.java,com.google.gson.internal.LinkedTreeMap,org.pitest.mutationtest.engine.gregor.mutators.NegateConditionalsMutator,find,154,KILLED,com.google.gson.internal.LinkedTreeMap_ESTest.test56
LinkedTreeMap.java,com.google.gson.internal.LinkedTreeMap,org.pitest.mutationtest.engine.gregor.mutators.NegateConditionalsMutator,find,161,KILLED,com.google.gson.internal.LinkedTreeMap_ESTest.test56
LinkedTreeMap.java,com.google.gson.internal.LinkedTreeMap,org.pitest.mutationtest.engine.gregor.mutators.NegateConditionalsMutator,find,163,KILLED,com.google.gson.internal.LinkedTreeMap_ESTest.test56
LinkedTreeMap.java,com.google.gson.internal.LinkedTreeMap,org.pitest.mutationtest.engine.gregor.mutators.NegateConditionalsMutator,find,163,KILLED,com.google.gson.internal.LinkedTreeMap_ESTest.test56
LinkedTreeMap.java,com.google.gson.internal.LinkedTreeMap,org.pitest.mutationtest.engine.gregor.mutators.NegateConditionalsMutator,find,170,KILLED,com.google.gson.internal.LinkedTreeMap_ESTest.test45
LinkedTreeMap.java,com.google.gson.internal.LinkedTreeMap,org.pitest.mutationtest.engine.gregor.mutators.NonVoidMethodCallMutator,find,135,KILLED,com.google.gson.internal.LinkedTreeMap_ESTest.test19
LinkedTreeMap.java,com.google.gson.internal.LinkedTreeMap,org.pitest.mutationtest.engine.gregor.mutators.NonVoidMethodCallMutator,find,136,KILLED,com.google.gson.internal.LinkedTreeMap_ESTest.test66
LinkedTreeMap.java,com.google.gson.internal.LinkedTreeMap,org.pitest.mutationtest.engine.gregor.mutators.NonVoidMethodCallMutator,find,164,KILLED,com.google.gson.internal.LinkedTreeMap_ESTest.test56
LinkedTreeMap.java,com.google.gson.internal.LinkedTreeMap,org.pitest.mutationtest.engine.gregor.mutators.NonVoidMethodCallMutator,find,164,SURVIVED,none
LinkedTreeMap.java,com.google.gson.internal.LinkedTreeMap,org.pitest.mutationtest.engine.gregor.mutators.NonVoidMethodCallMutator,find,164,KILLED,com.google.gson.internal.LinkedTreeMap_ESTest.test56
LinkedTreeMap.java,com.google.gson.internal.LinkedTreeMap,org.pitest.mutationtest.engine.gregor.mutators.NonVoidMethodCallMutator,find,164,KILLED,com.google.gson.internal.LinkedTreeMap_ESTest.test56
LinkedTreeMap.java,com.google.gson.internal.LinkedTreeMap,org.pitest.mutationtest.engine.gregor.mutators.NonVoidMethodCallMutator,find,164,SURVIVED,none
LinkedTreeMap.java,com.google.gson.internal.LinkedTreeMap,org.pitest.mutationtest.engine.gregor.mutators.NullReturnValsMutator,find,140,KILLED,com.google.gson.internal.LinkedTreeMap_ESTest.test17
LinkedTreeMap.java,com.google.gson.internal.LinkedTreeMap,org.pitest.mutationtest.engine.gregor.mutators.NullReturnValsMutator,find,180,KILLED,com.google.gson.internal.LinkedTreeMap_ESTest.test44
LinkedTreeMap.java,com.google.gson.internal.LinkedTreeMap,org.pitest.mutationtest.engine.gregor.mutators.RemoveConditionalMutator_EQUAL_ELSE,find,126,KILLED,com.google.gson.internal.LinkedTreeMap_ESTest.test19
LinkedTreeMap.java,com.google.gson.internal.LinkedTreeMap,org.pitest.mutationtest.engine.gregor.mutators.RemoveConditionalMutator_EQUAL_ELSE,find,129,SURVIVED,none
LinkedTreeMap.java,com.google.gson.internal.LinkedTreeMap,org.pitest.mutationtest.engine.gregor.mutators.RemoveConditionalMutator_EQUAL_ELSE,find,134,SURVIVED,none
LinkedTreeMap.java,com.google.gson.internal.LinkedTreeMap,org.pitest.mutationtest.engine.gregor.mutators.RemoveConditionalMutator_EQUAL_ELSE,find,139,KILLED,com.google.gson.internal.LinkedTreeMap_ESTest.test17
LinkedTreeMap.java,com.google.gson.internal.LinkedTreeMap,org.pitest.mutationtest.engine.gregor.mutators.RemoveConditionalMutator_EQUAL_ELSE,find,145,KILLED,com.google.gson.internal.LinkedTreeMap_ESTest.test46
LinkedTreeMap.java,com.google.gson.internal.LinkedTreeMap,org.pitest.mutationtest.engine.gregor.mutators.RemoveConditionalMutator_EQUAL_ELSE,find,154,KILLED,com.google.gson.internal.LinkedTreeMap_ESTest.test24
LinkedTreeMap.java,com.google.gson.internal.LinkedTreeMap,org.pitest.mutationtest.engine.gregor.mutators.RemoveConditionalMutator_EQUAL_ELSE,find,161,KILLED,com.google.gson.internal.LinkedTreeMap_ESTest.test56
LinkedTreeMap.java,com.google.gson.internal.LinkedTreeMap,org.pitest.mutationtest.engine.gregor.mutators.RemoveConditionalMutator_EQUAL_ELSE,find,163,KILLED,com.google.gson.internal.LinkedTreeMap_ESTest.test56
LinkedTreeMap.java,com.google.gson.internal.LinkedTreeMap,org.pitest.mutationtest.engine.gregor.mutators.RemoveConditionalMutator_EQUAL_ELSE,find,163,KILLED,com.google.gson.internal.LinkedTreeMap_ESTest.test56
LinkedTreeMap.java,com.google.gson.internal.LinkedTreeMap,org.pitest.mutationtest.engine.gregor.mutators.RemoveConditionalMutator_EQUAL_IF,find,126,KILLED,com.google.gson.internal.LinkedTreeMap_ESTest.test24
LinkedTreeMap.java,com.google.gson.internal.LinkedTreeMap,org.pitest.mutationtest.engine.gregor.mutators.RemoveConditionalMutator_EQUAL_IF,find,129,SURVIVED,none
LinkedTreeMap.java,com.google.gson.internal.LinkedTreeMap,org.pitest.mutationtest.engine.gregor.mutators.RemoveConditionalMutator_EQUAL_IF,find,134,KILLED,com.google.gson.internal.LinkedTreeMap_ESTest.test66
LinkedTreeMap.java,com.google.gson.internal.LinkedTreeMap,org.pitest.mutationtest.engine.gregor.mutators.RemoveConditionalMutator_EQUAL_IF,find,139,KILLED,com.google.gson.internal.LinkedTreeMap_ESTest.test46
LinkedTreeMap.java,com.google.gson.internal.LinkedTreeMap,org.pitest.mutationtest.engine.gregor.mutators.RemoveConditionalMutator_EQUAL_IF,find,145,KILLED,com.google.gson.internal.LinkedTreeMap_ESTest.test45
LinkedTreeMap.java,com.google.gson.internal.LinkedTreeMap,org.pitest.mutationtest.engine.gregor.mutators.RemoveConditionalMutator_EQUAL_IF,find,154,KILLED,com.google.gson.internal.LinkedTreeMap_ESTest.test56
LinkedTreeMap.java,com.google.gson.internal.LinkedTreeMap,org.pitest.mutationtest.engine.gregor.mutators.RemoveConditionalMutator_EQUAL_IF,find,161,KILLED,com.google.gson.internal.LinkedTreeMap_ESTest.test51
LinkedTreeMap.java,com.google.gson.internal.LinkedTreeMap,org.pitest.mutationtest.engine.gregor.mutators.RemoveConditionalMutator_EQUAL_IF,find,163,KILLED,com.google.gson.internal.LinkedTreeMap_ESTest.test11
LinkedTreeMap.java,com.google.gson.internal.LinkedTreeMap,org.pitest.mutationtest.engine.gregor.mutators.RemoveConditionalMutator_EQUAL_IF,find,163,KILLED,com.google.gson.internal.LinkedTreeMap_ESTest.test44
LinkedTreeMap.java,com.google.gson.internal.LinkedTreeMap,org.pitest.mutationtest.engine.gregor.mutators.RemoveConditionalMutator_ORDER_ELSE,find,144,KILLED,com.google.gson.internal.LinkedTreeMap_ESTest.test45
LinkedTreeMap.java,com.google.gson.internal.LinkedTreeMap,org.pitest.mutationtest.engine.gregor.mutators.RemoveConditionalMutator_ORDER_ELSE,find,170,KILLED,com.google.gson.internal.LinkedTreeMap_ESTest.test45
LinkedTreeMap.java,com.google.gson.internal.LinkedTreeMap,org.pitest.mutationtest.engine.gregor.mutators.RemoveConditionalMutator_ORDER_IF,find,144,KILLED,com.google.gson.internal.LinkedTreeMap_ESTest.test47
LinkedTreeMap.java,com.google.gson.internal.LinkedTreeMap,org.pitest.mutationtest.engine.gregor.mutators.RemoveConditionalMutator_ORDER_IF,find,170,SURVIVED,none
LinkedTreeMap.java,com.google.gson.internal.LinkedTreeMap,org.pitest.mutationtest.engine.gregor.mutators.ReturnValsMutator,find,140,KILLED,com.google.gson.internal.LinkedTreeMap_ESTest.test17
LinkedTreeMap.java,com.google.gson.internal.LinkedTreeMap,org.pitest.mutationtest.engine.gregor.mutators.ReturnValsMutator,find,155,KILLED,com.google.gson.internal.LinkedTreeMap_ESTest.test24
LinkedTreeMap.java,com.google.gson.internal.LinkedTreeMap,org.pitest.mutationtest.engine.gregor.mutators.ReturnValsMutator,find,180,KILLED,com.google.gson.internal.LinkedTreeMap_ESTest.test44
LinkedTreeMap.java,com.google.gson.internal.LinkedTreeMap,org.pitest.mutationtest.engine.gregor.mutators.VoidMethodCallMutator,find,175,SURVIVED,none
LinkedTreeMap.java,com.google.gson.internal.LinkedTreeMap,org.pitest.mutationtest.engine.gregor.mutators.experimental.MemberVariableMutator,find,167,KILLED,com.google.gson.internal.LinkedTreeMap_ESTest.test66
LinkedTreeMap.java,com.google.gson.internal.LinkedTreeMap,org.pitest.mutationtest.engine.gregor.mutators.experimental.MemberVariableMutator,find,171,KILLED,com.google.gson.internal.LinkedTreeMap_ESTest.test45
LinkedTreeMap.java,com.google.gson.internal.LinkedTreeMap,org.pitest.mutationtest.engine.gregor.mutators.experimental.MemberVariableMutator,find,173,SURVIVED,none
LinkedTreeMap.java,com.google.gson.internal.LinkedTreeMap,org.pitest.mutationtest.engine.gregor.mutators.experimental.MemberVariableMutator,find,177,KILLED,com.google.gson.internal.LinkedTreeMap_ESTest.test44
LinkedTreeMap.java,com.google.gson.internal.LinkedTreeMap,org.pitest.mutationtest.engine.gregor.mutators.experimental.MemberVariableMutator,find,178,SURVIVED,none
LinkedTreeMap.java,com.google.gson.internal.LinkedTreeMap,org.pitest.mutationtest.engine.gregor.mutators.experimental.NakedReceiverMutator,find,164,SURVIVED,none
LinkedTreeMap.java,com.google.gson.internal.LinkedTreeMap,org.pitest.mutationtest.engine.gregor.mutators.experimental.NakedReceiverMutator,find,164,SURVIVED,none
LinkedTreeMap.java,com.google.gson.internal.LinkedTreeMap,org.pitest.mutationtest.engine.gregor.mutators.InlineConstantMutator,findByEntry,203,KILLED,com.google.gson.internal.LinkedTreeMap_ESTest.test28
LinkedTreeMap.java,com.google.gson.internal.LinkedTreeMap,org.pitest.mutationtest.engine.gregor.mutators.InlineConstantMutator,findByEntry,203,KILLED,com.google.gson.internal.LinkedTreeMap_ESTest.test55
LinkedTreeMap.java,com.google.gson.internal.LinkedTreeMap,org.pitest.mutationtest.engine.gregor.mutators.NegateConditionalsMutator,findByEntry,203,KILLED,com.google.gson.internal.LinkedTreeMap_ESTest.test31
LinkedTreeMap.java,com.google.gson.internal.LinkedTreeMap,org.pitest.mutationtest.engine.gregor.mutators.NegateConditionalsMutator,findByEntry,203,KILLED,com.google.gson.internal.LinkedTreeMap_ESTest.test55
LinkedTreeMap.java,com.google.gson.internal.LinkedTreeMap,org.pitest.mutationtest.engine.gregor.mutators.NegateConditionalsMutator,findByEntry,204,KILLED,com.google.gson.internal.LinkedTreeMap_ESTest.test55
LinkedTreeMap.java,com.google.gson.internal.LinkedTreeMap,org.pitest.mutationtest.engine.gregor.mutators.NonVoidMethodCallMutator,findByEntry,202,KILLED,com.google.gson.internal.LinkedTreeMap_ESTest.test21
LinkedTreeMap.java,com.google.gson.internal.LinkedTreeMap,org.pitest.mutationtest.engine.gregor.mutators.NonVoidMethodCallMutator,findByEntry,202,KILLED,com.google.gson.internal.LinkedTreeMap_ESTest.test28
LinkedTreeMap.java,com.google.gson.internal.LinkedTreeMap,org.pitest.mutationtest.engine.gregor.mutators.NonVoidMethodCallMutator,findByEntry,203,KILLED,com.google.gson.internal.LinkedTreeMap_ESTest.test28
LinkedTreeMap.java,com.google.gson.internal.LinkedTreeMap,org.pitest.mutationtest.engine.gregor.mutators.NonVoidMethodCallMutator,findByEntry,203,KILLED,com.google.gson.internal.LinkedTreeMap_ESTest.test28
LinkedTreeMap.java,com.google.gson.internal.LinkedTreeMap,org.pitest.mutationtest.engine.gregor.mutators.RemoveConditionalMutator_EQUAL_ELSE,findByEntry,203,KILLED,com.google.gson.internal.LinkedTreeMap_ESTest.test28
LinkedTreeMap.java,com.google.gson.internal.LinkedTreeMap,org.pitest.mutationtest.engine.gregor.mutators.RemoveConditionalMutator_EQUAL_ELSE,findByEntry,203,KILLED,com.google.gson.internal.LinkedTreeMap_ESTest.test28
LinkedTreeMap.java,com.google.gson.internal.LinkedTreeMap,org.pitest.mutationtest.engine.gregor.mutators.RemoveConditionalMutator_EQUAL_ELSE,findByEntry,204,KILLED,com.google.gson.internal.LinkedTreeMap_ESTest.test28
LinkedTreeMap.java,com.google.gson.internal.LinkedTreeMap,org.pitest.mutationtest.engine.gregor.mutators.RemoveConditionalMutator_EQUAL_IF,findByEntry,203,KILLED,com.google.gson.internal.LinkedTreeMap_ESTest.test31
LinkedTreeMap.java,com.google.gson.internal.LinkedTreeMap,org.pitest.mutationtest.engine.gregor.mutators.RemoveConditionalMutator_EQUAL_IF,findByEntry,203,KILLED,com.google.gson.internal.LinkedTreeMap_ESTest.test55
LinkedTreeMap.java,com.google.gson.internal.LinkedTreeMap,org.pitest.mutationtest.engine.gregor.mutators.RemoveConditionalMutator_EQUAL_IF,findByEntry,204,KILLED,com.google.gson.internal.LinkedTreeMap_ESTest.test55
LinkedTreeMap.java,com.google.gson.internal.LinkedTreeMap,org.pitest.mutationtest.engine.gregor.mutators.ReturnValsMutator,findByEntry,204,KILLED,com.google.gson.internal.LinkedTreeMap_ESTest.test31
LinkedTreeMap.java,com.google.gson.internal.LinkedTreeMap,org.pitest.mutationtest.engine.gregor.mutators.InlineConstantMutator,findByObject,186,KILLED,com.google.gson.internal.LinkedTreeMap_ESTest.test24
LinkedTreeMap.java,com.google.gson.internal.LinkedTreeMap,org.pitest.mutationtest.engine.gregor.mutators.NegateConditionalsMutator,findByObject,186,KILLED,com.google.gson.internal.LinkedTreeMap_ESTest.test19
LinkedTreeMap.java,com.google.gson.internal.LinkedTreeMap,org.pitest.mutationtest.engine.gregor.mutators.NonVoidMethodCallMutator,findByObject,186,KILLED,com.google.gson.internal.LinkedTreeMap_ESTest.test19
LinkedTreeMap.java,com.google.gson.internal.LinkedTreeMap,org.pitest.mutationtest.engine.gregor.mutators.RemoveConditionalMutator_EQUAL_ELSE,findByObject,186,KILLED,com.google.gson.internal.LinkedTreeMap_ESTest.test19
LinkedTreeMap.java,com.google.gson.internal.LinkedTreeMap,org.pitest.mutationtest.engine.gregor.mutators.RemoveConditionalMutator_EQUAL_IF,findByObject,186,SURVIVED,none
LinkedTreeMap.java,com.google.gson.internal.LinkedTreeMap,org.pitest.mutationtest.engine.gregor.mutators.ReturnValsMutator,findByObject,186,KILLED,com.google.gson.internal.LinkedTreeMap_ESTest.test24
LinkedTreeMap.java,com.google.gson.internal.LinkedTreeMap,org.pitest.mutationtest.engine.gregor.mutators.ReturnValsMutator,findByObject,188,KILLED,com.google.gson.internal.LinkedTreeMap_ESTest.test03
LinkedTreeMap.java,com.google.gson.internal.LinkedTreeMap,org.pitest.mutationtest.engine.gregor.mutators.NegateConditionalsMutator,get,83,KILLED,com.google.gson.internal.LinkedTreeMap_ESTest.test10
LinkedTreeMap.java,com.google.gson.internal.LinkedTreeMap,org.pitest.mutationtest.engine.gregor.mutators.NonVoidMethodCallMutator,get,82,SURVIVED,none
LinkedTreeMap.java,com.google.gson.internal.LinkedTreeMap,org.pitest.mutationtest.engine.gregor.mutators.RemoveConditionalMutator_EQUAL_ELSE,get,83,SURVIVED,none
LinkedTreeMap.java,com.google.gson.internal.LinkedTreeMap,org.pitest.mutationtest.engine.gregor.mutators.RemoveConditionalMutator_EQUAL_IF,get,83,KILLED,com.google.gson.internal.LinkedTreeMap_ESTest.test10
LinkedTreeMap.java,com.google.gson.internal.LinkedTreeMap,org.pitest.mutationtest.engine.gregor.mutators.ReturnValsMutator,get,83,KILLED,com.google.gson.internal.LinkedTreeMap_ESTest.test10
LinkedTreeMap.java,com.google.gson.internal.LinkedTreeMap,org.pitest.mutationtest.engine.gregor.mutators.ConstructorCallMutator,keySet,436,KILLED,com.google.gson.internal.LinkedTreeMap_ESTest.test43
LinkedTreeMap.java,com.google.gson.internal.LinkedTreeMap,org.pitest.mutationtest.engine.gregor.mutators.EmptyObjectReturnValsMutator,keySet,436,KILLED,com.google.gson.internal.LinkedTreeMap_ESTest.test09
LinkedTreeMap.java,com.google.gson.internal.LinkedTreeMap,org.pitest.mutationtest.engine.gregor.mutators.NegateConditionalsMutator,keySet,436,KILLED,com.google.gson.internal.LinkedTreeMap_ESTest.test43
LinkedTreeMap.java,com.google.gson.internal.LinkedTreeMap,org.pitest.mutationtest.engine.gregor.mutators.RemoveConditionalMutator_EQUAL_ELSE,keySet,436,SURVIVED,none
LinkedTreeMap.java,com.google.gson.internal.LinkedTreeMap,org.pitest.mutationtest.engine.gregor.mutators.RemoveConditionalMutator_EQUAL_IF,keySet,436,KILLED,com.google.gson.internal.LinkedTreeMap_ESTest.test43
LinkedTreeMap.java,com.google.gson.internal.LinkedTreeMap,org.pitest.mutationtest.engine.gregor.mutators.ReturnValsMutator,keySet,436,KILLED,com.google.gson.internal.LinkedTreeMap_ESTest.test43
LinkedTreeMap.java,com.google.gson.internal.LinkedTreeMap,org.pitest.mutationtest.engine.gregor.mutators.experimental.MemberVariableMutator,keySet,436,SURVIVED,none
LinkedTreeMap.java,com.google.gson.internal.LinkedTreeMap,org.pitest.mutationtest.engine.gregor.mutators.ConstructorCallMutator,put,92,SURVIVED,none
LinkedTreeMap.java,com.google.gson.internal.LinkedTreeMap,org.pitest.mutationtest.engine.gregor.mutators.InlineConstantMutator,put,94,KILLED,com.google.gson.internal.LinkedTreeMap_ESTest.test56
LinkedTreeMap.java,com.google.gson.internal.LinkedTreeMap,org.pitest.mutationtest.engine.gregor.mutators.NegateConditionalsMutator,put,91,KILLED,com.google.gson.internal.LinkedTreeMap_ESTest.test56
LinkedTreeMap.java,com.google.gson.internal.LinkedTreeMap,org.pitest.mutationtest.engine.gregor.mutators.NonVoidMethodCallMutator,put,94,KILLED,com.google.gson.internal.LinkedTreeMap_ESTest.test56
LinkedTreeMap.java,com.google.gson.internal.LinkedTreeMap,org.pitest.mutationtest.engine.gregor.mutators.NullReturnValsMutator,put,97,SURVIVED,none
LinkedTreeMap.java,com.google.gson.internal.LinkedTreeMap,org.pitest.mutationtest.engine.gregor.mutators.RemoveConditionalMutator_EQUAL_ELSE,put,91,SURVIVED,none
LinkedTreeMap.java,com.google.gson.internal.LinkedTreeMap,org.pitest.mutationtest.engine.gregor.mutators.RemoveConditionalMutator_EQUAL_IF,put,91,KILLED,com.google.gson.internal.LinkedTreeMap_ESTest.test56
LinkedTreeMap.java,com.google.gson.internal.LinkedTreeMap,org.pitest.mutationtest.engine.gregor.mutators.ReturnValsMutator,put,97,KILLED,com.google.gson.internal.LinkedTreeMap_ESTest.test44
LinkedTreeMap.java,com.google.gson.internal.LinkedTreeMap,org.pitest.mutationtest.engine.gregor.mutators.experimental.MemberVariableMutator,put,96,KILLED,com.google.gson.internal.LinkedTreeMap_ESTest.test28
LinkedTreeMap.java,com.google.gson.internal.LinkedTreeMap,org.pitest.mutationtest.engine.gregor.mutators.ArgumentPropagationMutator,rebalance,362,SURVIVED,none
LinkedTreeMap.java,com.google.gson.internal.LinkedTreeMap,org.pitest.mutationtest.engine.gregor.mutators.InlineConstantMutator,rebalance,314,SURVIVED,none
LinkedTreeMap.java,com.google.gson.internal.LinkedTreeMap,org.pitest.mutationtest.engine.gregor.mutators.InlineConstantMutator,rebalance,315,SURVIVED,none
LinkedTreeMap.java,com.google.gson.internal.LinkedTreeMap,org.pitest.mutationtest.engine.gregor.mutators.InlineConstantMutator,rebalance,318,KILLED,com.google.gson.internal.LinkedTreeMap_ESTest.test48
LinkedTreeMap.java,com.google.gson.internal.LinkedTreeMap,org.pitest.mutationtest.engine.gregor.mutators.InlineConstantMutator,rebalance,321,SURVIVED,none
LinkedTreeMap.java,com.google.gson.internal.LinkedTreeMap,org.pitest.mutationtest.engine.gregor.mutators.InlineConstantMutator,rebalance,322,KILLED,com.google.gson.internal.LinkedTreeMap_ESTest.test48
LinkedTreeMap.java,com.google.gson.internal.LinkedTreeMap,org.pitest.mutationtest.engine.gregor.mutators.InlineConstantMutator,rebalance,325,KILLED,com.google.gson.internal.LinkedTreeMap_ESTest.test48
LinkedTreeMap.java,com.google.gson.internal.LinkedTreeMap,org.pitest.mutationtest.engine.gregor.mutators.InlineConstantMutator,rebalance,336,SURVIVED,none
LinkedTreeMap.java,com.google.gson.internal.LinkedTreeMap,org.pitest.mutationtest.engine.gregor.mutators.InlineConstantMutator,rebalance,339,KILLED,com.google.gson.internal.LinkedTreeMap_ESTest.test47
LinkedTreeMap.java,com.google.gson.internal.LinkedTreeMap,org.pitest.mutationtest.engine.gregor.mutators.InlineConstantMutator,rebalance,340,SURVIVED,none
LinkedTreeMap.java,com.google.gson.internal.LinkedTreeMap,org.pitest.mutationtest.engine.gregor.mutators.InlineConstantMutator,rebalance,343,KILLED,com.google.gson.internal.LinkedTreeMap_ESTest.test47
LinkedTreeMap.java,com.google.gson.internal.LinkedTreeMap,org.pitest.mutationtest.engine.gregor.mutators.InlineConstantMutator,rebalance,355,SURVIVED,none
LinkedTreeMap.java,com.google.gson.internal.LinkedTreeMap,org.pitest.mutationtest.engine.gregor.mutators.InlineConstantMutator,rebalance,362,SURVIVED,none
LinkedTreeMap.java,com.google.gson.internal.LinkedTreeMap,org.pitest.mutationtest.engine.gregor.mutators.MathMutator,rebalance,317,KILLED,com.google.gson.internal.LinkedTreeMap_ESTest.test46
LinkedTreeMap.java,com.google.gson.internal.LinkedTreeMap,org.pitest.mutationtest.engine.gregor.mutators.MathMutator,rebalance,324,KILLED,com.google.gson.internal.LinkedTreeMap_ESTest.test48
LinkedTreeMap.java,com.google.gson.internal.LinkedTreeMap,org.pitest.mutationtest.engine.gregor.mutators.MathMutator,rebalance,342,SURVIVED,none
LinkedTreeMap.java,com.google.gson.internal.LinkedTreeMap,org.pitest.mutationtest.engine.gregor.mutators.MathMutator,rebalance,355,SURVIVED,none
LinkedTreeMap.java,com.google.gson.internal.LinkedTreeMap,org.pitest.mutationtest.engine.gregor.mutators.MathMutator,rebalance,362,SURVIVED,none
LinkedTreeMap.java,com.google.gson.internal.LinkedTreeMap,org.pitest.mutationtest.engine.gregor.mutators.NegateConditionalsMutator,rebalance,311,KILLED,com.google.gson.internal.LinkedTreeMap_ESTest.test52
LinkedTreeMap.java,com.google.gson.internal.LinkedTreeMap,org.pitest.mutationtest.engine.gregor.mutators.NegateConditionalsMutator,rebalance,314,KILLED,com.google.gson.internal.LinkedTreeMap_ESTest.test49
LinkedTreeMap.java,com.google.gson.internal.LinkedTreeMap,org.pitest.mutationtest.engine.gregor.mutators.NegateConditionalsMutator,rebalance,315,KILLED,com.google.gson.internal.LinkedTreeMap_ESTest.test49
LinkedTreeMap.java,com.google.gson.internal.LinkedTreeMap,org.pitest.mutationtest.engine.gregor.mutators.NegateConditionalsMutator,rebalance,318,KILLED,com.google.gson.internal.LinkedTreeMap_ESTest.test49
LinkedTreeMap.java,com.google.gson.internal.LinkedTreeMap,org.pitest.mutationtest.engine.gregor.mutators.NegateConditionalsMutator,rebalance,321,KILLED,com.google.gson.internal.LinkedTreeMap_ESTest.test48
LinkedTreeMap.java,com.google.gson.internal.LinkedTreeMap,org.pitest.mutationtest.engine.gregor.mutators.NegateConditionalsMutator,rebalance,322,KILLED,com.google.gson.internal.LinkedTreeMap_ESTest.test48
LinkedTreeMap.java,com.google.gson.internal.LinkedTreeMap,org.pitest.mutationtest.engine.gregor.mutators.NegateConditionalsMutator,rebalance,325,KILLED,com.google.gson.internal.LinkedTreeMap_ESTest.test48
LinkedTreeMap.java,com.google.gson.internal.LinkedTreeMap,org.pitest.mutationtest.engine.gregor.mutators.NegateConditionalsMutator,rebalance,325,SURVIVED,none
LinkedTreeMap.java,com.google.gson.internal.LinkedTreeMap,org.pitest.mutationtest.engine.gregor.mutators.NegateConditionalsMutator,rebalance,325,SURVIVED,none
LinkedTreeMap.java,com.google.gson.internal.LinkedTreeMap,org.pitest.mutationtest.engine.gregor.mutators.NegateConditionalsMutator,rebalance,332,SURVIVED,none
LinkedTreeMap.java,com.google.gson.internal.LinkedTreeMap,org.pitest.mutationtest.engine.gregor.mutators.NegateConditionalsMutator,rebalance,336,KILLED,com.google.gson.internal.LinkedTreeMap_ESTest.test49
LinkedTreeMap.java,com.google.gson.internal.LinkedTreeMap,org.pitest.mutationtest.engine.gregor.mutators.NegateConditionalsMutator,rebalance,339,KILLED,com.google.gson.internal.LinkedTreeMap_ESTest.test47
LinkedTreeMap.java,com.google.gson.internal.LinkedTreeMap,org.pitest.mutationtest.engine.gregor.mutators.NegateConditionalsMutator,rebalance,340,KILLED,com.google.gson.internal.LinkedTreeMap_ESTest.test50
LinkedTreeMap.java,com.google.gson.internal.LinkedTreeMap,org.pitest.mutationtest.engine.gregor.mutators.NegateConditionalsMutator,rebalance,343,KILLED,com.google.gson.internal.LinkedTreeMap_ESTest.test47
LinkedTreeMap.java,com.google.gson.internal.LinkedTreeMap,org.pitest.mutationtest.engine.gregor.mutators.NegateConditionalsMutator,rebalance,343,SURVIVED,none
LinkedTreeMap.java,com.google.gson.internal.LinkedTreeMap,org.pitest.mutationtest.engine.gregor.mutators.NegateConditionalsMutator,rebalance,343,SURVIVED,none
LinkedTreeMap.java,com.google.gson.internal.LinkedTreeMap,org.pitest.mutationtest.engine.gregor.mutators.NegateConditionalsMutator,rebalance,350,SURVIVED,none
LinkedTreeMap.java,com.google.gson.internal.LinkedTreeMap,org.pitest.mutationtest.engine.gregor.mutators.NegateConditionalsMutator,rebalance,354,SURVIVED,none
LinkedTreeMap.java,com.google.gson.internal.LinkedTreeMap,org.pitest.mutationtest.engine.gregor.mutators.NegateConditionalsMutator,rebalance,356,SURVIVED,none
LinkedTreeMap.java,com.google.gson.internal.LinkedTreeMap,org.pitest.mutationtest.engine.gregor.mutators.NegateConditionalsMutator,rebalance,363,SURVIVED,none
LinkedTreeMap.java,com.google.gson.internal.LinkedTreeMap,org.pitest.mutationtest.engine.gregor.mutators.NonVoidMethodCallMutator,rebalance,362,SURVIVED,none
LinkedTreeMap.java,com.google.gson.internal.LinkedTreeMap,org.pitest.mutationtest.engine.gregor.mutators.RemoveConditionalMutator_EQUAL_ELSE,rebalance,311,SURVIVED,none
LinkedTreeMap.java,com.google.gson.internal.LinkedTreeMap,org.pitest.mutationtest.engine.gregor.mutators.RemoveConditionalMutator_EQUAL_ELSE,rebalance,314,SURVIVED,none
LinkedTreeMap.java,com.google.gson.internal.LinkedTreeMap,org.pitest.mutationtest.engine.gregor.mutators.RemoveConditionalMutator_EQUAL_ELSE,rebalance,315,SURVIVED,none
LinkedTreeMap.java,com.google.gson.internal.LinkedTreeMap,org.pitest.mutationtest.engine.gregor.mutators.RemoveConditionalMutator_EQUAL_ELSE,rebalance,318,SURVIVED,none
LinkedTreeMap.java,com.google.gson.internal.LinkedTreeMap,org.pitest.mutationtest.engine.gregor.mutators.RemoveConditionalMutator_EQUAL_ELSE,rebalance,321,KILLED,com.google.gson.internal.LinkedTreeMap_ESTest.test48
LinkedTreeMap.java,com.google.gson.internal.LinkedTreeMap,org.pitest.mutationtest.engine.gregor.mutators.RemoveConditionalMutator_EQUAL_ELSE,rebalance,322,SURVIVED,none
LinkedTreeMap.java,com.google.gson.internal.LinkedTreeMap,org.pitest.mutationtest.engine.gregor.mutators.RemoveConditionalMutator_EQUAL_ELSE,rebalance,325,SURVIVED,none
LinkedTreeMap.java,com.google.gson.internal.LinkedTreeMap,org.pitest.mutationtest.engine.gregor.mutators.RemoveConditionalMutator_EQUAL_ELSE,rebalance,325,SURVIVED,none
LinkedTreeMap.java,com.google.gson.internal.LinkedTreeMap,org.pitest.mutationtest.engine.gregor.mutators.RemoveConditionalMutator_EQUAL_ELSE,rebalance,325,SURVIVED,none
LinkedTreeMap.java,com.google.gson.internal.LinkedTreeMap,org.pitest.mutationtest.engine.gregor.mutators.RemoveConditionalMutator_EQUAL_ELSE,rebalance,332,SURVIVED,none
LinkedTreeMap.java,com.google.gson.internal.LinkedTreeMap,org.pitest.mutationtest.engine.gregor.mutators.RemoveConditionalMutator_EQUAL_ELSE,rebalance,336,SURVIVED,none
LinkedTreeMap.java,com.google.gson.internal.LinkedTreeMap,org.pitest.mutationtest.engine.gregor.mutators.RemoveConditionalMutator_EQUAL_ELSE,rebalance,339,SURVIVED,none
LinkedTreeMap.java,com.google.gson.internal.LinkedTreeMap,org.pitest.mutationtest.engine.gregor.mutators.RemoveConditionalMutator_EQUAL_ELSE,rebalance,340,KILLED,com.google.gson.internal.LinkedTreeMap_ESTest.test47
LinkedTreeMap.java,com.google.gson.internal.LinkedTreeMap,org.pitest.mutationtest.engine.gregor.mutators.RemoveConditionalMutator_EQUAL_ELSE,rebalance,343,SURVIVED,none
LinkedTreeMap.java,com.google.gson.internal.LinkedTreeMap,org.pitest.mutationtest.engine.gregor.mutators.RemoveConditionalMutator_EQUAL_ELSE,rebalance,343,SURVIVED,none
LinkedTreeMap.java,com.google.gson.internal.LinkedTreeMap,org.pitest.mutationtest.engine.gregor.mutators.RemoveConditionalMutator_EQUAL_ELSE,rebalance,343,SURVIVED,none
LinkedTreeMap.java,com.google.gson.internal.LinkedTreeMap,org.pitest.mutationtest.engine.gregor.mutators.RemoveConditionalMutator_EQUAL_ELSE,rebalance,350,SURVIVED,none
LinkedTreeMap.java,com.google.gson.internal.LinkedTreeMap,org.pitest.mutationtest.engine.gregor.mutators.RemoveConditionalMutator_EQUAL_ELSE,rebalance,354,SURVIVED,none
LinkedTreeMap.java,com.google.gson.internal.LinkedTreeMap,org.pitest.mutationtest.engine.gregor.mutators.RemoveConditionalMutator_EQUAL_ELSE,rebalance,356,SURVIVED,none
LinkedTreeMap.java,com.google.gson.internal.LinkedTreeMap,org.pitest.mutationtest.engine.gregor.mutators.RemoveConditionalMutator_EQUAL_ELSE,rebalance,363,SURVIVED,none
LinkedTreeMap.java,com.google.gson.internal.LinkedTreeMap,org.pitest.mutationtest.engine.gregor.mutators.RemoveConditionalMutator_EQUAL_IF,rebalance,311,KILLED,com.google.gson.internal.LinkedTreeMap_ESTest.test52
LinkedTreeMap.java,com.google.gson.internal.LinkedTreeMap,org.pitest.mutationtest.engine.gregor.mutators.RemoveConditionalMutator_EQUAL_IF,rebalance,314,KILLED,com.google.gson.internal.LinkedTreeMap_ESTest.test49
LinkedTreeMap.java,com.google.gson.internal.LinkedTreeMap,org.pitest.mutationtest.engine.gregor.mutators.RemoveConditionalMutator_EQUAL_IF,rebalance,315,KILLED,com.google.gson.internal.LinkedTreeMap_ESTest.test49
LinkedTreeMap.java,com.google.gson.internal.LinkedTreeMap,org.pitest.mutationtest.engine.gregor.mutators.RemoveConditionalMutator_EQUAL_IF,rebalance,318,KILLED,com.google.gson.internal.LinkedTreeMap_ESTest.test49
LinkedTreeMap.java,com.google.gson.internal.LinkedTreeMap,org.pitest.mutationtest.engine.gregor.mutators.RemoveConditionalMutator_EQUAL_IF,rebalance,321,KILLED,com.google.gson.internal.LinkedTreeMap_ESTest.test57
LinkedTreeMap.java,com.google.gson.internal.LinkedTreeMap,org.pitest.mutationtest.engine.gregor.mutators.RemoveConditionalMutator_EQUAL_IF,rebalance,322,KILLED,com.google.gson.internal.LinkedTreeMap_ESTest.test48
LinkedTreeMap.java,com.google.gson.internal.LinkedTreeMap,org.pitest.mutationtest.engine.gregor.mutators.RemoveConditionalMutator_EQUAL_IF,rebalance,325,KILLED,com.google.gson.internal.LinkedTreeMap_ESTest.test48
LinkedTreeMap.java,com.google.gson.internal.LinkedTreeMap,org.pitest.mutationtest.engine.gregor.mutators.RemoveConditionalMutator_EQUAL_IF,rebalance,325,SURVIVED,none
LinkedTreeMap.java,com.google.gson.internal.LinkedTreeMap,org.pitest.mutationtest.engine.gregor.mutators.RemoveConditionalMutator_EQUAL_IF,rebalance,325,SURVIVED,none
LinkedTreeMap.java,com.google.gson.internal.LinkedTreeMap,org.pitest.mutationtest.engine.gregor.mutators.RemoveConditionalMutator_EQUAL_IF,rebalance,332,SURVIVED,none
LinkedTreeMap.java,com.google.gson.internal.LinkedTreeMap,org.pitest.mutationtest.engine.gregor.mutators.RemoveConditionalMutator_EQUAL_IF,rebalance,336,KILLED,com.google.gson.internal.LinkedTreeMap_ESTest.test49
LinkedTreeMap.java,com.google.gson.internal.LinkedTreeMap,org.pitest.mutationtest.engine.gregor.mutators.RemoveConditionalMutator_EQUAL_IF,rebalance,339,KILLED,com.google.gson.internal.LinkedTreeMap_ESTest.test47
LinkedTreeMap.java,com.google.gson.internal.LinkedTreeMap,org.pitest.mutationtest.engine.gregor.mutators.RemoveConditionalMutator_EQUAL_IF,rebalance,340,KILLED,com.google.gson.internal.LinkedTreeMap_ESTest.test50
LinkedTreeMap.java,com.google.gson.internal.LinkedTreeMap,org.pitest.mutationtest.engine.gregor.mutators.RemoveConditionalMutator_EQUAL_IF,rebalance,343,KILLED,com.google.gson.internal.LinkedTreeMap_ESTest.test47
LinkedTreeMap.java,com.google.gson.internal.LinkedTreeMap,org.pitest.mutationtest.engine.gregor.mutators.RemoveConditionalMutator_EQUAL_IF,rebalance,343,SURVIVED,none
LinkedTreeMap.java,com.google.gson.internal.LinkedTreeMap,org.pitest.mutationtest.engine.gregor.mutators.RemoveConditionalMutator_EQUAL_IF,rebalance,343,SURVIVED,none
LinkedTreeMap.java,com.google.gson.internal.LinkedTreeMap,org.pitest.mutationtest.engine.gregor.mutators.RemoveConditionalMutator_EQUAL_IF,rebalance,350,SURVIVED,none
LinkedTreeMap.java,com.google.gson.internal.LinkedTreeMap,org.pitest.mutationtest.engine.gregor.mutators.RemoveConditionalMutator_EQUAL_IF,rebalance,354,SURVIVED,none
LinkedTreeMap.java,com.google.gson.internal.LinkedTreeMap,org.pitest.mutationtest.engine.gregor.mutators.RemoveConditionalMutator_EQUAL_IF,rebalance,356,SURVIVED,none
LinkedTreeMap.java,com.google.gson.internal.LinkedTreeMap,org.pitest.mutationtest.engine.gregor.mutators.RemoveConditionalMutator_EQUAL_IF,rebalance,363,SURVIVED,none
LinkedTreeMap.java,com.google.gson.internal.LinkedTreeMap,org.pitest.mutationtest.engine.gregor.mutators.VoidMethodCallMutator,rebalance,326,SURVIVED,none
LinkedTreeMap.java,com.google.gson.internal.LinkedTreeMap,org.pitest.mutationtest.engine.gregor.mutators.VoidMethodCallMutator,rebalance,329,SURVIVED,none
LinkedTreeMap.java,com.google.gson.internal.LinkedTreeMap,org.pitest.mutationtest.engine.gregor.mutators.VoidMethodCallMutator,rebalance,330,SURVIVED,none
LinkedTreeMap.java,com.google.gson.internal.LinkedTreeMap,org.pitest.mutationtest.engine.gregor.mutators.VoidMethodCallMutator,rebalance,344,SURVIVED,none
LinkedTreeMap.java,com.google.gson.internal.LinkedTreeMap,org.pitest.mutationtest.engine.gregor.mutators.VoidMethodCallMutator,rebalance,347,SURVIVED,none
LinkedTreeMap.java,com.google.gson.internal.LinkedTreeMap,org.pitest.mutationtest.engine.gregor.mutators.VoidMethodCallMutator,rebalance,348,SURVIVED,none
LinkedTreeMap.java,com.google.gson.internal.LinkedTreeMap,org.pitest.mutationtest.engine.gregor.mutators.experimental.MemberVariableMutator,rebalance,355,SURVIVED,none
LinkedTreeMap.java,com.google.gson.internal.LinkedTreeMap,org.pitest.mutationtest.engine.gregor.mutators.experimental.MemberVariableMutator,rebalance,362,SURVIVED,none
LinkedTreeMap.java,com.google.gson.internal.LinkedTreeMap,org.pitest.mutationtest.engine.gregor.mutators.NegateConditionalsMutator,remove,112,KILLED,com.google.gson.internal.LinkedTreeMap_ESTest.test58
LinkedTreeMap.java,com.google.gson.internal.LinkedTreeMap,org.pitest.mutationtest.engine.gregor.mutators.NonVoidMethodCallMutator,remove,111,KILLED,com.google.gson.internal.LinkedTreeMap_ESTest.test19
LinkedTreeMap.java,com.google.gson.internal.LinkedTreeMap,org.pitest.mutationtest.engine.gregor.mutators.RemoveConditionalMutator_EQUAL_ELSE,remove,112,SURVIVED,none
LinkedTreeMap.java,com.google.gson.internal.LinkedTreeMap,org.pitest.mutationtest.engine.gregor.mutators.RemoveConditionalMutator_EQUAL_IF,remove,112,KILLED,com.google.gson.internal.LinkedTreeMap_ESTest.test58
LinkedTreeMap.java,com.google.gson.internal.LinkedTreeMap,org.pitest.mutationtest.engine.gregor.mutators.ReturnValsMutator,remove,112,KILLED,com.google.gson.internal.LinkedTreeMap_ESTest.test58
LinkedTreeMap.java,com.google.gson.internal.LinkedTreeMap,org.pitest.mutationtest.engine.gregor.mutators.ArgumentPropagationMutator,removeInternal,258,SURVIVED,none
LinkedTreeMap.java,com.google.gson.internal.LinkedTreeMap,org.pitest.mutationtest.engine.gregor.mutators.ConditionalsBoundaryMutator,removeInternal,237,SURVIVED,none
LinkedTreeMap.java,com.google.gson.internal.LinkedTreeMap,org.pitest.mutationtest.engine.gregor.mutators.InlineConstantMutator,removeInternal,238,SURVIVED,none
LinkedTreeMap.java,com.google.gson.internal.LinkedTreeMap,org.pitest.mutationtest.engine.gregor.mutators.InlineConstantMutator,removeInternal,240,SURVIVED,none
LinkedTreeMap.java,com.google.gson.internal.LinkedTreeMap,org.pitest.mutationtest.engine.gregor.mutators.InlineConstantMutator,removeInternal,249,SURVIVED,none
LinkedTreeMap.java,com.google.gson.internal.LinkedTreeMap,org.pitest.mutationtest.engine.gregor.mutators.InlineConstantMutator,removeInternal,258,SURVIVED,none
LinkedTreeMap.java,com.google.gson.internal.LinkedTreeMap,org.pitest.mutationtest.engine.gregor.mutators.InlineConstantMutator,removeInternal,271,SURVIVED,none
LinkedTreeMap.java,com.google.gson.internal.LinkedTreeMap,org.pitest.mutationtest.engine.gregor.mutators.InlineConstantMutator,removeInternal,272,KILLED,com.google.gson.internal.LinkedTreeMap_ESTest.test52
LinkedTreeMap.java,com.google.gson.internal.LinkedTreeMap,org.pitest.mutationtest.engine.gregor.mutators.InlineConstantMutator,removeInternal,273,SURVIVED,none
LinkedTreeMap.java,com.google.gson.internal.LinkedTreeMap,org.pitest.mutationtest.engine.gregor.mutators.MathMutator,removeInternal,258,SURVIVED,none
LinkedTreeMap.java,com.google.gson.internal.LinkedTreeMap,org.pitest.mutationtest.engine.gregor.mutators.MathMutator,removeInternal,272,KILLED,com.google.gson.internal.LinkedTreeMap_ESTest.test52
LinkedTreeMap.java,com.google.gson.internal.LinkedTreeMap,org.pitest.mutationtest.engine.gregor.mutators.MathMutator,removeInternal,273,SURVIVED,none
LinkedTreeMap.java,com.google.gson.internal.LinkedTreeMap,org.pitest.mutationtest.engine.gregor.mutators.NegateConditionalsMutator,removeInternal,218,SURVIVED,none
LinkedTreeMap.java,com.google.gson.internal.LinkedTreeMap,org.pitest.mutationtest.engine.gregor.mutators.NegateConditionalsMutator,removeInternal,226,KILLED,com.google.gson.internal.LinkedTreeMap_ESTest.test51
LinkedTreeMap.java,com.google.gson.internal.LinkedTreeMap,org.pitest.mutationtest.engine.gregor.mutators.NegateConditionalsMutator,removeInternal,226,KILLED,com.google.gson.internal.LinkedTreeMap_ESTest.test52
LinkedTreeMap.java,com.google.gson.internal.LinkedTreeMap,org.pitest.mutationtest.engine.gregor.mutators.NegateConditionalsMutator,removeInternal,237,SURVIVED,none
LinkedTreeMap.java,com.google.gson.internal.LinkedTreeMap,org.pitest.mutationtest.engine.gregor.mutators.NegateConditionalsMutator,removeInternal,242,SURVIVED,none
LinkedTreeMap.java,com.google.gson.internal.LinkedTreeMap,org.pitest.mutationtest.engine.gregor.mutators.NegateConditionalsMutator,removeInternal,251,SURVIVED,none
LinkedTreeMap.java,com.google.gson.internal.LinkedTreeMap,org.pitest.mutationtest.engine.gregor.mutators.NegateConditionalsMutator,removeInternal,261,SURVIVED,none
LinkedTreeMap.java,com.google.gson.internal.LinkedTreeMap,org.pitest.mutationtest.engine.gregor.mutators.NegateConditionalsMutator,removeInternal,264,SURVIVED,none
LinkedTreeMap.java,com.google.gson.internal.LinkedTreeMap,org.pitest.mutationtest.engine.gregor.mutators.NonVoidMethodCallMutator,removeInternal,237,SURVIVED,none
LinkedTreeMap.java,com.google.gson.internal.LinkedTreeMap,org.pitest.mutationtest.engine.gregor.mutators.NonVoidMethodCallMutator,removeInternal,237,KILLED,com.google.gson.internal.LinkedTreeMap_ESTest.test53
LinkedTreeMap.java,com.google.gson.internal.LinkedTreeMap,org.pitest.mutationtest.engine.gregor.mutators.NonVoidMethodCallMutator,removeInternal,258,SURVIVED,none
LinkedTreeMap.java,com.google.gson.internal.LinkedTreeMap,org.pitest.mutationtest.engine.gregor.mutators.RemoveConditionalMutator_EQUAL_ELSE,removeInternal,218,SURVIVED,none
LinkedTreeMap.java,com.google.gson.internal.LinkedTreeMap,org.pitest.mutationtest.engine.gregor.mutators.RemoveConditionalMutator_EQUAL_ELSE,removeInternal,226,SURVIVED,none
LinkedTreeMap.java,com.google.gson.internal.LinkedTreeMap,org.pitest.mutationtest.engine.gregor.mutators.RemoveConditionalMutator_EQUAL_ELSE,removeInternal,226,SURVIVED,none
LinkedTreeMap.java,com.google.gson.internal.LinkedTreeMap,org.pitest.mutationtest.engine.gregor.mutators.RemoveConditionalMutator_EQUAL_ELSE,removeInternal,242,SURVIVED,none
LinkedTreeMap.java,com.google.gson.internal.LinkedTreeMap,org.pitest.mutationtest.engine.gregor.mutators.RemoveConditionalMutator_EQUAL_ELSE,removeInternal,251,SURVIVED,none
LinkedTreeMap.java,com.google.gson.internal.LinkedTreeMap,org.pitest.mutationtest.engine.gregor.mutators.RemoveConditionalMutator_EQUAL_ELSE,removeInternal,261,SURVIVED,none
LinkedTreeMap.java,com.google.gson.internal.LinkedTreeMap,org.pitest.mutationtest.engine.gregor.mutators.RemoveConditionalMutator_EQUAL_ELSE,removeInternal,264,SURVIVED,none
LinkedTreeMap.java,com.google.gson.internal.LinkedTreeMap,org.pitest.mutationtest.engine.gregor.mutators.RemoveConditionalMutator_EQUAL_IF,removeInternal,218,SURVIVED,none
LinkedTreeMap.java,com.google.gson.internal.LinkedTreeMap,org.pitest.mutationtest.engine.gregor.mutators.RemoveConditionalMutator_EQUAL_IF,removeInternal,226,KILLED,com.google.gson.internal.LinkedTreeMap_ESTest.test51
LinkedTreeMap.java,com.google.gson.internal.LinkedTreeMap,org.pitest.mutationtest.engine.gregor.mutators.RemoveConditionalMutator_EQUAL_IF,removeInternal,226,KILLED,com.google.gson.internal.LinkedTreeMap_ESTest.test52
LinkedTreeMap.java,com.google.gson.internal.LinkedTreeMap,org.pitest.mutationtest.engine.gregor.mutators.RemoveConditionalMutator_EQUAL_IF,removeInternal,242,SURVIVED,none
LinkedTreeMap.java,com.google.gson.internal.LinkedTreeMap,org.pitest.mutationtest.engine.gregor.mutators.RemoveConditionalMutator_EQUAL_IF,removeInternal,251,SURVIVED,none
LinkedTreeMap.java,com.google.gson.internal.LinkedTreeMap,org.pitest.mutationtest.engine.gregor.mutators.RemoveConditionalMutator_EQUAL_IF,removeInternal,261,SURVIVED,none
LinkedTreeMap.java,com.google.gson.internal.LinkedTreeMap,org.pitest.mutationtest.engine.gregor.mutators.RemoveConditionalMutator_EQUAL_IF,removeInternal,264,SURVIVED,none
LinkedTreeMap.java,com.google.gson.internal.LinkedTreeMap,org.pitest.mutationtest.engine.gregor.mutators.RemoveConditionalMutator_ORDER_ELSE,removeInternal,237,SURVIVED,none
LinkedTreeMap.java,com.google.gson.internal.LinkedTreeMap,org.pitest.mutationtest.engine.gregor.mutators.RemoveConditionalMutator_ORDER_IF,removeInternal,237,SURVIVED,none
LinkedTreeMap.java,com.google.gson.internal.LinkedTreeMap,org.pitest.mutationtest.engine.gregor.mutators.VoidMethodCallMutator,removeInternal,238,KILLED,com.google.gson.internal.LinkedTreeMap_ESTest.test53
LinkedTreeMap.java,com.google.gson.internal.LinkedTreeMap,org.pitest.mutationtest.engine.gregor.mutators.VoidMethodCallMutator,removeInternal,259,SURVIVED,none
LinkedTreeMap.java,com.google.gson.internal.LinkedTreeMap,org.pitest.mutationtest.engine.gregor.mutators.VoidMethodCallMutator,removeInternal,262,SURVIVED,none
LinkedTreeMap.java,com.google.gson.internal.LinkedTreeMap,org.pitest.mutationtest.engine.gregor.mutators.VoidMethodCallMutator,removeInternal,265,SURVIVED,none
LinkedTreeMap.java,com.google.gson.internal.LinkedTreeMap,org.pitest.mutationtest.engine.gregor.mutators.VoidMethodCallMutator,removeInternal,268,SURVIVED,none
LinkedTreeMap.java,com.google.gson.internal.LinkedTreeMap,org.pitest.mutationtest.engine.gregor.mutators.VoidMethodCallMutator,removeInternal,271,SURVIVED,none
LinkedTreeMap.java,com.google.gson.internal.LinkedTreeMap,org.pitest.mutationtest.engine.gregor.mutators.experimental.MemberVariableMutator,removeInternal,219,SURVIVED,none
LinkedTreeMap.java,com.google.gson.internal.LinkedTreeMap,org.pitest.mutationtest.engine.gregor.mutators.experimental.MemberVariableMutator,removeInternal,220,SURVIVED,none
LinkedTreeMap.java,com.google.gson.internal.LinkedTreeMap,org.pitest.mutationtest.engine.gregor.mutators.experimental.MemberVariableMutator,removeInternal,244,SURVIVED,none
LinkedTreeMap.java,com.google.gson.internal.LinkedTreeMap,org.pitest.mutationtest.engine.gregor.mutators.experimental.MemberVariableMutator,removeInternal,245,SURVIVED,none
LinkedTreeMap.java,com.google.gson.internal.LinkedTreeMap,org.pitest.mutationtest.engine.gregor.mutators.experimental.MemberVariableMutator,removeInternal,246,SURVIVED,none
LinkedTreeMap.java,com.google.gson.internal.LinkedTreeMap,org.pitest.mutationtest.engine.gregor.mutators.experimental.MemberVariableMutator,removeInternal,253,SURVIVED,none
LinkedTreeMap.java,com.google.gson.internal.LinkedTreeMap,org.pitest.mutationtest.engine.gregor.mutators.experimental.MemberVariableMutator,removeInternal,254,SURVIVED,none
LinkedTreeMap.java,com.google.gson.internal.LinkedTreeMap,org.pitest.mutationtest.engine.gregor.mutators.experimental.MemberVariableMutator,removeInternal,255,SURVIVED,none
LinkedTreeMap.java,com.google.gson.internal.LinkedTreeMap,org.pitest.mutationtest.engine.gregor.mutators.experimental.MemberVariableMutator,removeInternal,258,SURVIVED,none
LinkedTreeMap.java,com.google.gson.internal.LinkedTreeMap,org.pitest.mutationtest.engine.gregor.mutators.experimental.MemberVariableMutator,removeInternal,263,SURVIVED,none
LinkedTreeMap.java,com.google.gson.internal.LinkedTreeMap,org.pitest.mutationtest.engine.gregor.mutators.experimental.MemberVariableMutator,removeInternal,266,SURVIVED,none
LinkedTreeMap.java,com.google.gson.internal.LinkedTreeMap,org.pitest.mutationtest.engine.gregor.mutators.experimental.MemberVariableMutator,removeInternal,272,KILLED,com.google.gson.internal.LinkedTreeMap_ESTest.test52
LinkedTreeMap.java,com.google.gson.internal.LinkedTreeMap,org.pitest.mutationtest.engine.gregor.mutators.experimental.MemberVariableMutator,removeInternal,273,SURVIVED,none
LinkedTreeMap.java,com.google.gson.internal.LinkedTreeMap,org.pitest.mutationtest.engine.gregor.mutators.experimental.NakedReceiverMutator,removeInternal,237,SURVIVED,none
LinkedTreeMap.java,com.google.gson.internal.LinkedTreeMap,org.pitest.mutationtest.engine.gregor.mutators.experimental.NakedReceiverMutator,removeInternal,237,SURVIVED,none
LinkedTreeMap.java,com.google.gson.internal.LinkedTreeMap,org.pitest.mutationtest.engine.gregor.mutators.InlineConstantMutator,removeInternalByKey,279,SURVIVED,none
LinkedTreeMap.java,com.google.gson.internal.LinkedTreeMap,org.pitest.mutationtest.engine.gregor.mutators.NegateConditionalsMutator,removeInternalByKey,278,KILLED,com.google.gson.internal.LinkedTreeMap_ESTest.test27
LinkedTreeMap.java,com.google.gson.internal.LinkedTreeMap,org.pitest.mutationtest.engine.gregor.mutators.NonVoidMethodCallMutator,removeInternalByKey,277,KILLED,com.google.gson.internal.LinkedTreeMap_ESTest.test19
LinkedTreeMap.java,com.google.gson.internal.LinkedTreeMap,org.pitest.mutationtest.engine.gregor.mutators.NullReturnValsMutator,removeInternalByKey,281,KILLED,com.google.gson.internal.LinkedTreeMap_ESTest.test26
LinkedTreeMap.java,com.google.gson.internal.LinkedTreeMap,org.pitest.mutationtest.engine.gregor.mutators.RemoveConditionalMutator_EQUAL_ELSE,removeInternalByKey,278,KILLED,com.google.gson.internal.LinkedTreeMap_ESTest.test26
LinkedTreeMap.java,com.google.gson.internal.LinkedTreeMap,org.pitest.mutationtest.engine.gregor.mutators.RemoveConditionalMutator_EQUAL_IF,removeInternalByKey,278,KILLED,com.google.gson.internal.LinkedTreeMap_ESTest.test27
LinkedTreeMap.java,com.google.gson.internal.LinkedTreeMap,org.pitest.mutationtest.engine.gregor.mutators.ReturnValsMutator,removeInternalByKey,281,KILLED,com.google.gson.internal.LinkedTreeMap_ESTest.test27
LinkedTreeMap.java,com.google.gson.internal.LinkedTreeMap,org.pitest.mutationtest.engine.gregor.mutators.VoidMethodCallMutator,removeInternalByKey,279,KILLED,com.google.gson.internal.LinkedTreeMap_ESTest.test26
LinkedTreeMap.java,com.google.gson.internal.LinkedTreeMap,org.pitest.mutationtest.engine.gregor.mutators.NegateConditionalsMutator,replaceInParent,287,KILLED,com.google.gson.internal.LinkedTreeMap_ESTest.test53
LinkedTreeMap.java,com.google.gson.internal.LinkedTreeMap,org.pitest.mutationtest.engine.gregor.mutators.NegateConditionalsMutator,replaceInParent,291,KILLED,com.google.gson.internal.LinkedTreeMap_ESTest.test52
LinkedTreeMap.java,com.google.gson.internal.LinkedTreeMap,org.pitest.mutationtest.engine.gregor.mutators.NegateConditionalsMutator,replaceInParent,292,SURVIVED,none
LinkedTreeMap.java,com.google.gson.internal.LinkedTreeMap,org.pitest.mutationtest.engine.gregor.mutators.RemoveConditionalMutator_EQUAL_ELSE,replaceInParent,287,SURVIVED,none
LinkedTreeMap.java,com.google.gson.internal.LinkedTreeMap,org.pitest.mutationtest.engine.gregor.mutators.RemoveConditionalMutator_EQUAL_ELSE,replaceInParent,291,SURVIVED,none
LinkedTreeMap.java,com.google.gson.internal.LinkedTreeMap,org.pitest.mutationtest.engine.gregor.mutators.RemoveConditionalMutator_EQUAL_ELSE,replaceInParent,292,SURVIVED,none
LinkedTreeMap.java,com.google.gson.internal.LinkedTreeMap,org.pitest.mutationtest.engine.gregor.mutators.RemoveConditionalMutator_EQUAL_IF,replaceInParent,287,KILLED,com.google.gson.internal.LinkedTreeMap_ESTest.test53
LinkedTreeMap.java,com.google.gson.internal.LinkedTreeMap,org.pitest.mutationtest.engine.gregor.mutators.RemoveConditionalMutator_EQUAL_IF,replaceInParent,291,KILLED,com.google.gson.internal.LinkedTreeMap_ESTest.test52
LinkedTreeMap.java,com.google.gson.internal.LinkedTreeMap,org.pitest.mutationtest.engine.gregor.mutators.RemoveConditionalMutator_EQUAL_IF,replaceInParent,292,SURVIVED,none
LinkedTreeMap.java,com.google.gson.internal.LinkedTreeMap,org.pitest.mutationtest.engine.gregor.mutators.experimental.MemberVariableMutator,replaceInParent,286,SURVIVED,none
LinkedTreeMap.java,com.google.gson.internal.LinkedTreeMap,org.pitest.mutationtest.engine.gregor.mutators.experimental.MemberVariableMutator,replaceInParent,288,SURVIVED,none
LinkedTreeMap.java,com.google.gson.internal.LinkedTreeMap,org.pitest.mutationtest.engine.gregor.mutators.experimental.MemberVariableMutator,replaceInParent,293,SURVIVED,none
LinkedTreeMap.java,com.google.gson.internal.LinkedTreeMap,org.pitest.mutationtest.engine.gregor.mutators.experimental.MemberVariableMutator,replaceInParent,296,SURVIVED,none
LinkedTreeMap.java,com.google.gson.internal.LinkedTreeMap,org.pitest.mutationtest.engine.gregor.mutators.experimental.MemberVariableMutator,replaceInParent,299,SURVIVED,none
LinkedTreeMap.java,com.google.gson.internal.LinkedTreeMap,org.pitest.mutationtest.engine.gregor.mutators.ArgumentPropagationMutator,rotateLeft,392,SURVIVED,none
LinkedTreeMap.java,com.google.gson.internal.LinkedTreeMap,org.pitest.mutationtest.engine.gregor.mutators.ArgumentPropagationMutator,rotateLeft,394,SURVIVED,none
LinkedTreeMap.java,com.google.gson.internal.LinkedTreeMap,org.pitest.mutationtest.engine.gregor.mutators.InlineConstantMutator,rotateLeft,392,SURVIVED,none
LinkedTreeMap.java,com.google.gson.internal.LinkedTreeMap,org.pitest.mutationtest.engine.gregor.mutators.InlineConstantMutator,rotateLeft,392,SURVIVED,none
LinkedTreeMap.java,com.google.gson.internal.LinkedTreeMap,org.pitest.mutationtest.engine.gregor.mutators.InlineConstantMutator,rotateLeft,392,SURVIVED,none
LinkedTreeMap.java,com.google.gson.internal.LinkedTreeMap,org.pitest.mutationtest.engine.gregor.mutators.InlineConstantMutator,rotateLeft,394,SURVIVED,none
LinkedTreeMap.java,com.google.gson.internal.LinkedTreeMap,org.pitest.mutationtest.engine.gregor.mutators.InlineConstantMutator,rotateLeft,394,SURVIVED,none
LinkedTreeMap.java,com.google.gson.internal.LinkedTreeMap,org.pitest.mutationtest.engine.gregor.mutators.MathMutator,rotateLeft,392,SURVIVED,none
LinkedTreeMap.java,com.google.gson.internal.LinkedTreeMap,org.pitest.mutationtest.engine.gregor.mutators.MathMutator,rotateLeft,394,SURVIVED,none
LinkedTreeMap.java,com.google.gson.internal.LinkedTreeMap,org.pitest.mutationtest.engine.gregor.mutators.NegateConditionalsMutator,rotateLeft,381,KILLED,com.google.gson.internal.LinkedTreeMap_ESTest.test48
LinkedTreeMap.java,com.google.gson.internal.LinkedTreeMap,org.pitest.mutationtest.engine.gregor.mutators.NegateConditionalsMutator,rotateLeft,392,KILLED,com.google.gson.internal.LinkedTreeMap_ESTest.test48
LinkedTreeMap.java,com.google.gson.internal.LinkedTreeMap,org.pitest.mutationtest.engine.gregor.mutators.NegateConditionalsMutator,rotateLeft,392,KILLED,com.google.gson.internal.LinkedTreeMap_ESTest.test48
LinkedTreeMap.java,com.google.gson.internal.LinkedTreeMap,org.pitest.mutationtest.engine.gregor.mutators.NegateConditionalsMutator,rotateLeft,394,KILLED,com.google.gson.internal.LinkedTreeMap_ESTest.test50
LinkedTreeMap.java,com.google.gson.internal.LinkedTreeMap,org.pitest.mutationtest.engine.gregor.mutators.NonVoidMethodCallMutator,rotateLeft,392,SURVIVED,none
LinkedTreeMap.java,com.google.gson.internal.LinkedTreeMap,org.pitest.mutationtest.engine.gregor.mutators.NonVoidMethodCallMutator,rotateLeft,394,SURVIVED,none
LinkedTreeMap.java,com.google.gson.internal.LinkedTreeMap,org.pitest.mutationtest.engine.gregor.mutators.RemoveConditionalMutator_EQUAL_ELSE,rotateLeft,381,SURVIVED,none
LinkedTreeMap.java,com.google.gson.internal.LinkedTreeMap,org.pitest.mutationtest.engine.gregor.mutators.RemoveConditionalMutator_EQUAL_ELSE,rotateLeft,392,SURVIVED,none
LinkedTreeMap.java,com.google.gson.internal.LinkedTreeMap,org.pitest.mutationtest.engine.gregor.mutators.RemoveConditionalMutator_EQUAL_ELSE,rotateLeft,392,SURVIVED,none
LinkedTreeMap.java,com.google.gson.internal.LinkedTreeMap,org.pitest.mutationtest.engine.gregor.mutators.RemoveConditionalMutator_EQUAL_ELSE,rotateLeft,394,SURVIVED,none
LinkedTreeMap.java,com.google.gson.internal.LinkedTreeMap,org.pitest.mutationtest.engine.gregor.mutators.RemoveConditionalMutator_EQUAL_IF,rotateLeft,381,KILLED,com.google.gson.internal.LinkedTreeMap_ESTest.test48
LinkedTreeMap.java,com.google.gson.internal.LinkedTreeMap,org.pitest.mutationtest.engine.gregor.mutators.RemoveConditionalMutator_EQUAL_IF,rotateLeft,392,KILLED,com.google.gson.internal.LinkedTreeMap_ESTest.test48
LinkedTreeMap.java,com.google.gson.internal.LinkedTreeMap,org.pitest.mutationtest.engine.gregor.mutators.RemoveConditionalMutator_EQUAL_IF,rotateLeft,392,KILLED,com.google.gson.internal.LinkedTreeMap_ESTest.test48
LinkedTreeMap.java,com.google.gson.internal.LinkedTreeMap,org.pitest.mutationtest.engine.gregor.mutators.RemoveConditionalMutator_EQUAL_IF,rotateLeft,394,KILLED,com.google.gson.internal.LinkedTreeMap_ESTest.test50
LinkedTreeMap.java,com.google.gson.internal.LinkedTreeMap,org.pitest.mutationtest.engine.gregor.mutators.VoidMethodCallMutator,rotateLeft,385,SURVIVED,none
LinkedTreeMap.java,com.google.gson.internal.LinkedTreeMap,org.pitest.mutationtest.engine.gregor.mutators.experimental.MemberVariableMutator,rotateLeft,380,SURVIVED,none
LinkedTreeMap.java,com.google.gson.internal.LinkedTreeMap,org.pitest.mutationtest.engine.gregor.mutators.experimental.MemberVariableMutator,rotateLeft,382,NO_COVERAGE,none
LinkedTreeMap.java,com.google.gson.internal.LinkedTreeMap,org.pitest.mutationtest.engine.gregor.mutators.experimental.MemberVariableMutator,rotateLeft,388,SURVIVED,none
LinkedTreeMap.java,com.google.gson.internal.LinkedTreeMap,org.pitest.mutationtest.engine.gregor.mutators.experimental.MemberVariableMutator,rotateLeft,389,SURVIVED,none
LinkedTreeMap.java,com.google.gson.internal.LinkedTreeMap,org.pitest.mutationtest.engine.gregor.mutators.experimental.MemberVariableMutator,rotateLeft,392,SURVIVED,none
LinkedTreeMap.java,com.google.gson.internal.LinkedTreeMap,org.pitest.mutationtest.engine.gregor.mutators.experimental.MemberVariableMutator,rotateLeft,394,SURVIVED,none
LinkedTreeMap.java,com.google.gson.internal.LinkedTreeMap,org.pitest.mutationtest.engine.gregor.mutators.ArgumentPropagationMutator,rotateRight,420,SURVIVED,none
LinkedTreeMap.java,com.google.gson.internal.LinkedTreeMap,org.pitest.mutationtest.engine.gregor.mutators.ArgumentPropagationMutator,rotateRight,422,SURVIVED,none
LinkedTreeMap.java,com.google.gson.internal.LinkedTreeMap,org.pitest.mutationtest.engine.gregor.mutators.InlineConstantMutator,rotateRight,420,SURVIVED,none
LinkedTreeMap.java,com.google.gson.internal.LinkedTreeMap,org.pitest.mutationtest.engine.gregor.mutators.InlineConstantMutator,rotateRight,420,SURVIVED,none
LinkedTreeMap.java,com.google.gson.internal.LinkedTreeMap,org.pitest.mutationtest.engine.gregor.mutators.InlineConstantMutator,rotateRight,420,SURVIVED,none
LinkedTreeMap.java,com.google.gson.internal.LinkedTreeMap,org.pitest.mutationtest.engine.gregor.mutators.InlineConstantMutator,rotateRight,422,SURVIVED,none
LinkedTreeMap.java,com.google.gson.internal.LinkedTreeMap,org.pitest.mutationtest.engine.gregor.mutators.InlineConstantMutator,rotateRight,422,SURVIVED,none
LinkedTreeMap.java,com.google.gson.internal.LinkedTreeMap,org.pitest.mutationtest.engine.gregor.mutators.MathMutator,rotateRight,420,SURVIVED,none
LinkedTreeMap.java,com.google.gson.internal.LinkedTreeMap,org.pitest.mutationtest.engine.gregor.mutators.MathMutator,rotateRight,422,SURVIVED,none
LinkedTreeMap.java,com.google.gson.internal.LinkedTreeMap,org.pitest.mutationtest.engine.gregor.mutators.NegateConditionalsMutator,rotateRight,409,KILLED,com.google.gson.internal.LinkedTreeMap_ESTest.test50
LinkedTreeMap.java,com.google.gson.internal.LinkedTreeMap,org.pitest.mutationtest.engine.gregor.mutators.NegateConditionalsMutator,rotateRight,420,KILLED,com.google.gson.internal.LinkedTreeMap_ESTest.test50
LinkedTreeMap.java,com.google.gson.internal.LinkedTreeMap,org.pitest.mutationtest.engine.gregor.mutators.NegateConditionalsMutator,rotateRight,420,KILLED,com.google.gson.internal.LinkedTreeMap_ESTest.test50
LinkedTreeMap.java,com.google.gson.internal.LinkedTreeMap,org.pitest.mutationtest.engine.gregor.mutators.NegateConditionalsMutator,rotateRight,422,KILLED,com.google.gson.internal.LinkedTreeMap_ESTest.test57
LinkedTreeMap.java,com.google.gson.internal.LinkedTreeMap,org.pitest.mutationtest.engine.gregor.mutators.NonVoidMethodCallMutator,rotateRight,420,SURVIVED,none
LinkedTreeMap.java,com.google.gson.internal.LinkedTreeMap,org.pitest.mutationtest.engine.gregor.mutators.NonVoidMethodCallMutator,rotateRight,422,SURVIVED,none
LinkedTreeMap.java,com.google.gson.internal.LinkedTreeMap,org.pitest.mutationtest.engine.gregor.mutators.RemoveConditionalMutator_EQUAL_ELSE,rotateRight,409,SURVIVED,none
LinkedTreeMap.java,com.google.gson.internal.LinkedTreeMap,org.pitest.mutationtest.engine.gregor.mutators.RemoveConditionalMutator_EQUAL_ELSE,rotateRight,420,SURVIVED,none
LinkedTreeMap.java,com.google.gson.internal.LinkedTreeMap,org.pitest.mutationtest.engine.gregor.mutators.RemoveConditionalMutator_EQUAL_ELSE,rotateRight,420,SURVIVED,none
LinkedTreeMap.java,com.google.gson.internal.LinkedTreeMap,org.pitest.mutationtest.engine.gregor.mutators.RemoveConditionalMutator_EQUAL_ELSE,rotateRight,422,SURVIVED,none
LinkedTreeMap.java,com.google.gson.internal.LinkedTreeMap,org.pitest.mutationtest.engine.gregor.mutators.RemoveConditionalMutator_EQUAL_IF,rotateRight,409,KILLED,com.google.gson.internal.LinkedTreeMap_ESTest.test50
LinkedTreeMap.java,com.google.gson.internal.LinkedTreeMap,org.pitest.mutationtest.engine.gregor.mutators.RemoveConditionalMutator_EQUAL_IF,rotateRight,420,KILLED,com.google.gson.internal.LinkedTreeMap_ESTest.test50
LinkedTreeMap.java,com.google.gson.internal.LinkedTreeMap,org.pitest.mutationtest.engine.gregor.mutators.RemoveConditionalMutator_EQUAL_IF,rotateRight,420,KILLED,com.google.gson.internal.LinkedTreeMap_ESTest.test50
LinkedTreeMap.java,com.google.gson.internal.LinkedTreeMap,org.pitest.mutationtest.engine.gregor.mutators.RemoveConditionalMutator_EQUAL_IF,rotateRight,422,KILLED,com.google.gson.internal.LinkedTreeMap_ESTest.test57
LinkedTreeMap.java,com.google.gson.internal.LinkedTreeMap,org.pitest.mutationtest.engine.gregor.mutators.VoidMethodCallMutator,rotateRight,413,SURVIVED,none
LinkedTreeMap.java,com.google.gson.internal.LinkedTreeMap,org.pitest.mutationtest.engine.gregor.mutators.experimental.MemberVariableMutator,rotateRight,408,SURVIVED,none
LinkedTreeMap.java,com.google.gson.internal.LinkedTreeMap,org.pitest.mutationtest.engine.gregor.mutators.experimental.MemberVariableMutator,rotateRight,410,NO_COVERAGE,none
LinkedTreeMap.java,com.google.gson.internal.LinkedTreeMap,org.pitest.mutationtest.engine.gregor.mutators.experimental.MemberVariableMutator,rotateRight,416,KILLED,com.google.gson.internal.LinkedTreeMap_ESTest.test47
LinkedTreeMap.java,com.google.gson.internal.LinkedTreeMap,org.pitest.mutationtest.engine.gregor.mutators.experimental.MemberVariableMutator,rotateRight,417,SURVIVED,none
LinkedTreeMap.java,com.google.gson.internal.LinkedTreeMap,org.pitest.mutationtest.engine.gregor.mutators.experimental.MemberVariableMutator,rotateRight,420,SURVIVED,none
LinkedTreeMap.java,com.google.gson.internal.LinkedTreeMap,org.pitest.mutationtest.engine.gregor.mutators.experimental.MemberVariableMutator,rotateRight,422,SURVIVED,none
LinkedTreeMap.java,com.google.gson.internal.LinkedTreeMap,org.pitest.mutationtest.engine.gregor.mutators.PrimitiveReturnsMutator,size,78,KILLED,com.google.gson.internal.LinkedTreeMap_ESTest.test05
LinkedTreeMap.java,com.google.gson.internal.LinkedTreeMap,org.pitest.mutationtest.engine.gregor.mutators.ReturnValsMutator,size,78,KILLED,com.google.gson.internal.LinkedTreeMap_ESTest.test39
LinkedTreeMap.java,com.google.gson.internal.LinkedTreeMap,org.pitest.mutationtest.engine.gregor.mutators.ConstructorCallMutator,writeReplace,628,NO_COVERAGE,none
LinkedTreeMap.java,com.google.gson.internal.LinkedTreeMap,org.pitest.mutationtest.engine.gregor.mutators.NullReturnValsMutator,writeReplace,628,NO_COVERAGE,none
LinkedTreeMap.java,com.google.gson.internal.LinkedTreeMap,org.pitest.mutationtest.engine.gregor.mutators.ReturnValsMutator,writeReplace,628,NO_COVERAGE,none
