LinkedHashTreeMap.java,com.google.gson.internal.LinkedHashTreeMap,org.pitest.mutationtest.engine.gregor.mutators.ConstructorCallMutator,<init>,76,KILLED,com.google.gson.internal.LinkedHashTreeMap_ESTest.test54
LinkedHashTreeMap.java,com.google.gson.internal.LinkedHashTreeMap,org.pitest.mutationtest.engine.gregor.mutators.InlineConstantMutator,<init>,51,KILLED,com.google.gson.internal.LinkedHashTreeMap_ESTest.test09
LinkedHashTreeMap.java,com.google.gson.internal.LinkedHashTreeMap,org.pitest.mutationtest.engine.gregor.mutators.InlineConstantMutator,<init>,52,SURVIVED,none
LinkedHashTreeMap.java,com.google.gson.internal.LinkedHashTreeMap,org.pitest.mutationtest.engine.gregor.mutators.InlineConstantMutator,<init>,77,SURVIVED,none
LinkedHashTreeMap.java,com.google.gson.internal.LinkedHashTreeMap,org.pitest.mutationtest.engine.gregor.mutators.InlineConstantMutator,<init>,78,SURVIVED,none
LinkedHashTreeMap.java,com.google.gson.internal.LinkedHashTreeMap,org.pitest.mutationtest.engine.gregor.mutators.InlineConstantMutator,<init>,78,SURVIVED,none
LinkedHashTreeMap.java,com.google.gson.internal.LinkedHashTreeMap,org.pitest.mutationtest.engine.gregor.mutators.MathMutator,<init>,78,SURVIVED,none
LinkedHashTreeMap.java,com.google.gson.internal.LinkedHashTreeMap,org.pitest.mutationtest.engine.gregor.mutators.MathMutator,<init>,78,SURVIVED,none
LinkedHashTreeMap.java,com.google.gson.internal.LinkedHashTreeMap,org.pitest.mutationtest.engine.gregor.mutators.MathMutator,<init>,78,SURVIVED,none
LinkedHashTreeMap.java,com.google.gson.internal.LinkedHashTreeMap,org.pitest.mutationtest.engine.gregor.mutators.NegateConditionalsMutator,<init>,73,SURVIVED,none
LinkedHashTreeMap.java,com.google.gson.internal.LinkedHashTreeMap,org.pitest.mutationtest.engine.gregor.mutators.RemoveConditionalMutator_EQUAL_ELSE,<init>,73,SURVIVED,none
LinkedHashTreeMap.java,com.google.gson.internal.LinkedHashTreeMap,org.pitest.mutationtest.engine.gregor.mutators.RemoveConditionalMutator_EQUAL_IF,<init>,73,SURVIVED,none
LinkedHashTreeMap.java,com.google.gson.internal.LinkedHashTreeMap,org.pitest.mutationtest.engine.gregor.mutators.experimental.MemberVariableMutator,<init>,51,SURVIVED,none
LinkedHashTreeMap.java,com.google.gson.internal.LinkedHashTreeMap,org.pitest.mutationtest.engine.gregor.mutators.experimental.MemberVariableMutator,<init>,52,SURVIVED,none
LinkedHashTreeMap.java,com.google.gson.internal.LinkedHashTreeMap,org.pitest.mutationtest.engine.gregor.mutators.experimental.MemberVariableMutator,<init>,73,KILLED,com.google.gson.internal.LinkedHashTreeMap_ESTest.test19
LinkedHashTreeMap.java,com.google.gson.internal.LinkedHashTreeMap,org.pitest.mutationtest.engine.gregor.mutators.experimental.MemberVariableMutator,<init>,76,KILLED,com.google.gson.internal.LinkedHashTreeMap_ESTest.test54
LinkedHashTreeMap.java,com.google.gson.internal.LinkedHashTreeMap,org.pitest.mutationtest.engine.gregor.mutators.experimental.MemberVariableMutator,<init>,77,KILLED,com.google.gson.internal.LinkedHashTreeMap_ESTest.test09
LinkedHashTreeMap.java,com.google.gson.internal.LinkedHashTreeMap,org.pitest.mutationtest.engine.gregor.mutators.experimental.MemberVariableMutator,<init>,78,SURVIVED,none
LinkedHashTreeMap.java,com.google.gson.internal.LinkedHashTreeMap,org.pitest.mutationtest.engine.gregor.mutators.InlineConstantMutator,clear,106,KILLED,com.google.gson.internal.LinkedHashTreeMap_ESTest.test22
LinkedHashTreeMap.java,com.google.gson.internal.LinkedHashTreeMap,org.pitest.mutationtest.engine.gregor.mutators.InlineConstantMutator,clear,107,SURVIVED,none
LinkedHashTreeMap.java,com.google.gson.internal.LinkedHashTreeMap,org.pitest.mutationtest.engine.gregor.mutators.MathMutator,clear,107,SURVIVED,none
LinkedHashTreeMap.java,com.google.gson.internal.LinkedHashTreeMap,org.pitest.mutationtest.engine.gregor.mutators.NegateConditionalsMutator,clear,111,SURVIVED,none
LinkedHashTreeMap.java,com.google.gson.internal.LinkedHashTreeMap,org.pitest.mutationtest.engine.gregor.mutators.RemoveConditionalMutator_EQUAL_ELSE,clear,111,SURVIVED,none
LinkedHashTreeMap.java,com.google.gson.internal.LinkedHashTreeMap,org.pitest.mutationtest.engine.gregor.mutators.RemoveConditionalMutator_EQUAL_IF,clear,111,KILLED,com.google.gson.internal.LinkedHashTreeMap_ESTest.test22
LinkedHashTreeMap.java,com.google.gson.internal.LinkedHashTreeMap,org.pitest.mutationtest.engine.gregor.mutators.VoidMethodCallMutator,clear,105,SURVIVED,none
LinkedHashTreeMap.java,com.google.gson.internal.LinkedHashTreeMap,org.pitest.mutationtest.engine.gregor.mutators.experimental.MemberVariableMutator,clear,106,KILLED,com.google.gson.internal.LinkedHashTreeMap_ESTest.test22
LinkedHashTreeMap.java,com.google.gson.internal.LinkedHashTreeMap,org.pitest.mutationtest.engine.gregor.mutators.experimental.MemberVariableMutator,clear,107,SURVIVED,none
LinkedHashTreeMap.java,com.google.gson.internal.LinkedHashTreeMap,org.pitest.mutationtest.engine.gregor.mutators.experimental.MemberVariableMutator,clear,113,SURVIVED,none
LinkedHashTreeMap.java,com.google.gson.internal.LinkedHashTreeMap,org.pitest.mutationtest.engine.gregor.mutators.experimental.MemberVariableMutator,clear,113,SURVIVED,none
LinkedHashTreeMap.java,com.google.gson.internal.LinkedHashTreeMap,org.pitest.mutationtest.engine.gregor.mutators.experimental.MemberVariableMutator,clear,117,SURVIVED,none
LinkedHashTreeMap.java,com.google.gson.internal.LinkedHashTreeMap,org.pitest.mutationtest.engine.gregor.mutators.experimental.MemberVariableMutator,clear,117,SURVIVED,none
LinkedHashTreeMap.java,com.google.gson.internal.LinkedHashTreeMap,org.pitest.mutationtest.engine.gregor.mutators.BooleanTrueReturnValsMutator,containsKey,91,KILLED,com.google.gson.internal.LinkedHashTreeMap_ESTest.test54
LinkedHashTreeMap.java,com.google.gson.internal.LinkedHashTreeMap,org.pitest.mutationtest.engine.gregor.mutators.InlineConstantMutator,containsKey,91,SURVIVED,none
LinkedHashTreeMap.java,com.google.gson.internal.LinkedHashTreeMap,org.pitest.mutationtest.engine.gregor.mutators.InlineConstantMutator,containsKey,91,KILLED,com.google.gson.internal.LinkedHashTreeMap_ESTest.test54
LinkedHashTreeMap.java,com.google.gson.internal.LinkedHashTreeMap,org.pitest.mutationtest.engine.gregor.mutators.NegateConditionalsMutator,containsKey,91,KILLED,com.google.gson.internal.LinkedHashTreeMap_ESTest.test54
LinkedHashTreeMap.java,com.google.gson.internal.LinkedHashTreeMap,org.pitest.mutationtest.engine.gregor.mutators.NonVoidMethodCallMutator,containsKey,91,SURVIVED,none
LinkedHashTreeMap.java,com.google.gson.internal.LinkedHashTreeMap,org.pitest.mutationtest.engine.gregor.mutators.RemoveConditionalMutator_EQUAL_ELSE,containsKey,91,SURVIVED,none
LinkedHashTreeMap.java,com.google.gson.internal.LinkedHashTreeMap,org.pitest.mutationtest.engine.gregor.mutators.RemoveConditionalMutator_EQUAL_IF,containsKey,91,KILLED,com.google.gson.internal.LinkedHashTreeMap_ESTest.test54
LinkedHashTreeMap.java,com.google.gson.internal.LinkedHashTreeMap,org.pitest.mutationtest.engine.gregor.mutators.ReturnValsMutator,containsKey,91,KILLED,com.google.gson.internal.LinkedHashTreeMap_ESTest.test54
LinkedHashTreeMap.java,com.google.gson.internal.LinkedHashTreeMap,org.pitest.mutationtest.engine.gregor.mutators.ArgumentPropagationMutator,doubleCapacity,558,NO_COVERAGE,none
LinkedHashTreeMap.java,com.google.gson.internal.LinkedHashTreeMap,org.pitest.mutationtest.engine.gregor.mutators.InlineConstantMutator,doubleCapacity,559,NO_COVERAGE,none
LinkedHashTreeMap.java,com.google.gson.internal.LinkedHashTreeMap,org.pitest.mutationtest.engine.gregor.mutators.InlineConstantMutator,doubleCapacity,559,NO_COVERAGE,none
LinkedHashTreeMap.java,com.google.gson.internal.LinkedHashTreeMap,org.pitest.mutationtest.engine.gregor.mutators.MathMutator,doubleCapacity,559,NO_COVERAGE,none
LinkedHashTreeMap.java,com.google.gson.internal.LinkedHashTreeMap,org.pitest.mutationtest.engine.gregor.mutators.MathMutator,doubleCapacity,559,NO_COVERAGE,none
LinkedHashTreeMap.java,com.google.gson.internal.LinkedHashTreeMap,org.pitest.mutationtest.engine.gregor.mutators.MathMutator,doubleCapacity,559,NO_COVERAGE,none
LinkedHashTreeMap.java,com.google.gson.internal.LinkedHashTreeMap,org.pitest.mutationtest.engine.gregor.mutators.NonVoidMethodCallMutator,doubleCapacity,558,NO_COVERAGE,none
LinkedHashTreeMap.java,com.google.gson.internal.LinkedHashTreeMap,org.pitest.mutationtest.engine.gregor.mutators.experimental.MemberVariableMutator,doubleCapacity,558,NO_COVERAGE,none
LinkedHashTreeMap.java,com.google.gson.internal.LinkedHashTreeMap,org.pitest.mutationtest.engine.gregor.mutators.experimental.MemberVariableMutator,doubleCapacity,559,NO_COVERAGE,none
LinkedHashTreeMap.java,com.google.gson.internal.LinkedHashTreeMap,org.pitest.mutationtest.engine.gregor.mutators.ConditionalsBoundaryMutator,doubleCapacity,576,KILLED,com.google.gson.internal.LinkedHashTreeMap_ESTest.test13
LinkedHashTreeMap.java,com.google.gson.internal.LinkedHashTreeMap,org.pitest.mutationtest.engine.gregor.mutators.ConditionalsBoundaryMutator,doubleCapacity,607,KILLED,com.google.gson.internal.LinkedHashTreeMap_ESTest.test29
LinkedHashTreeMap.java,com.google.gson.internal.LinkedHashTreeMap,org.pitest.mutationtest.engine.gregor.mutators.ConditionalsBoundaryMutator,doubleCapacity,608,KILLED,com.google.gson.internal.LinkedHashTreeMap_ESTest.test32
LinkedHashTreeMap.java,com.google.gson.internal.LinkedHashTreeMap,org.pitest.mutationtest.engine.gregor.mutators.ConstructorCallMutator,doubleCapacity,571,KILLED,com.google.gson.internal.LinkedHashTreeMap_ESTest.test29
LinkedHashTreeMap.java,com.google.gson.internal.LinkedHashTreeMap,org.pitest.mutationtest.engine.gregor.mutators.ConstructorCallMutator,doubleCapacity,572,KILLED,com.google.gson.internal.LinkedHashTreeMap_ESTest.test29
LinkedHashTreeMap.java,com.google.gson.internal.LinkedHashTreeMap,org.pitest.mutationtest.engine.gregor.mutators.ConstructorCallMutator,doubleCapacity,573,KILLED,com.google.gson.internal.LinkedHashTreeMap_ESTest.test29
LinkedHashTreeMap.java,com.google.gson.internal.LinkedHashTreeMap,org.pitest.mutationtest.engine.gregor.mutators.IncrementsMutator,doubleCapacity,588,SURVIVED,none
LinkedHashTreeMap.java,com.google.gson.internal.LinkedHashTreeMap,org.pitest.mutationtest.engine.gregor.mutators.IncrementsMutator,doubleCapacity,590,SURVIVED,none
LinkedHashTreeMap.java,com.google.gson.internal.LinkedHashTreeMap,org.pitest.mutationtest.engine.gregor.mutators.IncrementsMutator,doubleCapacity,576,KILLED,com.google.gson.internal.LinkedHashTreeMap_ESTest.test29
LinkedHashTreeMap.java,com.google.gson.internal.LinkedHashTreeMap,org.pitest.mutationtest.engine.gregor.mutators.InlineConstantMutator,doubleCapacity,570,KILLED,com.google.gson.internal.LinkedHashTreeMap_ESTest.test29
LinkedHashTreeMap.java,com.google.gson.internal.LinkedHashTreeMap,org.pitest.mutationtest.engine.gregor.mutators.InlineConstantMutator,doubleCapacity,576,SURVIVED,none
LinkedHashTreeMap.java,com.google.gson.internal.LinkedHashTreeMap,org.pitest.mutationtest.engine.gregor.mutators.InlineConstantMutator,doubleCapacity,584,KILLED,com.google.gson.internal.LinkedHashTreeMap_ESTest.test29
LinkedHashTreeMap.java,com.google.gson.internal.LinkedHashTreeMap,org.pitest.mutationtest.engine.gregor.mutators.InlineConstantMutator,doubleCapacity,585,KILLED,com.google.gson.internal.LinkedHashTreeMap_ESTest.test29
LinkedHashTreeMap.java,com.google.gson.internal.LinkedHashTreeMap,org.pitest.mutationtest.engine.gregor.mutators.MathMutator,doubleCapacity,570,KILLED,com.google.gson.internal.LinkedHashTreeMap_ESTest.test29
LinkedHashTreeMap.java,com.google.gson.internal.LinkedHashTreeMap,org.pitest.mutationtest.engine.gregor.mutators.MathMutator,doubleCapacity,587,KILLED,com.google.gson.internal.LinkedHashTreeMap_ESTest.test32
LinkedHashTreeMap.java,com.google.gson.internal.LinkedHashTreeMap,org.pitest.mutationtest.engine.gregor.mutators.MathMutator,doubleCapacity,599,KILLED,com.google.gson.internal.LinkedHashTreeMap_ESTest.test32
LinkedHashTreeMap.java,com.google.gson.internal.LinkedHashTreeMap,org.pitest.mutationtest.engine.gregor.mutators.MathMutator,doubleCapacity,608,KILLED,com.google.gson.internal.LinkedHashTreeMap_ESTest.test29
LinkedHashTreeMap.java,com.google.gson.internal.LinkedHashTreeMap,org.pitest.mutationtest.engine.gregor.mutators.NegateConditionalsMutator,doubleCapacity,576,KILLED,com.google.gson.internal.LinkedHashTreeMap_ESTest.test13
LinkedHashTreeMap.java,com.google.gson.internal.LinkedHashTreeMap,org.pitest.mutationtest.engine.gregor.mutators.NegateConditionalsMutator,doubleCapacity,578,SURVIVED,none
LinkedHashTreeMap.java,com.google.gson.internal.LinkedHashTreeMap,org.pitest.mutationtest.engine.gregor.mutators.NegateConditionalsMutator,doubleCapacity,586,SURVIVED,none
LinkedHashTreeMap.java,com.google.gson.internal.LinkedHashTreeMap,org.pitest.mutationtest.engine.gregor.mutators.NegateConditionalsMutator,doubleCapacity,587,KILLED,com.google.gson.internal.LinkedHashTreeMap_ESTest.test29
LinkedHashTreeMap.java,com.google.gson.internal.LinkedHashTreeMap,org.pitest.mutationtest.engine.gregor.mutators.NegateConditionalsMutator,doubleCapacity,598,KILLED,com.google.gson.internal.LinkedHashTreeMap_ESTest.test29
LinkedHashTreeMap.java,com.google.gson.internal.LinkedHashTreeMap,org.pitest.mutationtest.engine.gregor.mutators.NegateConditionalsMutator,doubleCapacity,599,KILLED,com.google.gson.internal.LinkedHashTreeMap_ESTest.test29
LinkedHashTreeMap.java,com.google.gson.internal.LinkedHashTreeMap,org.pitest.mutationtest.engine.gregor.mutators.NegateConditionalsMutator,doubleCapacity,607,KILLED,com.google.gson.internal.LinkedHashTreeMap_ESTest.test29
LinkedHashTreeMap.java,com.google.gson.internal.LinkedHashTreeMap,org.pitest.mutationtest.engine.gregor.mutators.NegateConditionalsMutator,doubleCapacity,608,KILLED,com.google.gson.internal.LinkedHashTreeMap_ESTest.test32
LinkedHashTreeMap.java,com.google.gson.internal.LinkedHashTreeMap,org.pitest.mutationtest.engine.gregor.mutators.NonVoidMethodCallMutator,doubleCapacity,586,SURVIVED,none
LinkedHashTreeMap.java,com.google.gson.internal.LinkedHashTreeMap,org.pitest.mutationtest.engine.gregor.mutators.NonVoidMethodCallMutator,doubleCapacity,598,KILLED,com.google.gson.internal.LinkedHashTreeMap_ESTest.test29
LinkedHashTreeMap.java,com.google.gson.internal.LinkedHashTreeMap,org.pitest.mutationtest.engine.gregor.mutators.NonVoidMethodCallMutator,doubleCapacity,607,SURVIVED,none
LinkedHashTreeMap.java,com.google.gson.internal.LinkedHashTreeMap,org.pitest.mutationtest.engine.gregor.mutators.NonVoidMethodCallMutator,doubleCapacity,608,SURVIVED,none
LinkedHashTreeMap.java,com.google.gson.internal.LinkedHashTreeMap,org.pitest.mutationtest.engine.gregor.mutators.NullReturnValsMutator,doubleCapacity,610,KILLED,com.google.gson.internal.LinkedHashTreeMap_ESTest.test13
LinkedHashTreeMap.java,com.google.gson.internal.LinkedHashTreeMap,org.pitest.mutationtest.engine.gregor.mutators.RemoveConditionalMutator_EQUAL_ELSE,doubleCapacity,578,SURVIVED,none
LinkedHashTreeMap.java,com.google.gson.internal.LinkedHashTreeMap,org.pitest.mutationtest.engine.gregor.mutators.RemoveConditionalMutator_EQUAL_ELSE,doubleCapacity,586,SURVIVED,none
LinkedHashTreeMap.java,com.google.gson.internal.LinkedHashTreeMap,org.pitest.mutationtest.engine.gregor.mutators.RemoveConditionalMutator_EQUAL_ELSE,doubleCapacity,587,KILLED,com.google.gson.internal.LinkedHashTreeMap_ESTest.test32
LinkedHashTreeMap.java,com.google.gson.internal.LinkedHashTreeMap,org.pitest.mutationtest.engine.gregor.mutators.RemoveConditionalMutator_EQUAL_ELSE,doubleCapacity,598,KILLED,com.google.gson.internal.LinkedHashTreeMap_ESTest.test29
LinkedHashTreeMap.java,com.google.gson.internal.LinkedHashTreeMap,org.pitest.mutationtest.engine.gregor.mutators.RemoveConditionalMutator_EQUAL_ELSE,doubleCapacity,599,KILLED,com.google.gson.internal.LinkedHashTreeMap_ESTest.test32
LinkedHashTreeMap.java,com.google.gson.internal.LinkedHashTreeMap,org.pitest.mutationtest.engine.gregor.mutators.RemoveConditionalMutator_EQUAL_IF,doubleCapacity,578,SURVIVED,none
LinkedHashTreeMap.java,com.google.gson.internal.LinkedHashTreeMap,org.pitest.mutationtest.engine.gregor.mutators.RemoveConditionalMutator_EQUAL_IF,doubleCapacity,586,KILLED,com.google.gson.internal.LinkedHashTreeMap_ESTest.test29
LinkedHashTreeMap.java,com.google.gson.internal.LinkedHashTreeMap,org.pitest.mutationtest.engine.gregor.mutators.RemoveConditionalMutator_EQUAL_IF,doubleCapacity,587,KILLED,com.google.gson.internal.LinkedHashTreeMap_ESTest.test29
LinkedHashTreeMap.java,com.google.gson.internal.LinkedHashTreeMap,org.pitest.mutationtest.engine.gregor.mutators.RemoveConditionalMutator_EQUAL_IF,doubleCapacity,598,KILLED,com.google.gson.internal.LinkedHashTreeMap_ESTest.test29
LinkedHashTreeMap.java,com.google.gson.internal.LinkedHashTreeMap,org.pitest.mutationtest.engine.gregor.mutators.RemoveConditionalMutator_EQUAL_IF,doubleCapacity,599,KILLED,com.google.gson.internal.LinkedHashTreeMap_ESTest.test29
LinkedHashTreeMap.java,com.google.gson.internal.LinkedHashTreeMap,org.pitest.mutationtest.engine.gregor.mutators.RemoveConditionalMutator_ORDER_ELSE,doubleCapacity,576,SURVIVED,none
LinkedHashTreeMap.java,com.google.gson.internal.LinkedHashTreeMap,org.pitest.mutationtest.engine.gregor.mutators.RemoveConditionalMutator_ORDER_ELSE,doubleCapacity,607,SURVIVED,none
LinkedHashTreeMap.java,com.google.gson.internal.LinkedHashTreeMap,org.pitest.mutationtest.engine.gregor.mutators.RemoveConditionalMutator_ORDER_ELSE,doubleCapacity,608,SURVIVED,none
LinkedHashTreeMap.java,com.google.gson.internal.LinkedHashTreeMap,org.pitest.mutationtest.engine.gregor.mutators.RemoveConditionalMutator_ORDER_IF,doubleCapacity,576,KILLED,com.google.gson.internal.LinkedHashTreeMap_ESTest.test13
LinkedHashTreeMap.java,com.google.gson.internal.LinkedHashTreeMap,org.pitest.mutationtest.engine.gregor.mutators.RemoveConditionalMutator_ORDER_IF,doubleCapacity,607,KILLED,com.google.gson.internal.LinkedHashTreeMap_ESTest.test29
LinkedHashTreeMap.java,com.google.gson.internal.LinkedHashTreeMap,org.pitest.mutationtest.engine.gregor.mutators.RemoveConditionalMutator_ORDER_IF,doubleCapacity,608,KILLED,com.google.gson.internal.LinkedHashTreeMap_ESTest.test32
LinkedHashTreeMap.java,com.google.gson.internal.LinkedHashTreeMap,org.pitest.mutationtest.engine.gregor.mutators.ReturnValsMutator,doubleCapacity,610,KILLED,com.google.gson.internal.LinkedHashTreeMap_ESTest.test13
LinkedHashTreeMap.java,com.google.gson.internal.LinkedHashTreeMap,org.pitest.mutationtest.engine.gregor.mutators.VoidMethodCallMutator,doubleCapacity,583,SURVIVED,none
LinkedHashTreeMap.java,com.google.gson.internal.LinkedHashTreeMap,org.pitest.mutationtest.engine.gregor.mutators.VoidMethodCallMutator,doubleCapacity,595,SURVIVED,none
LinkedHashTreeMap.java,com.google.gson.internal.LinkedHashTreeMap,org.pitest.mutationtest.engine.gregor.mutators.VoidMethodCallMutator,doubleCapacity,596,KILLED,com.google.gson.internal.LinkedHashTreeMap_ESTest.test29
LinkedHashTreeMap.java,com.google.gson.internal.LinkedHashTreeMap,org.pitest.mutationtest.engine.gregor.mutators.VoidMethodCallMutator,doubleCapacity,597,KILLED,com.google.gson.internal.LinkedHashTreeMap_ESTest.test29
LinkedHashTreeMap.java,com.google.gson.internal.LinkedHashTreeMap,org.pitest.mutationtest.engine.gregor.mutators.VoidMethodCallMutator,doubleCapacity,600,KILLED,com.google.gson.internal.LinkedHashTreeMap_ESTest.test32
LinkedHashTreeMap.java,com.google.gson.internal.LinkedHashTreeMap,org.pitest.mutationtest.engine.gregor.mutators.VoidMethodCallMutator,doubleCapacity,602,KILLED,com.google.gson.internal.LinkedHashTreeMap_ESTest.test29
LinkedHashTreeMap.java,com.google.gson.internal.LinkedHashTreeMap,org.pitest.mutationtest.engine.gregor.mutators.experimental.RemoveIncrementsMutator,doubleCapacity,588,SURVIVED,none
LinkedHashTreeMap.java,com.google.gson.internal.LinkedHashTreeMap,org.pitest.mutationtest.engine.gregor.mutators.experimental.RemoveIncrementsMutator,doubleCapacity,590,SURVIVED,none
LinkedHashTreeMap.java,com.google.gson.internal.LinkedHashTreeMap,org.pitest.mutationtest.engine.gregor.mutators.experimental.RemoveIncrementsMutator,doubleCapacity,576,TIMED_OUT,none
LinkedHashTreeMap.java,com.google.gson.internal.LinkedHashTreeMap,org.pitest.mutationtest.engine.gregor.mutators.ConstructorCallMutator,entrySet,459,KILLED,com.google.gson.internal.LinkedHashTreeMap_ESTest.test11
LinkedHashTreeMap.java,com.google.gson.internal.LinkedHashTreeMap,org.pitest.mutationtest.engine.gregor.mutators.EmptyObjectReturnValsMutator,entrySet,459,SURVIVED,none
LinkedHashTreeMap.java,com.google.gson.internal.LinkedHashTreeMap,org.pitest.mutationtest.engine.gregor.mutators.NegateConditionalsMutator,entrySet,459,KILLED,com.google.gson.internal.LinkedHashTreeMap_ESTest.test11
LinkedHashTreeMap.java,com.google.gson.internal.LinkedHashTreeMap,org.pitest.mutationtest.engine.gregor.mutators.RemoveConditionalMutator_EQUAL_ELSE,entrySet,459,SURVIVED,none
LinkedHashTreeMap.java,com.google.gson.internal.LinkedHashTreeMap,org.pitest.mutationtest.engine.gregor.mutators.RemoveConditionalMutator_EQUAL_IF,entrySet,459,KILLED,com.google.gson.internal.LinkedHashTreeMap_ESTest.test11
LinkedHashTreeMap.java,com.google.gson.internal.LinkedHashTreeMap,org.pitest.mutationtest.engine.gregor.mutators.ReturnValsMutator,entrySet,459,KILLED,com.google.gson.internal.LinkedHashTreeMap_ESTest.test11
LinkedHashTreeMap.java,com.google.gson.internal.LinkedHashTreeMap,org.pitest.mutationtest.engine.gregor.mutators.experimental.MemberVariableMutator,entrySet,459,SURVIVED,none
LinkedHashTreeMap.java,com.google.gson.internal.LinkedHashTreeMap,org.pitest.mutationtest.engine.gregor.mutators.BooleanTrueReturnValsMutator,equal,224,NO_COVERAGE,none
LinkedHashTreeMap.java,com.google.gson.internal.LinkedHashTreeMap,org.pitest.mutationtest.engine.gregor.mutators.InlineConstantMutator,equal,224,NO_COVERAGE,none
LinkedHashTreeMap.java,com.google.gson.internal.LinkedHashTreeMap,org.pitest.mutationtest.engine.gregor.mutators.InlineConstantMutator,equal,224,NO_COVERAGE,none
LinkedHashTreeMap.java,com.google.gson.internal.LinkedHashTreeMap,org.pitest.mutationtest.engine.gregor.mutators.NegateConditionalsMutator,equal,224,NO_COVERAGE,none
LinkedHashTreeMap.java,com.google.gson.internal.LinkedHashTreeMap,org.pitest.mutationtest.engine.gregor.mutators.NegateConditionalsMutator,equal,224,NO_COVERAGE,none
LinkedHashTreeMap.java,com.google.gson.internal.LinkedHashTreeMap,org.pitest.mutationtest.engine.gregor.mutators.NegateConditionalsMutator,equal,224,NO_COVERAGE,none
LinkedHashTreeMap.java,com.google.gson.internal.LinkedHashTreeMap,org.pitest.mutationtest.engine.gregor.mutators.NonVoidMethodCallMutator,equal,224,NO_COVERAGE,none
LinkedHashTreeMap.java,com.google.gson.internal.LinkedHashTreeMap,org.pitest.mutationtest.engine.gregor.mutators.RemoveConditionalMutator_EQUAL_ELSE,equal,224,NO_COVERAGE,none
LinkedHashTreeMap.java,com.google.gson.internal.LinkedHashTreeMap,org.pitest.mutationtest.engine.gregor.mutators.RemoveConditionalMutator_EQUAL_ELSE,equal,224,NO_COVERAGE,none
LinkedHashTreeMap.java,com.google.gson.internal.LinkedHashTreeMap,org.pitest.mutationtest.engine.gregor.mutators.RemoveConditionalMutator_EQUAL_ELSE,equal,224,NO_COVERAGE,none
LinkedHashTreeMap.java,com.google.gson.internal.LinkedHashTreeMap,org.pitest.mutationtest.engine.gregor.mutators.RemoveConditionalMutator_EQUAL_IF,equal,224,NO_COVERAGE,none
LinkedHashTreeMap.java,com.google.gson.internal.LinkedHashTreeMap,org.pitest.mutationtest.engine.gregor.mutators.RemoveConditionalMutator_EQUAL_IF,equal,224,NO_COVERAGE,none
LinkedHashTreeMap.java,com.google.gson.internal.LinkedHashTreeMap,org.pitest.mutationtest.engine.gregor.mutators.RemoveConditionalMutator_EQUAL_IF,equal,224,NO_COVERAGE,none
LinkedHashTreeMap.java,com.google.gson.internal.LinkedHashTreeMap,org.pitest.mutationtest.engine.gregor.mutators.ReturnValsMutator,equal,224,NO_COVERAGE,none
LinkedHashTreeMap.java,com.google.gson.internal.LinkedHashTreeMap,org.pitest.mutationtest.engine.gregor.mutators.ArgumentPropagationMutator,find,134,KILLED,com.google.gson.internal.LinkedHashTreeMap_ESTest.test16
LinkedHashTreeMap.java,com.google.gson.internal.LinkedHashTreeMap,org.pitest.mutationtest.engine.gregor.mutators.ConditionalsBoundaryMutator,find,157,SURVIVED,none
LinkedHashTreeMap.java,com.google.gson.internal.LinkedHashTreeMap,org.pitest.mutationtest.engine.gregor.mutators.ConditionalsBoundaryMutator,find,183,SURVIVED,none
LinkedHashTreeMap.java,com.google.gson.internal.LinkedHashTreeMap,org.pitest.mutationtest.engine.gregor.mutators.ConditionalsBoundaryMutator,find,191,SURVIVED,none
LinkedHashTreeMap.java,com.google.gson.internal.LinkedHashTreeMap,org.pitest.mutationtest.engine.gregor.mutators.ConstructorCallMutator,find,177,KILLED,com.google.gson.internal.LinkedHashTreeMap_ESTest.test19
LinkedHashTreeMap.java,com.google.gson.internal.LinkedHashTreeMap,org.pitest.mutationtest.engine.gregor.mutators.ConstructorCallMutator,find,177,KILLED,com.google.gson.internal.LinkedHashTreeMap_ESTest.test19
LinkedHashTreeMap.java,com.google.gson.internal.LinkedHashTreeMap,org.pitest.mutationtest.engine.gregor.mutators.ConstructorCallMutator,find,179,KILLED,com.google.gson.internal.LinkedHashTreeMap_ESTest.test22
LinkedHashTreeMap.java,com.google.gson.internal.LinkedHashTreeMap,org.pitest.mutationtest.engine.gregor.mutators.ConstructorCallMutator,find,182,KILLED,com.google.gson.internal.LinkedHashTreeMap_ESTest.test49
LinkedHashTreeMap.java,com.google.gson.internal.LinkedHashTreeMap,org.pitest.mutationtest.engine.gregor.mutators.InlineConstantMutator,find,135,KILLED,com.google.gson.internal.LinkedHashTreeMap_ESTest.test47
LinkedHashTreeMap.java,com.google.gson.internal.LinkedHashTreeMap,org.pitest.mutationtest.engine.gregor.mutators.InlineConstantMutator,find,137,SURVIVED,none
LinkedHashTreeMap.java,com.google.gson.internal.LinkedHashTreeMap,org.pitest.mutationtest.engine.gregor.mutators.InlineConstantMutator,find,188,SURVIVED,none
LinkedHashTreeMap.java,com.google.gson.internal.LinkedHashTreeMap,org.pitest.mutationtest.engine.gregor.mutators.InlineConstantMutator,find,191,KILLED,com.google.gson.internal.LinkedHashTreeMap_ESTest.test12
LinkedHashTreeMap.java,com.google.gson.internal.LinkedHashTreeMap,org.pitest.mutationtest.engine.gregor.mutators.InlineConstantMutator,find,194,SURVIVED,none
LinkedHashTreeMap.java,com.google.gson.internal.LinkedHashTreeMap,org.pitest.mutationtest.engine.gregor.mutators.MathMutator,find,135,KILLED,com.google.gson.internal.LinkedHashTreeMap_ESTest.test16
LinkedHashTreeMap.java,com.google.gson.internal.LinkedHashTreeMap,org.pitest.mutationtest.engine.gregor.mutators.MathMutator,find,135,KILLED,com.google.gson.internal.LinkedHashTreeMap_ESTest.test09
LinkedHashTreeMap.java,com.google.gson.internal.LinkedHashTreeMap,org.pitest.mutationtest.engine.gregor.mutators.MathMutator,find,191,KILLED,com.google.gson.internal.LinkedHashTreeMap_ESTest.test12
LinkedHashTreeMap.java,com.google.gson.internal.LinkedHashTreeMap,org.pitest.mutationtest.engine.gregor.mutators.MathMutator,find,194,SURVIVED,none
LinkedHashTreeMap.java,com.google.gson.internal.LinkedHashTreeMap,org.pitest.mutationtest.engine.gregor.mutators.NegateConditionalsMutator,find,139,KILLED,com.google.gson.internal.LinkedHashTreeMap_ESTest.test58
LinkedHashTreeMap.java,com.google.gson.internal.LinkedHashTreeMap,org.pitest.mutationtest.engine.gregor.mutators.NegateConditionalsMutator,find,142,SURVIVED,none
LinkedHashTreeMap.java,com.google.gson.internal.LinkedHashTreeMap,org.pitest.mutationtest.engine.gregor.mutators.NegateConditionalsMutator,find,147,SURVIVED,none
LinkedHashTreeMap.java,com.google.gson.internal.LinkedHashTreeMap,org.pitest.mutationtest.engine.gregor.mutators.NegateConditionalsMutator,find,152,KILLED,com.google.gson.internal.LinkedHashTreeMap_ESTest.test49
LinkedHashTreeMap.java,com.google.gson.internal.LinkedHashTreeMap,org.pitest.mutationtest.engine.gregor.mutators.NegateConditionalsMutator,find,157,SURVIVED,none
LinkedHashTreeMap.java,com.google.gson.internal.LinkedHashTreeMap,org.pitest.mutationtest.engine.gregor.mutators.NegateConditionalsMutator,find,158,KILLED,com.google.gson.internal.LinkedHashTreeMap_ESTest.test49
LinkedHashTreeMap.java,com.google.gson.internal.LinkedHashTreeMap,org.pitest.mutationtest.engine.gregor.mutators.NegateConditionalsMutator,find,167,KILLED,com.google.gson.internal.LinkedHashTreeMap_ESTest.test58
LinkedHashTreeMap.java,com.google.gson.internal.LinkedHashTreeMap,org.pitest.mutationtest.engine.gregor.mutators.NegateConditionalsMutator,find,174,KILLED,com.google.gson.internal.LinkedHashTreeMap_ESTest.test22
LinkedHashTreeMap.java,com.google.gson.internal.LinkedHashTreeMap,org.pitest.mutationtest.engine.gregor.mutators.NegateConditionalsMutator,find,176,KILLED,com.google.gson.internal.LinkedHashTreeMap_ESTest.test19
LinkedHashTreeMap.java,com.google.gson.internal.LinkedHashTreeMap,org.pitest.mutationtest.engine.gregor.mutators.NegateConditionalsMutator,find,176,KILLED,com.google.gson.internal.LinkedHashTreeMap_ESTest.test22
LinkedHashTreeMap.java,com.google.gson.internal.LinkedHashTreeMap,org.pitest.mutationtest.engine.gregor.mutators.NegateConditionalsMutator,find,183,SURVIVED,none
LinkedHashTreeMap.java,com.google.gson.internal.LinkedHashTreeMap,org.pitest.mutationtest.engine.gregor.mutators.NegateConditionalsMutator,find,191,SURVIVED,none
LinkedHashTreeMap.java,com.google.gson.internal.LinkedHashTreeMap,org.pitest.mutationtest.engine.gregor.mutators.NonVoidMethodCallMutator,find,134,KILLED,com.google.gson.internal.LinkedHashTreeMap_ESTest.test16
LinkedHashTreeMap.java,com.google.gson.internal.LinkedHashTreeMap,org.pitest.mutationtest.engine.gregor.mutators.NonVoidMethodCallMutator,find,134,KILLED,com.google.gson.internal.LinkedHashTreeMap_ESTest.test16
LinkedHashTreeMap.java,com.google.gson.internal.LinkedHashTreeMap,org.pitest.mutationtest.engine.gregor.mutators.NonVoidMethodCallMutator,find,148,KILLED,com.google.gson.internal.LinkedHashTreeMap_ESTest.test16
LinkedHashTreeMap.java,com.google.gson.internal.LinkedHashTreeMap,org.pitest.mutationtest.engine.gregor.mutators.NonVoidMethodCallMutator,find,149,SURVIVED,none
LinkedHashTreeMap.java,com.google.gson.internal.LinkedHashTreeMap,org.pitest.mutationtest.engine.gregor.mutators.NonVoidMethodCallMutator,find,177,KILLED,com.google.gson.internal.LinkedHashTreeMap_ESTest.test19
LinkedHashTreeMap.java,com.google.gson.internal.LinkedHashTreeMap,org.pitest.mutationtest.engine.gregor.mutators.NonVoidMethodCallMutator,find,177,SURVIVED,none
LinkedHashTreeMap.java,com.google.gson.internal.LinkedHashTreeMap,org.pitest.mutationtest.engine.gregor.mutators.NonVoidMethodCallMutator,find,177,KILLED,com.google.gson.internal.LinkedHashTreeMap_ESTest.test19
LinkedHashTreeMap.java,com.google.gson.internal.LinkedHashTreeMap,org.pitest.mutationtest.engine.gregor.mutators.NonVoidMethodCallMutator,find,177,KILLED,com.google.gson.internal.LinkedHashTreeMap_ESTest.test19
LinkedHashTreeMap.java,com.google.gson.internal.LinkedHashTreeMap,org.pitest.mutationtest.engine.gregor.mutators.NonVoidMethodCallMutator,find,177,SURVIVED,none
LinkedHashTreeMap.java,com.google.gson.internal.LinkedHashTreeMap,org.pitest.mutationtest.engine.gregor.mutators.NullReturnValsMutator,find,153,NO_COVERAGE,none
LinkedHashTreeMap.java,com.google.gson.internal.LinkedHashTreeMap,org.pitest.mutationtest.engine.gregor.mutators.NullReturnValsMutator,find,196,KILLED,com.google.gson.internal.LinkedHashTreeMap_ESTest.test22
LinkedHashTreeMap.java,com.google.gson.internal.LinkedHashTreeMap,org.pitest.mutationtest.engine.gregor.mutators.RemoveConditionalMutator_EQUAL_ELSE,find,139,KILLED,com.google.gson.internal.LinkedHashTreeMap_ESTest.test16
LinkedHashTreeMap.java,com.google.gson.internal.LinkedHashTreeMap,org.pitest.mutationtest.engine.gregor.mutators.RemoveConditionalMutator_EQUAL_ELSE,find,142,SURVIVED,none
LinkedHashTreeMap.java,com.google.gson.internal.LinkedHashTreeMap,org.pitest.mutationtest.engine.gregor.mutators.RemoveConditionalMutator_EQUAL_ELSE,find,147,SURVIVED,none
LinkedHashTreeMap.java,com.google.gson.internal.LinkedHashTreeMap,org.pitest.mutationtest.engine.gregor.mutators.RemoveConditionalMutator_EQUAL_ELSE,find,152,SURVIVED,none
LinkedHashTreeMap.java,com.google.gson.internal.LinkedHashTreeMap,org.pitest.mutationtest.engine.gregor.mutators.RemoveConditionalMutator_EQUAL_ELSE,find,158,KILLED,com.google.gson.internal.LinkedHashTreeMap_ESTest.test49
LinkedHashTreeMap.java,com.google.gson.internal.LinkedHashTreeMap,org.pitest.mutationtest.engine.gregor.mutators.RemoveConditionalMutator_EQUAL_ELSE,find,167,KILLED,com.google.gson.internal.LinkedHashTreeMap_ESTest.test58
LinkedHashTreeMap.java,com.google.gson.internal.LinkedHashTreeMap,org.pitest.mutationtest.engine.gregor.mutators.RemoveConditionalMutator_EQUAL_ELSE,find,174,KILLED,com.google.gson.internal.LinkedHashTreeMap_ESTest.test22
LinkedHashTreeMap.java,com.google.gson.internal.LinkedHashTreeMap,org.pitest.mutationtest.engine.gregor.mutators.RemoveConditionalMutator_EQUAL_ELSE,find,176,KILLED,com.google.gson.internal.LinkedHashTreeMap_ESTest.test19
LinkedHashTreeMap.java,com.google.gson.internal.LinkedHashTreeMap,org.pitest.mutationtest.engine.gregor.mutators.RemoveConditionalMutator_EQUAL_ELSE,find,176,KILLED,com.google.gson.internal.LinkedHashTreeMap_ESTest.test19
LinkedHashTreeMap.java,com.google.gson.internal.LinkedHashTreeMap,org.pitest.mutationtest.engine.gregor.mutators.RemoveConditionalMutator_EQUAL_IF,find,139,KILLED,com.google.gson.internal.LinkedHashTreeMap_ESTest.test58
LinkedHashTreeMap.java,com.google.gson.internal.LinkedHashTreeMap,org.pitest.mutationtest.engine.gregor.mutators.RemoveConditionalMutator_EQUAL_IF,find,142,SURVIVED,none
LinkedHashTreeMap.java,com.google.gson.internal.LinkedHashTreeMap,org.pitest.mutationtest.engine.gregor.mutators.RemoveConditionalMutator_EQUAL_IF,find,147,SURVIVED,none
LinkedHashTreeMap.java,com.google.gson.internal.LinkedHashTreeMap,org.pitest.mutationtest.engine.gregor.mutators.RemoveConditionalMutator_EQUAL_IF,find,152,KILLED,com.google.gson.internal.LinkedHashTreeMap_ESTest.test49
LinkedHashTreeMap.java,com.google.gson.internal.LinkedHashTreeMap,org.pitest.mutationtest.engine.gregor.mutators.RemoveConditionalMutator_EQUAL_IF,find,158,SURVIVED,none
LinkedHashTreeMap.java,com.google.gson.internal.LinkedHashTreeMap,org.pitest.mutationtest.engine.gregor.mutators.RemoveConditionalMutator_EQUAL_IF,find,167,KILLED,com.google.gson.internal.LinkedHashTreeMap_ESTest.test22
LinkedHashTreeMap.java,com.google.gson.internal.LinkedHashTreeMap,org.pitest.mutationtest.engine.gregor.mutators.RemoveConditionalMutator_EQUAL_IF,find,174,SURVIVED,none
LinkedHashTreeMap.java,com.google.gson.internal.LinkedHashTreeMap,org.pitest.mutationtest.engine.gregor.mutators.RemoveConditionalMutator_EQUAL_IF,find,176,SURVIVED,none
LinkedHashTreeMap.java,com.google.gson.internal.LinkedHashTreeMap,org.pitest.mutationtest.engine.gregor.mutators.RemoveConditionalMutator_EQUAL_IF,find,176,KILLED,com.google.gson.internal.LinkedHashTreeMap_ESTest.test22
LinkedHashTreeMap.java,com.google.gson.internal.LinkedHashTreeMap,org.pitest.mutationtest.engine.gregor.mutators.RemoveConditionalMutator_ORDER_ELSE,find,157,SURVIVED,none
LinkedHashTreeMap.java,com.google.gson.internal.LinkedHashTreeMap,org.pitest.mutationtest.engine.gregor.mutators.RemoveConditionalMutator_ORDER_ELSE,find,183,SURVIVED,none
LinkedHashTreeMap.java,com.google.gson.internal.LinkedHashTreeMap,org.pitest.mutationtest.engine.gregor.mutators.RemoveConditionalMutator_ORDER_ELSE,find,191,SURVIVED,none
LinkedHashTreeMap.java,com.google.gson.internal.LinkedHashTreeMap,org.pitest.mutationtest.engine.gregor.mutators.RemoveConditionalMutator_ORDER_IF,find,157,SURVIVED,none
LinkedHashTreeMap.java,com.google.gson.internal.LinkedHashTreeMap,org.pitest.mutationtest.engine.gregor.mutators.RemoveConditionalMutator_ORDER_IF,find,183,SURVIVED,none
LinkedHashTreeMap.java,com.google.gson.internal.LinkedHashTreeMap,org.pitest.mutationtest.engine.gregor.mutators.RemoveConditionalMutator_ORDER_IF,find,191,SURVIVED,none
LinkedHashTreeMap.java,com.google.gson.internal.LinkedHashTreeMap,org.pitest.mutationtest.engine.gregor.mutators.ReturnValsMutator,find,153,NO_COVERAGE,none
LinkedHashTreeMap.java,com.google.gson.internal.LinkedHashTreeMap,org.pitest.mutationtest.engine.gregor.mutators.ReturnValsMutator,find,168,KILLED,com.google.gson.internal.LinkedHashTreeMap_ESTest.test09
LinkedHashTreeMap.java,com.google.gson.internal.LinkedHashTreeMap,org.pitest.mutationtest.engine.gregor.mutators.ReturnValsMutator,find,196,KILLED,com.google.gson.internal.LinkedHashTreeMap_ESTest.test22
LinkedHashTreeMap.java,com.google.gson.internal.LinkedHashTreeMap,org.pitest.mutationtest.engine.gregor.mutators.VoidMethodCallMutator,find,188,SURVIVED,none
LinkedHashTreeMap.java,com.google.gson.internal.LinkedHashTreeMap,org.pitest.mutationtest.engine.gregor.mutators.VoidMethodCallMutator,find,192,NO_COVERAGE,none
LinkedHashTreeMap.java,com.google.gson.internal.LinkedHashTreeMap,org.pitest.mutationtest.engine.gregor.mutators.experimental.MemberVariableMutator,find,184,SURVIVED,none
LinkedHashTreeMap.java,com.google.gson.internal.LinkedHashTreeMap,org.pitest.mutationtest.engine.gregor.mutators.experimental.MemberVariableMutator,find,186,SURVIVED,none
LinkedHashTreeMap.java,com.google.gson.internal.LinkedHashTreeMap,org.pitest.mutationtest.engine.gregor.mutators.experimental.MemberVariableMutator,find,191,KILLED,com.google.gson.internal.LinkedHashTreeMap_ESTest.test12
LinkedHashTreeMap.java,com.google.gson.internal.LinkedHashTreeMap,org.pitest.mutationtest.engine.gregor.mutators.experimental.MemberVariableMutator,find,194,SURVIVED,none
LinkedHashTreeMap.java,com.google.gson.internal.LinkedHashTreeMap,org.pitest.mutationtest.engine.gregor.mutators.experimental.NakedReceiverMutator,find,177,SURVIVED,none
LinkedHashTreeMap.java,com.google.gson.internal.LinkedHashTreeMap,org.pitest.mutationtest.engine.gregor.mutators.experimental.NakedReceiverMutator,find,177,SURVIVED,none
LinkedHashTreeMap.java,com.google.gson.internal.LinkedHashTreeMap,org.pitest.mutationtest.engine.gregor.mutators.InlineConstantMutator,findByEntry,219,SURVIVED,none
LinkedHashTreeMap.java,com.google.gson.internal.LinkedHashTreeMap,org.pitest.mutationtest.engine.gregor.mutators.InlineConstantMutator,findByEntry,219,SURVIVED,none
LinkedHashTreeMap.java,com.google.gson.internal.LinkedHashTreeMap,org.pitest.mutationtest.engine.gregor.mutators.NegateConditionalsMutator,findByEntry,219,KILLED,com.google.gson.internal.LinkedHashTreeMap_ESTest.test27
LinkedHashTreeMap.java,com.google.gson.internal.LinkedHashTreeMap,org.pitest.mutationtest.engine.gregor.mutators.NegateConditionalsMutator,findByEntry,219,SURVIVED,none
LinkedHashTreeMap.java,com.google.gson.internal.LinkedHashTreeMap,org.pitest.mutationtest.engine.gregor.mutators.NegateConditionalsMutator,findByEntry,220,SURVIVED,none
LinkedHashTreeMap.java,com.google.gson.internal.LinkedHashTreeMap,org.pitest.mutationtest.engine.gregor.mutators.NonVoidMethodCallMutator,findByEntry,218,KILLED,com.google.gson.internal.LinkedHashTreeMap_ESTest.test17
LinkedHashTreeMap.java,com.google.gson.internal.LinkedHashTreeMap,org.pitest.mutationtest.engine.gregor.mutators.NonVoidMethodCallMutator,findByEntry,218,SURVIVED,none
LinkedHashTreeMap.java,com.google.gson.internal.LinkedHashTreeMap,org.pitest.mutationtest.engine.gregor.mutators.NonVoidMethodCallMutator,findByEntry,219,SURVIVED,none
LinkedHashTreeMap.java,com.google.gson.internal.LinkedHashTreeMap,org.pitest.mutationtest.engine.gregor.mutators.NonVoidMethodCallMutator,findByEntry,219,SURVIVED,none
LinkedHashTreeMap.java,com.google.gson.internal.LinkedHashTreeMap,org.pitest.mutationtest.engine.gregor.mutators.RemoveConditionalMutator_EQUAL_ELSE,findByEntry,219,SURVIVED,none
LinkedHashTreeMap.java,com.google.gson.internal.LinkedHashTreeMap,org.pitest.mutationtest.engine.gregor.mutators.RemoveConditionalMutator_EQUAL_ELSE,findByEntry,219,SURVIVED,none
LinkedHashTreeMap.java,com.google.gson.internal.LinkedHashTreeMap,org.pitest.mutationtest.engine.gregor.mutators.RemoveConditionalMutator_EQUAL_ELSE,findByEntry,220,SURVIVED,none
LinkedHashTreeMap.java,com.google.gson.internal.LinkedHashTreeMap,org.pitest.mutationtest.engine.gregor.mutators.RemoveConditionalMutator_EQUAL_IF,findByEntry,219,KILLED,com.google.gson.internal.LinkedHashTreeMap_ESTest.test27
LinkedHashTreeMap.java,com.google.gson.internal.LinkedHashTreeMap,org.pitest.mutationtest.engine.gregor.mutators.RemoveConditionalMutator_EQUAL_IF,findByEntry,219,SURVIVED,none
LinkedHashTreeMap.java,com.google.gson.internal.LinkedHashTreeMap,org.pitest.mutationtest.engine.gregor.mutators.RemoveConditionalMutator_EQUAL_IF,findByEntry,220,SURVIVED,none
LinkedHashTreeMap.java,com.google.gson.internal.LinkedHashTreeMap,org.pitest.mutationtest.engine.gregor.mutators.ReturnValsMutator,findByEntry,220,KILLED,com.google.gson.internal.LinkedHashTreeMap_ESTest.test27
LinkedHashTreeMap.java,com.google.gson.internal.LinkedHashTreeMap,org.pitest.mutationtest.engine.gregor.mutators.InlineConstantMutator,findByObject,202,KILLED,com.google.gson.internal.LinkedHashTreeMap_ESTest.test08
LinkedHashTreeMap.java,com.google.gson.internal.LinkedHashTreeMap,org.pitest.mutationtest.engine.gregor.mutators.NegateConditionalsMutator,findByObject,202,KILLED,com.google.gson.internal.LinkedHashTreeMap_ESTest.test23
LinkedHashTreeMap.java,com.google.gson.internal.LinkedHashTreeMap,org.pitest.mutationtest.engine.gregor.mutators.NonVoidMethodCallMutator,findByObject,202,KILLED,com.google.gson.internal.LinkedHashTreeMap_ESTest.test16
LinkedHashTreeMap.java,com.google.gson.internal.LinkedHashTreeMap,org.pitest.mutationtest.engine.gregor.mutators.RemoveConditionalMutator_EQUAL_ELSE,findByObject,202,KILLED,com.google.gson.internal.LinkedHashTreeMap_ESTest.test16
LinkedHashTreeMap.java,com.google.gson.internal.LinkedHashTreeMap,org.pitest.mutationtest.engine.gregor.mutators.RemoveConditionalMutator_EQUAL_IF,findByObject,202,KILLED,com.google.gson.internal.LinkedHashTreeMap_ESTest.test23
LinkedHashTreeMap.java,com.google.gson.internal.LinkedHashTreeMap,org.pitest.mutationtest.engine.gregor.mutators.ReturnValsMutator,findByObject,202,KILLED,com.google.gson.internal.LinkedHashTreeMap_ESTest.test09
LinkedHashTreeMap.java,com.google.gson.internal.LinkedHashTreeMap,org.pitest.mutationtest.engine.gregor.mutators.ReturnValsMutator,findByObject,204,SURVIVED,none
LinkedHashTreeMap.java,com.google.gson.internal.LinkedHashTreeMap,org.pitest.mutationtest.engine.gregor.mutators.NegateConditionalsMutator,get,87,KILLED,com.google.gson.internal.LinkedHashTreeMap_ESTest.test06
LinkedHashTreeMap.java,com.google.gson.internal.LinkedHashTreeMap,org.pitest.mutationtest.engine.gregor.mutators.NonVoidMethodCallMutator,get,86,KILLED,com.google.gson.internal.LinkedHashTreeMap_ESTest.test16
LinkedHashTreeMap.java,com.google.gson.internal.LinkedHashTreeMap,org.pitest.mutationtest.engine.gregor.mutators.RemoveConditionalMutator_EQUAL_ELSE,get,87,SURVIVED,none
LinkedHashTreeMap.java,com.google.gson.internal.LinkedHashTreeMap,org.pitest.mutationtest.engine.gregor.mutators.RemoveConditionalMutator_EQUAL_IF,get,87,KILLED,com.google.gson.internal.LinkedHashTreeMap_ESTest.test06
LinkedHashTreeMap.java,com.google.gson.internal.LinkedHashTreeMap,org.pitest.mutationtest.engine.gregor.mutators.ReturnValsMutator,get,87,KILLED,com.google.gson.internal.LinkedHashTreeMap_ESTest.test06
LinkedHashTreeMap.java,com.google.gson.internal.LinkedHashTreeMap,org.pitest.mutationtest.engine.gregor.mutators.ConstructorCallMutator,keySet,464,KILLED,com.google.gson.internal.LinkedHashTreeMap_ESTest.test08
LinkedHashTreeMap.java,com.google.gson.internal.LinkedHashTreeMap,org.pitest.mutationtest.engine.gregor.mutators.EmptyObjectReturnValsMutator,keySet,464,SURVIVED,none
LinkedHashTreeMap.java,com.google.gson.internal.LinkedHashTreeMap,org.pitest.mutationtest.engine.gregor.mutators.NegateConditionalsMutator,keySet,464,KILLED,com.google.gson.internal.LinkedHashTreeMap_ESTest.test08
LinkedHashTreeMap.java,com.google.gson.internal.LinkedHashTreeMap,org.pitest.mutationtest.engine.gregor.mutators.RemoveConditionalMutator_EQUAL_ELSE,keySet,464,SURVIVED,none
LinkedHashTreeMap.java,com.google.gson.internal.LinkedHashTreeMap,org.pitest.mutationtest.engine.gregor.mutators.RemoveConditionalMutator_EQUAL_IF,keySet,464,KILLED,com.google.gson.internal.LinkedHashTreeMap_ESTest.test08
LinkedHashTreeMap.java,com.google.gson.internal.LinkedHashTreeMap,org.pitest.mutationtest.engine.gregor.mutators.ReturnValsMutator,keySet,464,KILLED,com.google.gson.internal.LinkedHashTreeMap_ESTest.test08
LinkedHashTreeMap.java,com.google.gson.internal.LinkedHashTreeMap,org.pitest.mutationtest.engine.gregor.mutators.experimental.MemberVariableMutator,keySet,464,SURVIVED,none
LinkedHashTreeMap.java,com.google.gson.internal.LinkedHashTreeMap,org.pitest.mutationtest.engine.gregor.mutators.ConstructorCallMutator,put,96,SURVIVED,none
LinkedHashTreeMap.java,com.google.gson.internal.LinkedHashTreeMap,org.pitest.mutationtest.engine.gregor.mutators.InlineConstantMutator,put,98,KILLED,com.google.gson.internal.LinkedHashTreeMap_ESTest.test22
LinkedHashTreeMap.java,com.google.gson.internal.LinkedHashTreeMap,org.pitest.mutationtest.engine.gregor.mutators.NegateConditionalsMutator,put,95,KILLED,com.google.gson.internal.LinkedHashTreeMap_ESTest.test22
LinkedHashTreeMap.java,com.google.gson.internal.LinkedHashTreeMap,org.pitest.mutationtest.engine.gregor.mutators.NonVoidMethodCallMutator,put,98,KILLED,com.google.gson.internal.LinkedHashTreeMap_ESTest.test22
LinkedHashTreeMap.java,com.google.gson.internal.LinkedHashTreeMap,org.pitest.mutationtest.engine.gregor.mutators.NullReturnValsMutator,put,101,SURVIVED,none
LinkedHashTreeMap.java,com.google.gson.internal.LinkedHashTreeMap,org.pitest.mutationtest.engine.gregor.mutators.RemoveConditionalMutator_EQUAL_ELSE,put,95,SURVIVED,none
LinkedHashTreeMap.java,com.google.gson.internal.LinkedHashTreeMap,org.pitest.mutationtest.engine.gregor.mutators.RemoveConditionalMutator_EQUAL_IF,put,95,KILLED,com.google.gson.internal.LinkedHashTreeMap_ESTest.test22
LinkedHashTreeMap.java,com.google.gson.internal.LinkedHashTreeMap,org.pitest.mutationtest.engine.gregor.mutators.ReturnValsMutator,put,101,KILLED,com.google.gson.internal.LinkedHashTreeMap_ESTest.test22
LinkedHashTreeMap.java,com.google.gson.internal.LinkedHashTreeMap,org.pitest.mutationtest.engine.gregor.mutators.experimental.MemberVariableMutator,put,100,SURVIVED,none
LinkedHashTreeMap.java,com.google.gson.internal.LinkedHashTreeMap,org.pitest.mutationtest.engine.gregor.mutators.ArgumentPropagationMutator,rebalance,390,SURVIVED,none
LinkedHashTreeMap.java,com.google.gson.internal.LinkedHashTreeMap,org.pitest.mutationtest.engine.gregor.mutators.InlineConstantMutator,rebalance,342,SURVIVED,none
LinkedHashTreeMap.java,com.google.gson.internal.LinkedHashTreeMap,org.pitest.mutationtest.engine.gregor.mutators.InlineConstantMutator,rebalance,343,SURVIVED,none
LinkedHashTreeMap.java,com.google.gson.internal.LinkedHashTreeMap,org.pitest.mutationtest.engine.gregor.mutators.InlineConstantMutator,rebalance,346,SURVIVED,none
LinkedHashTreeMap.java,com.google.gson.internal.LinkedHashTreeMap,org.pitest.mutationtest.engine.gregor.mutators.InlineConstantMutator,rebalance,349,NO_COVERAGE,none
LinkedHashTreeMap.java,com.google.gson.internal.LinkedHashTreeMap,org.pitest.mutationtest.engine.gregor.mutators.InlineConstantMutator,rebalance,350,NO_COVERAGE,none
LinkedHashTreeMap.java,com.google.gson.internal.LinkedHashTreeMap,org.pitest.mutationtest.engine.gregor.mutators.InlineConstantMutator,rebalance,353,NO_COVERAGE,none
LinkedHashTreeMap.java,com.google.gson.internal.LinkedHashTreeMap,org.pitest.mutationtest.engine.gregor.mutators.InlineConstantMutator,rebalance,364,SURVIVED,none
LinkedHashTreeMap.java,com.google.gson.internal.LinkedHashTreeMap,org.pitest.mutationtest.engine.gregor.mutators.InlineConstantMutator,rebalance,367,NO_COVERAGE,none
LinkedHashTreeMap.java,com.google.gson.internal.LinkedHashTreeMap,org.pitest.mutationtest.engine.gregor.mutators.InlineConstantMutator,rebalance,368,NO_COVERAGE,none
LinkedHashTreeMap.java,com.google.gson.internal.LinkedHashTreeMap,org.pitest.mutationtest.engine.gregor.mutators.InlineConstantMutator,rebalance,371,NO_COVERAGE,none
LinkedHashTreeMap.java,com.google.gson.internal.LinkedHashTreeMap,org.pitest.mutationtest.engine.gregor.mutators.InlineConstantMutator,rebalance,383,SURVIVED,none
LinkedHashTreeMap.java,com.google.gson.internal.LinkedHashTreeMap,org.pitest.mutationtest.engine.gregor.mutators.InlineConstantMutator,rebalance,390,SURVIVED,none
LinkedHashTreeMap.java,com.google.gson.internal.LinkedHashTreeMap,org.pitest.mutationtest.engine.gregor.mutators.MathMutator,rebalance,345,SURVIVED,none
LinkedHashTreeMap.java,com.google.gson.internal.LinkedHashTreeMap,org.pitest.mutationtest.engine.gregor.mutators.MathMutator,rebalance,352,NO_COVERAGE,none
LinkedHashTreeMap.java,com.google.gson.internal.LinkedHashTreeMap,org.pitest.mutationtest.engine.gregor.mutators.MathMutator,rebalance,370,NO_COVERAGE,none
LinkedHashTreeMap.java,com.google.gson.internal.LinkedHashTreeMap,org.pitest.mutationtest.engine.gregor.mutators.MathMutator,rebalance,383,SURVIVED,none
LinkedHashTreeMap.java,com.google.gson.internal.LinkedHashTreeMap,org.pitest.mutationtest.engine.gregor.mutators.MathMutator,rebalance,390,SURVIVED,none
LinkedHashTreeMap.java,com.google.gson.internal.LinkedHashTreeMap,org.pitest.mutationtest.engine.gregor.mutators.NegateConditionalsMutator,rebalance,339,KILLED,com.google.gson.internal.LinkedHashTreeMap_ESTest.test45
LinkedHashTreeMap.java,com.google.gson.internal.LinkedHashTreeMap,org.pitest.mutationtest.engine.gregor.mutators.NegateConditionalsMutator,rebalance,342,KILLED,com.google.gson.internal.LinkedHashTreeMap_ESTest.test43
LinkedHashTreeMap.java,com.google.gson.internal.LinkedHashTreeMap,org.pitest.mutationtest.engine.gregor.mutators.NegateConditionalsMutator,rebalance,343,KILLED,com.google.gson.internal.LinkedHashTreeMap_ESTest.test43
LinkedHashTreeMap.java,com.google.gson.internal.LinkedHashTreeMap,org.pitest.mutationtest.engine.gregor.mutators.NegateConditionalsMutator,rebalance,346,KILLED,com.google.gson.internal.LinkedHashTreeMap_ESTest.test43
LinkedHashTreeMap.java,com.google.gson.internal.LinkedHashTreeMap,org.pitest.mutationtest.engine.gregor.mutators.NegateConditionalsMutator,rebalance,349,NO_COVERAGE,none
LinkedHashTreeMap.java,com.google.gson.internal.LinkedHashTreeMap,org.pitest.mutationtest.engine.gregor.mutators.NegateConditionalsMutator,rebalance,350,NO_COVERAGE,none
LinkedHashTreeMap.java,com.google.gson.internal.LinkedHashTreeMap,org.pitest.mutationtest.engine.gregor.mutators.NegateConditionalsMutator,rebalance,353,NO_COVERAGE,none
LinkedHashTreeMap.java,com.google.gson.internal.LinkedHashTreeMap,org.pitest.mutationtest.engine.gregor.mutators.NegateConditionalsMutator,rebalance,353,NO_COVERAGE,none
LinkedHashTreeMap.java,com.google.gson.internal.LinkedHashTreeMap,org.pitest.mutationtest.engine.gregor.mutators.NegateConditionalsMutator,rebalance,353,NO_COVERAGE,none
LinkedHashTreeMap.java,com.google.gson.internal.LinkedHashTreeMap,org.pitest.mutationtest.engine.gregor.mutators.NegateConditionalsMutator,rebalance,360,NO_COVERAGE,none
LinkedHashTreeMap.java,com.google.gson.internal.LinkedHashTreeMap,org.pitest.mutationtest.engine.gregor.mutators.NegateConditionalsMutator,rebalance,364,KILLED,com.google.gson.internal.LinkedHashTreeMap_ESTest.test43
LinkedHashTreeMap.java,com.google.gson.internal.LinkedHashTreeMap,org.pitest.mutationtest.engine.gregor.mutators.NegateConditionalsMutator,rebalance,367,NO_COVERAGE,none
LinkedHashTreeMap.java,com.google.gson.internal.LinkedHashTreeMap,org.pitest.mutationtest.engine.gregor.mutators.NegateConditionalsMutator,rebalance,368,NO_COVERAGE,none
LinkedHashTreeMap.java,com.google.gson.internal.LinkedHashTreeMap,org.pitest.mutationtest.engine.gregor.mutators.NegateConditionalsMutator,rebalance,371,NO_COVERAGE,none
LinkedHashTreeMap.java,com.google.gson.internal.LinkedHashTreeMap,org.pitest.mutationtest.engine.gregor.mutators.NegateConditionalsMutator,rebalance,371,NO_COVERAGE,none
LinkedHashTreeMap.java,com.google.gson.internal.LinkedHashTreeMap,org.pitest.mutationtest.engine.gregor.mutators.NegateConditionalsMutator,rebalance,371,NO_COVERAGE,none
LinkedHashTreeMap.java,com.google.gson.internal.LinkedHashTreeMap,org.pitest.mutationtest.engine.gregor.mutators.NegateConditionalsMutator,rebalance,378,NO_COVERAGE,none
LinkedHashTreeMap.java,com.google.gson.internal.LinkedHashTreeMap,org.pitest.mutationtest.engine.gregor.mutators.NegateConditionalsMutator,rebalance,382,SURVIVED,none
LinkedHashTreeMap.java,com.google.gson.internal.LinkedHashTreeMap,org.pitest.mutationtest.engine.gregor.mutators.NegateConditionalsMutator,rebalance,384,SURVIVED,none
LinkedHashTreeMap.java,com.google.gson.internal.LinkedHashTreeMap,org.pitest.mutationtest.engine.gregor.mutators.NegateConditionalsMutator,rebalance,391,SURVIVED,none
LinkedHashTreeMap.java,com.google.gson.internal.LinkedHashTreeMap,org.pitest.mutationtest.engine.gregor.mutators.NonVoidMethodCallMutator,rebalance,390,SURVIVED,none
LinkedHashTreeMap.java,com.google.gson.internal.LinkedHashTreeMap,org.pitest.mutationtest.engine.gregor.mutators.RemoveConditionalMutator_EQUAL_ELSE,rebalance,339,SURVIVED,none
LinkedHashTreeMap.java,com.google.gson.internal.LinkedHashTreeMap,org.pitest.mutationtest.engine.gregor.mutators.RemoveConditionalMutator_EQUAL_ELSE,rebalance,342,SURVIVED,none
LinkedHashTreeMap.java,com.google.gson.internal.LinkedHashTreeMap,org.pitest.mutationtest.engine.gregor.mutators.RemoveConditionalMutator_EQUAL_ELSE,rebalance,343,SURVIVED,none
LinkedHashTreeMap.java,com.google.gson.internal.LinkedHashTreeMap,org.pitest.mutationtest.engine.gregor.mutators.RemoveConditionalMutator_EQUAL_ELSE,rebalance,346,SURVIVED,none
LinkedHashTreeMap.java,com.google.gson.internal.LinkedHashTreeMap,org.pitest.mutationtest.engine.gregor.mutators.RemoveConditionalMutator_EQUAL_ELSE,rebalance,349,NO_COVERAGE,none
LinkedHashTreeMap.java,com.google.gson.internal.LinkedHashTreeMap,org.pitest.mutationtest.engine.gregor.mutators.RemoveConditionalMutator_EQUAL_ELSE,rebalance,350,NO_COVERAGE,none
LinkedHashTreeMap.java,com.google.gson.internal.LinkedHashTreeMap,org.pitest.mutationtest.engine.gregor.mutators.RemoveConditionalMutator_EQUAL_ELSE,rebalance,353,NO_COVERAGE,none
LinkedHashTreeMap.java,com.google.gson.internal.LinkedHashTreeMap,org.pitest.mutationtest.engine.gregor.mutators.RemoveConditionalMutator_EQUAL_ELSE,rebalance,353,NO_COVERAGE,none
LinkedHashTreeMap.java,com.google.gson.internal.LinkedHashTreeMap,org.pitest.mutationtest.engine.gregor.mutators.RemoveConditionalMutator_EQUAL_ELSE,rebalance,353,NO_COVERAGE,none
LinkedHashTreeMap.java,com.google.gson.internal.LinkedHashTreeMap,org.pitest.mutationtest.engine.gregor.mutators.RemoveConditionalMutator_EQUAL_ELSE,rebalance,360,NO_COVERAGE,none
LinkedHashTreeMap.java,com.google.gson.internal.LinkedHashTreeMap,org.pitest.mutationtest.engine.gregor.mutators.RemoveConditionalMutator_EQUAL_ELSE,rebalance,364,SURVIVED,none
LinkedHashTreeMap.java,com.google.gson.internal.LinkedHashTreeMap,org.pitest.mutationtest.engine.gregor.mutators.RemoveConditionalMutator_EQUAL_ELSE,rebalance,367,NO_COVERAGE,none
LinkedHashTreeMap.java,com.google.gson.internal.LinkedHashTreeMap,org.pitest.mutationtest.engine.gregor.mutators.RemoveConditionalMutator_EQUAL_ELSE,rebalance,368,NO_COVERAGE,none
LinkedHashTreeMap.java,com.google.gson.internal.LinkedHashTreeMap,org.pitest.mutationtest.engine.gregor.mutators.RemoveConditionalMutator_EQUAL_ELSE,rebalance,371,NO_COVERAGE,none
LinkedHashTreeMap.java,com.google.gson.internal.LinkedHashTreeMap,org.pitest.mutationtest.engine.gregor.mutators.RemoveConditionalMutator_EQUAL_ELSE,rebalance,371,NO_COVERAGE,none
LinkedHashTreeMap.java,com.google.gson.internal.LinkedHashTreeMap,org.pitest.mutationtest.engine.gregor.mutators.RemoveConditionalMutator_EQUAL_ELSE,rebalance,371,NO_COVERAGE,none
LinkedHashTreeMap.java,com.google.gson.internal.LinkedHashTreeMap,org.pitest.mutationtest.engine.gregor.mutators.RemoveConditionalMutator_EQUAL_ELSE,rebalance,378,NO_COVERAGE,none
LinkedHashTreeMap.java,com.google.gson.internal.LinkedHashTreeMap,org.pitest.mutationtest.engine.gregor.mutators.RemoveConditionalMutator_EQUAL_ELSE,rebalance,382,SURVIVED,none
LinkedHashTreeMap.java,com.google.gson.internal.LinkedHashTreeMap,org.pitest.mutationtest.engine.gregor.mutators.RemoveConditionalMutator_EQUAL_ELSE,rebalance,384,SURVIVED,none
LinkedHashTreeMap.java,com.google.gson.internal.LinkedHashTreeMap,org.pitest.mutationtest.engine.gregor.mutators.RemoveConditionalMutator_EQUAL_ELSE,rebalance,391,SURVIVED,none
LinkedHashTreeMap.java,com.google.gson.internal.LinkedHashTreeMap,org.pitest.mutationtest.engine.gregor.mutators.RemoveConditionalMutator_EQUAL_IF,rebalance,339,KILLED,com.google.gson.internal.LinkedHashTreeMap_ESTest.test45
LinkedHashTreeMap.java,com.google.gson.internal.LinkedHashTreeMap,org.pitest.mutationtest.engine.gregor.mutators.RemoveConditionalMutator_EQUAL_IF,rebalance,342,KILLED,com.google.gson.internal.LinkedHashTreeMap_ESTest.test43
LinkedHashTreeMap.java,com.google.gson.internal.LinkedHashTreeMap,org.pitest.mutationtest.engine.gregor.mutators.RemoveConditionalMutator_EQUAL_IF,rebalance,343,KILLED,com.google.gson.internal.LinkedHashTreeMap_ESTest.test43
LinkedHashTreeMap.java,com.google.gson.internal.LinkedHashTreeMap,org.pitest.mutationtest.engine.gregor.mutators.RemoveConditionalMutator_EQUAL_IF,rebalance,346,KILLED,com.google.gson.internal.LinkedHashTreeMap_ESTest.test43
LinkedHashTreeMap.java,com.google.gson.internal.LinkedHashTreeMap,org.pitest.mutationtest.engine.gregor.mutators.RemoveConditionalMutator_EQUAL_IF,rebalance,349,NO_COVERAGE,none
LinkedHashTreeMap.java,com.google.gson.internal.LinkedHashTreeMap,org.pitest.mutationtest.engine.gregor.mutators.RemoveConditionalMutator_EQUAL_IF,rebalance,350,NO_COVERAGE,none
LinkedHashTreeMap.java,com.google.gson.internal.LinkedHashTreeMap,org.pitest.mutationtest.engine.gregor.mutators.RemoveConditionalMutator_EQUAL_IF,rebalance,353,NO_COVERAGE,none
LinkedHashTreeMap.java,com.google.gson.internal.LinkedHashTreeMap,org.pitest.mutationtest.engine.gregor.mutators.RemoveConditionalMutator_EQUAL_IF,rebalance,353,NO_COVERAGE,none
LinkedHashTreeMap.java,com.google.gson.internal.LinkedHashTreeMap,org.pitest.mutationtest.engine.gregor.mutators.RemoveConditionalMutator_EQUAL_IF,rebalance,353,NO_COVERAGE,none
LinkedHashTreeMap.java,com.google.gson.internal.LinkedHashTreeMap,org.pitest.mutationtest.engine.gregor.mutators.RemoveConditionalMutator_EQUAL_IF,rebalance,360,NO_COVERAGE,none
LinkedHashTreeMap.java,com.google.gson.internal.LinkedHashTreeMap,org.pitest.mutationtest.engine.gregor.mutators.RemoveConditionalMutator_EQUAL_IF,rebalance,364,KILLED,com.google.gson.internal.LinkedHashTreeMap_ESTest.test43
LinkedHashTreeMap.java,com.google.gson.internal.LinkedHashTreeMap,org.pitest.mutationtest.engine.gregor.mutators.RemoveConditionalMutator_EQUAL_IF,rebalance,367,NO_COVERAGE,none
LinkedHashTreeMap.java,com.google.gson.internal.LinkedHashTreeMap,org.pitest.mutationtest.engine.gregor.mutators.RemoveConditionalMutator_EQUAL_IF,rebalance,368,NO_COVERAGE,none
LinkedHashTreeMap.java,com.google.gson.internal.LinkedHashTreeMap,org.pitest.mutationtest.engine.gregor.mutators.RemoveConditionalMutator_EQUAL_IF,rebalance,371,NO_COVERAGE,none
LinkedHashTreeMap.java,com.google.gson.internal.LinkedHashTreeMap,org.pitest.mutationtest.engine.gregor.mutators.RemoveConditionalMutator_EQUAL_IF,rebalance,371,NO_COVERAGE,none
LinkedHashTreeMap.java,com.google.gson.internal.LinkedHashTreeMap,org.pitest.mutationtest.engine.gregor.mutators.RemoveConditionalMutator_EQUAL_IF,rebalance,371,NO_COVERAGE,none
LinkedHashTreeMap.java,com.google.gson.internal.LinkedHashTreeMap,org.pitest.mutationtest.engine.gregor.mutators.RemoveConditionalMutator_EQUAL_IF,rebalance,378,NO_COVERAGE,none
LinkedHashTreeMap.java,com.google.gson.internal.LinkedHashTreeMap,org.pitest.mutationtest.engine.gregor.mutators.RemoveConditionalMutator_EQUAL_IF,rebalance,382,SURVIVED,none
LinkedHashTreeMap.java,com.google.gson.internal.LinkedHashTreeMap,org.pitest.mutationtest.engine.gregor.mutators.RemoveConditionalMutator_EQUAL_IF,rebalance,384,SURVIVED,none
LinkedHashTreeMap.java,com.google.gson.internal.LinkedHashTreeMap,org.pitest.mutationtest.engine.gregor.mutators.RemoveConditionalMutator_EQUAL_IF,rebalance,391,SURVIVED,none
LinkedHashTreeMap.java,com.google.gson.internal.LinkedHashTreeMap,org.pitest.mutationtest.engine.gregor.mutators.VoidMethodCallMutator,rebalance,354,NO_COVERAGE,none
LinkedHashTreeMap.java,com.google.gson.internal.LinkedHashTreeMap,org.pitest.mutationtest.engine.gregor.mutators.VoidMethodCallMutator,rebalance,357,NO_COVERAGE,none
LinkedHashTreeMap.java,com.google.gson.internal.LinkedHashTreeMap,org.pitest.mutationtest.engine.gregor.mutators.VoidMethodCallMutator,rebalance,358,NO_COVERAGE,none
LinkedHashTreeMap.java,com.google.gson.internal.LinkedHashTreeMap,org.pitest.mutationtest.engine.gregor.mutators.VoidMethodCallMutator,rebalance,372,NO_COVERAGE,none
LinkedHashTreeMap.java,com.google.gson.internal.LinkedHashTreeMap,org.pitest.mutationtest.engine.gregor.mutators.VoidMethodCallMutator,rebalance,375,NO_COVERAGE,none
LinkedHashTreeMap.java,com.google.gson.internal.LinkedHashTreeMap,org.pitest.mutationtest.engine.gregor.mutators.VoidMethodCallMutator,rebalance,376,NO_COVERAGE,none
LinkedHashTreeMap.java,com.google.gson.internal.LinkedHashTreeMap,org.pitest.mutationtest.engine.gregor.mutators.experimental.MemberVariableMutator,rebalance,383,SURVIVED,none
LinkedHashTreeMap.java,com.google.gson.internal.LinkedHashTreeMap,org.pitest.mutationtest.engine.gregor.mutators.experimental.MemberVariableMutator,rebalance,390,SURVIVED,none
LinkedHashTreeMap.java,com.google.gson.internal.LinkedHashTreeMap,org.pitest.mutationtest.engine.gregor.mutators.NegateConditionalsMutator,remove,122,KILLED,com.google.gson.internal.LinkedHashTreeMap_ESTest.test52
LinkedHashTreeMap.java,com.google.gson.internal.LinkedHashTreeMap,org.pitest.mutationtest.engine.gregor.mutators.NonVoidMethodCallMutator,remove,121,SURVIVED,none
LinkedHashTreeMap.java,com.google.gson.internal.LinkedHashTreeMap,org.pitest.mutationtest.engine.gregor.mutators.RemoveConditionalMutator_EQUAL_ELSE,remove,122,SURVIVED,none
LinkedHashTreeMap.java,com.google.gson.internal.LinkedHashTreeMap,org.pitest.mutationtest.engine.gregor.mutators.RemoveConditionalMutator_EQUAL_IF,remove,122,KILLED,com.google.gson.internal.LinkedHashTreeMap_ESTest.test52
LinkedHashTreeMap.java,com.google.gson.internal.LinkedHashTreeMap,org.pitest.mutationtest.engine.gregor.mutators.ReturnValsMutator,remove,122,KILLED,com.google.gson.internal.LinkedHashTreeMap_ESTest.test52
LinkedHashTreeMap.java,com.google.gson.internal.LinkedHashTreeMap,org.pitest.mutationtest.engine.gregor.mutators.ArgumentPropagationMutator,removeInternal,285,NO_COVERAGE,none
LinkedHashTreeMap.java,com.google.gson.internal.LinkedHashTreeMap,org.pitest.mutationtest.engine.gregor.mutators.ConditionalsBoundaryMutator,removeInternal,266,NO_COVERAGE,none
LinkedHashTreeMap.java,com.google.gson.internal.LinkedHashTreeMap,org.pitest.mutationtest.engine.gregor.mutators.InlineConstantMutator,removeInternal,267,NO_COVERAGE,none
LinkedHashTreeMap.java,com.google.gson.internal.LinkedHashTreeMap,org.pitest.mutationtest.engine.gregor.mutators.InlineConstantMutator,removeInternal,269,NO_COVERAGE,none
LinkedHashTreeMap.java,com.google.gson.internal.LinkedHashTreeMap,org.pitest.mutationtest.engine.gregor.mutators.InlineConstantMutator,removeInternal,277,NO_COVERAGE,none
LinkedHashTreeMap.java,com.google.gson.internal.LinkedHashTreeMap,org.pitest.mutationtest.engine.gregor.mutators.InlineConstantMutator,removeInternal,285,NO_COVERAGE,none
LinkedHashTreeMap.java,com.google.gson.internal.LinkedHashTreeMap,org.pitest.mutationtest.engine.gregor.mutators.InlineConstantMutator,removeInternal,298,SURVIVED,none
LinkedHashTreeMap.java,com.google.gson.internal.LinkedHashTreeMap,org.pitest.mutationtest.engine.gregor.mutators.InlineConstantMutator,removeInternal,299,KILLED,com.google.gson.internal.LinkedHashTreeMap_ESTest.test45
LinkedHashTreeMap.java,com.google.gson.internal.LinkedHashTreeMap,org.pitest.mutationtest.engine.gregor.mutators.InlineConstantMutator,removeInternal,300,SURVIVED,none
LinkedHashTreeMap.java,com.google.gson.internal.LinkedHashTreeMap,org.pitest.mutationtest.engine.gregor.mutators.MathMutator,removeInternal,285,NO_COVERAGE,none
LinkedHashTreeMap.java,com.google.gson.internal.LinkedHashTreeMap,org.pitest.mutationtest.engine.gregor.mutators.MathMutator,removeInternal,299,KILLED,com.google.gson.internal.LinkedHashTreeMap_ESTest.test45
LinkedHashTreeMap.java,com.google.gson.internal.LinkedHashTreeMap,org.pitest.mutationtest.engine.gregor.mutators.MathMutator,removeInternal,300,SURVIVED,none
LinkedHashTreeMap.java,com.google.gson.internal.LinkedHashTreeMap,org.pitest.mutationtest.engine.gregor.mutators.NegateConditionalsMutator,removeInternal,246,SURVIVED,none
LinkedHashTreeMap.java,com.google.gson.internal.LinkedHashTreeMap,org.pitest.mutationtest.engine.gregor.mutators.NegateConditionalsMutator,removeInternal,255,SURVIVED,none
LinkedHashTreeMap.java,com.google.gson.internal.LinkedHashTreeMap,org.pitest.mutationtest.engine.gregor.mutators.NegateConditionalsMutator,removeInternal,255,KILLED,com.google.gson.internal.LinkedHashTreeMap_ESTest.test44
LinkedHashTreeMap.java,com.google.gson.internal.LinkedHashTreeMap,org.pitest.mutationtest.engine.gregor.mutators.NegateConditionalsMutator,removeInternal,266,NO_COVERAGE,none
LinkedHashTreeMap.java,com.google.gson.internal.LinkedHashTreeMap,org.pitest.mutationtest.engine.gregor.mutators.NegateConditionalsMutator,removeInternal,271,NO_COVERAGE,none
LinkedHashTreeMap.java,com.google.gson.internal.LinkedHashTreeMap,org.pitest.mutationtest.engine.gregor.mutators.NegateConditionalsMutator,removeInternal,279,NO_COVERAGE,none
LinkedHashTreeMap.java,com.google.gson.internal.LinkedHashTreeMap,org.pitest.mutationtest.engine.gregor.mutators.NegateConditionalsMutator,removeInternal,288,SURVIVED,none
LinkedHashTreeMap.java,com.google.gson.internal.LinkedHashTreeMap,org.pitest.mutationtest.engine.gregor.mutators.NegateConditionalsMutator,removeInternal,291,SURVIVED,none
LinkedHashTreeMap.java,com.google.gson.internal.LinkedHashTreeMap,org.pitest.mutationtest.engine.gregor.mutators.NonVoidMethodCallMutator,removeInternal,266,NO_COVERAGE,none
LinkedHashTreeMap.java,com.google.gson.internal.LinkedHashTreeMap,org.pitest.mutationtest.engine.gregor.mutators.NonVoidMethodCallMutator,removeInternal,266,NO_COVERAGE,none
LinkedHashTreeMap.java,com.google.gson.internal.LinkedHashTreeMap,org.pitest.mutationtest.engine.gregor.mutators.NonVoidMethodCallMutator,removeInternal,285,NO_COVERAGE,none
LinkedHashTreeMap.java,com.google.gson.internal.LinkedHashTreeMap,org.pitest.mutationtest.engine.gregor.mutators.RemoveConditionalMutator_EQUAL_ELSE,removeInternal,246,SURVIVED,none
LinkedHashTreeMap.java,com.google.gson.internal.LinkedHashTreeMap,org.pitest.mutationtest.engine.gregor.mutators.RemoveConditionalMutator_EQUAL_ELSE,removeInternal,255,SURVIVED,none
LinkedHashTreeMap.java,com.google.gson.internal.LinkedHashTreeMap,org.pitest.mutationtest.engine.gregor.mutators.RemoveConditionalMutator_EQUAL_ELSE,removeInternal,255,SURVIVED,none
LinkedHashTreeMap.java,com.google.gson.internal.LinkedHashTreeMap,org.pitest.mutationtest.engine.gregor.mutators.RemoveConditionalMutator_EQUAL_ELSE,removeInternal,271,NO_COVERAGE,none
LinkedHashTreeMap.java,com.google.gson.internal.LinkedHashTreeMap,org.pitest.mutationtest.engine.gregor.mutators.RemoveConditionalMutator_EQUAL_ELSE,removeInternal,279,NO_COVERAGE,none
LinkedHashTreeMap.java,com.google.gson.internal.LinkedHashTreeMap,org.pitest.mutationtest.engine.gregor.mutators.RemoveConditionalMutator_EQUAL_ELSE,removeInternal,288,SURVIVED,none
LinkedHashTreeMap.java,com.google.gson.internal.LinkedHashTreeMap,org.pitest.mutationtest.engine.gregor.mutators.RemoveConditionalMutator_EQUAL_ELSE,removeInternal,291,SURVIVED,none
LinkedHashTreeMap.java,com.google.gson.internal.LinkedHashTreeMap,org.pitest.mutationtest.engine.gregor.mutators.RemoveConditionalMutator_EQUAL_IF,removeInternal,246,SURVIVED,none
LinkedHashTreeMap.java,com.google.gson.internal.LinkedHashTreeMap,org.pitest.mutationtest.engine.gregor.mutators.RemoveConditionalMutator_EQUAL_IF,removeInternal,255,SURVIVED,none
LinkedHashTreeMap.java,com.google.gson.internal.LinkedHashTreeMap,org.pitest.mutationtest.engine.gregor.mutators.RemoveConditionalMutator_EQUAL_IF,removeInternal,255,KILLED,com.google.gson.internal.LinkedHashTreeMap_ESTest.test44
LinkedHashTreeMap.java,com.google.gson.internal.LinkedHashTreeMap,org.pitest.mutationtest.engine.gregor.mutators.RemoveConditionalMutator_EQUAL_IF,removeInternal,271,NO_COVERAGE,none
LinkedHashTreeMap.java,com.google.gson.internal.LinkedHashTreeMap,org.pitest.mutationtest.engine.gregor.mutators.RemoveConditionalMutator_EQUAL_IF,removeInternal,279,NO_COVERAGE,none
LinkedHashTreeMap.java,com.google.gson.internal.LinkedHashTreeMap,org.pitest.mutationtest.engine.gregor.mutators.RemoveConditionalMutator_EQUAL_IF,removeInternal,288,SURVIVED,none
LinkedHashTreeMap.java,com.google.gson.internal.LinkedHashTreeMap,org.pitest.mutationtest.engine.gregor.mutators.RemoveConditionalMutator_EQUAL_IF,removeInternal,291,SURVIVED,none
LinkedHashTreeMap.java,com.google.gson.internal.LinkedHashTreeMap,org.pitest.mutationtest.engine.gregor.mutators.RemoveConditionalMutator_ORDER_ELSE,removeInternal,266,NO_COVERAGE,none
LinkedHashTreeMap.java,com.google.gson.internal.LinkedHashTreeMap,org.pitest.mutationtest.engine.gregor.mutators.RemoveConditionalMutator_ORDER_IF,removeInternal,266,NO_COVERAGE,none
LinkedHashTreeMap.java,com.google.gson.internal.LinkedHashTreeMap,org.pitest.mutationtest.engine.gregor.mutators.VoidMethodCallMutator,removeInternal,267,NO_COVERAGE,none
LinkedHashTreeMap.java,com.google.gson.internal.LinkedHashTreeMap,org.pitest.mutationtest.engine.gregor.mutators.VoidMethodCallMutator,removeInternal,286,NO_COVERAGE,none
LinkedHashTreeMap.java,com.google.gson.internal.LinkedHashTreeMap,org.pitest.mutationtest.engine.gregor.mutators.VoidMethodCallMutator,removeInternal,289,SURVIVED,none
LinkedHashTreeMap.java,com.google.gson.internal.LinkedHashTreeMap,org.pitest.mutationtest.engine.gregor.mutators.VoidMethodCallMutator,removeInternal,292,NO_COVERAGE,none
LinkedHashTreeMap.java,com.google.gson.internal.LinkedHashTreeMap,org.pitest.mutationtest.engine.gregor.mutators.VoidMethodCallMutator,removeInternal,295,SURVIVED,none
LinkedHashTreeMap.java,com.google.gson.internal.LinkedHashTreeMap,org.pitest.mutationtest.engine.gregor.mutators.VoidMethodCallMutator,removeInternal,298,SURVIVED,none
LinkedHashTreeMap.java,com.google.gson.internal.LinkedHashTreeMap,org.pitest.mutationtest.engine.gregor.mutators.experimental.MemberVariableMutator,removeInternal,247,SURVIVED,none
LinkedHashTreeMap.java,com.google.gson.internal.LinkedHashTreeMap,org.pitest.mutationtest.engine.gregor.mutators.experimental.MemberVariableMutator,removeInternal,248,SURVIVED,none
LinkedHashTreeMap.java,com.google.gson.internal.LinkedHashTreeMap,org.pitest.mutationtest.engine.gregor.mutators.experimental.MemberVariableMutator,removeInternal,249,SURVIVED,none
LinkedHashTreeMap.java,com.google.gson.internal.LinkedHashTreeMap,org.pitest.mutationtest.engine.gregor.mutators.experimental.MemberVariableMutator,removeInternal,249,SURVIVED,none
LinkedHashTreeMap.java,com.google.gson.internal.LinkedHashTreeMap,org.pitest.mutationtest.engine.gregor.mutators.experimental.MemberVariableMutator,removeInternal,273,NO_COVERAGE,none
LinkedHashTreeMap.java,com.google.gson.internal.LinkedHashTreeMap,org.pitest.mutationtest.engine.gregor.mutators.experimental.MemberVariableMutator,removeInternal,274,NO_COVERAGE,none
LinkedHashTreeMap.java,com.google.gson.internal.LinkedHashTreeMap,org.pitest.mutationtest.engine.gregor.mutators.experimental.MemberVariableMutator,removeInternal,275,NO_COVERAGE,none
LinkedHashTreeMap.java,com.google.gson.internal.LinkedHashTreeMap,org.pitest.mutationtest.engine.gregor.mutators.experimental.MemberVariableMutator,removeInternal,281,NO_COVERAGE,none
LinkedHashTreeMap.java,com.google.gson.internal.LinkedHashTreeMap,org.pitest.mutationtest.engine.gregor.mutators.experimental.MemberVariableMutator,removeInternal,282,NO_COVERAGE,none
LinkedHashTreeMap.java,com.google.gson.internal.LinkedHashTreeMap,org.pitest.mutationtest.engine.gregor.mutators.experimental.MemberVariableMutator,removeInternal,283,NO_COVERAGE,none
LinkedHashTreeMap.java,com.google.gson.internal.LinkedHashTreeMap,org.pitest.mutationtest.engine.gregor.mutators.experimental.MemberVariableMutator,removeInternal,285,NO_COVERAGE,none
LinkedHashTreeMap.java,com.google.gson.internal.LinkedHashTreeMap,org.pitest.mutationtest.engine.gregor.mutators.experimental.MemberVariableMutator,removeInternal,290,SURVIVED,none
LinkedHashTreeMap.java,com.google.gson.internal.LinkedHashTreeMap,org.pitest.mutationtest.engine.gregor.mutators.experimental.MemberVariableMutator,removeInternal,293,NO_COVERAGE,none
LinkedHashTreeMap.java,com.google.gson.internal.LinkedHashTreeMap,org.pitest.mutationtest.engine.gregor.mutators.experimental.MemberVariableMutator,removeInternal,299,KILLED,com.google.gson.internal.LinkedHashTreeMap_ESTest.test45
LinkedHashTreeMap.java,com.google.gson.internal.LinkedHashTreeMap,org.pitest.mutationtest.engine.gregor.mutators.experimental.MemberVariableMutator,removeInternal,300,SURVIVED,none
LinkedHashTreeMap.java,com.google.gson.internal.LinkedHashTreeMap,org.pitest.mutationtest.engine.gregor.mutators.experimental.NakedReceiverMutator,removeInternal,266,NO_COVERAGE,none
LinkedHashTreeMap.java,com.google.gson.internal.LinkedHashTreeMap,org.pitest.mutationtest.engine.gregor.mutators.experimental.NakedReceiverMutator,removeInternal,266,NO_COVERAGE,none
LinkedHashTreeMap.java,com.google.gson.internal.LinkedHashTreeMap,org.pitest.mutationtest.engine.gregor.mutators.InlineConstantMutator,removeInternalByKey,306,NO_COVERAGE,none
LinkedHashTreeMap.java,com.google.gson.internal.LinkedHashTreeMap,org.pitest.mutationtest.engine.gregor.mutators.NegateConditionalsMutator,removeInternalByKey,305,KILLED,com.google.gson.internal.LinkedHashTreeMap_ESTest.test07
LinkedHashTreeMap.java,com.google.gson.internal.LinkedHashTreeMap,org.pitest.mutationtest.engine.gregor.mutators.NonVoidMethodCallMutator,removeInternalByKey,304,SURVIVED,none
LinkedHashTreeMap.java,com.google.gson.internal.LinkedHashTreeMap,org.pitest.mutationtest.engine.gregor.mutators.NullReturnValsMutator,removeInternalByKey,308,SURVIVED,none
LinkedHashTreeMap.java,com.google.gson.internal.LinkedHashTreeMap,org.pitest.mutationtest.engine.gregor.mutators.RemoveConditionalMutator_EQUAL_ELSE,removeInternalByKey,305,SURVIVED,none
LinkedHashTreeMap.java,com.google.gson.internal.LinkedHashTreeMap,org.pitest.mutationtest.engine.gregor.mutators.RemoveConditionalMutator_EQUAL_IF,removeInternalByKey,305,KILLED,com.google.gson.internal.LinkedHashTreeMap_ESTest.test07
LinkedHashTreeMap.java,com.google.gson.internal.LinkedHashTreeMap,org.pitest.mutationtest.engine.gregor.mutators.ReturnValsMutator,removeInternalByKey,308,KILLED,com.google.gson.internal.LinkedHashTreeMap_ESTest.test07
LinkedHashTreeMap.java,com.google.gson.internal.LinkedHashTreeMap,org.pitest.mutationtest.engine.gregor.mutators.VoidMethodCallMutator,removeInternalByKey,306,NO_COVERAGE,none
LinkedHashTreeMap.java,com.google.gson.internal.LinkedHashTreeMap,org.pitest.mutationtest.engine.gregor.mutators.InlineConstantMutator,replaceInParent,326,KILLED,com.google.gson.internal.LinkedHashTreeMap_ESTest.test45
LinkedHashTreeMap.java,com.google.gson.internal.LinkedHashTreeMap,org.pitest.mutationtest.engine.gregor.mutators.MathMutator,replaceInParent,326,KILLED,com.google.gson.internal.LinkedHashTreeMap_ESTest.test45
LinkedHashTreeMap.java,com.google.gson.internal.LinkedHashTreeMap,org.pitest.mutationtest.engine.gregor.mutators.MathMutator,replaceInParent,326,KILLED,com.google.gson.internal.LinkedHashTreeMap_ESTest.test45
LinkedHashTreeMap.java,com.google.gson.internal.LinkedHashTreeMap,org.pitest.mutationtest.engine.gregor.mutators.NegateConditionalsMutator,replaceInParent,314,KILLED,com.google.gson.internal.LinkedHashTreeMap_ESTest.test45
LinkedHashTreeMap.java,com.google.gson.internal.LinkedHashTreeMap,org.pitest.mutationtest.engine.gregor.mutators.NegateConditionalsMutator,replaceInParent,318,KILLED,com.google.gson.internal.LinkedHashTreeMap_ESTest.test45
LinkedHashTreeMap.java,com.google.gson.internal.LinkedHashTreeMap,org.pitest.mutationtest.engine.gregor.mutators.NegateConditionalsMutator,replaceInParent,319,SURVIVED,none
LinkedHashTreeMap.java,com.google.gson.internal.LinkedHashTreeMap,org.pitest.mutationtest.engine.gregor.mutators.RemoveConditionalMutator_EQUAL_ELSE,replaceInParent,314,SURVIVED,none
LinkedHashTreeMap.java,com.google.gson.internal.LinkedHashTreeMap,org.pitest.mutationtest.engine.gregor.mutators.RemoveConditionalMutator_EQUAL_ELSE,replaceInParent,318,SURVIVED,none
LinkedHashTreeMap.java,com.google.gson.internal.LinkedHashTreeMap,org.pitest.mutationtest.engine.gregor.mutators.RemoveConditionalMutator_EQUAL_ELSE,replaceInParent,319,SURVIVED,none
LinkedHashTreeMap.java,com.google.gson.internal.LinkedHashTreeMap,org.pitest.mutationtest.engine.gregor.mutators.RemoveConditionalMutator_EQUAL_IF,replaceInParent,314,KILLED,com.google.gson.internal.LinkedHashTreeMap_ESTest.test45
LinkedHashTreeMap.java,com.google.gson.internal.LinkedHashTreeMap,org.pitest.mutationtest.engine.gregor.mutators.RemoveConditionalMutator_EQUAL_IF,replaceInParent,318,KILLED,com.google.gson.internal.LinkedHashTreeMap_ESTest.test45
LinkedHashTreeMap.java,com.google.gson.internal.LinkedHashTreeMap,org.pitest.mutationtest.engine.gregor.mutators.RemoveConditionalMutator_EQUAL_IF,replaceInParent,319,SURVIVED,none
LinkedHashTreeMap.java,com.google.gson.internal.LinkedHashTreeMap,org.pitest.mutationtest.engine.gregor.mutators.experimental.MemberVariableMutator,replaceInParent,313,SURVIVED,none
LinkedHashTreeMap.java,com.google.gson.internal.LinkedHashTreeMap,org.pitest.mutationtest.engine.gregor.mutators.experimental.MemberVariableMutator,replaceInParent,315,SURVIVED,none
LinkedHashTreeMap.java,com.google.gson.internal.LinkedHashTreeMap,org.pitest.mutationtest.engine.gregor.mutators.experimental.MemberVariableMutator,replaceInParent,320,NO_COVERAGE,none
LinkedHashTreeMap.java,com.google.gson.internal.LinkedHashTreeMap,org.pitest.mutationtest.engine.gregor.mutators.experimental.MemberVariableMutator,replaceInParent,323,SURVIVED,none
LinkedHashTreeMap.java,com.google.gson.internal.LinkedHashTreeMap,org.pitest.mutationtest.engine.gregor.mutators.ArgumentPropagationMutator,rotateLeft,420,NO_COVERAGE,none
LinkedHashTreeMap.java,com.google.gson.internal.LinkedHashTreeMap,org.pitest.mutationtest.engine.gregor.mutators.ArgumentPropagationMutator,rotateLeft,422,NO_COVERAGE,none
LinkedHashTreeMap.java,com.google.gson.internal.LinkedHashTreeMap,org.pitest.mutationtest.engine.gregor.mutators.InlineConstantMutator,rotateLeft,420,NO_COVERAGE,none
LinkedHashTreeMap.java,com.google.gson.internal.LinkedHashTreeMap,org.pitest.mutationtest.engine.gregor.mutators.InlineConstantMutator,rotateLeft,420,NO_COVERAGE,none
LinkedHashTreeMap.java,com.google.gson.internal.LinkedHashTreeMap,org.pitest.mutationtest.engine.gregor.mutators.InlineConstantMutator,rotateLeft,420,NO_COVERAGE,none
LinkedHashTreeMap.java,com.google.gson.internal.LinkedHashTreeMap,org.pitest.mutationtest.engine.gregor.mutators.InlineConstantMutator,rotateLeft,422,NO_COVERAGE,none
LinkedHashTreeMap.java,com.google.gson.internal.LinkedHashTreeMap,org.pitest.mutationtest.engine.gregor.mutators.InlineConstantMutator,rotateLeft,422,NO_COVERAGE,none
LinkedHashTreeMap.java,com.google.gson.internal.LinkedHashTreeMap,org.pitest.mutationtest.engine.gregor.mutators.MathMutator,rotateLeft,420,NO_COVERAGE,none
LinkedHashTreeMap.java,com.google.gson.internal.LinkedHashTreeMap,org.pitest.mutationtest.engine.gregor.mutators.MathMutator,rotateLeft,422,NO_COVERAGE,none
LinkedHashTreeMap.java,com.google.gson.internal.LinkedHashTreeMap,org.pitest.mutationtest.engine.gregor.mutators.NegateConditionalsMutator,rotateLeft,409,NO_COVERAGE,none
LinkedHashTreeMap.java,com.google.gson.internal.LinkedHashTreeMap,org.pitest.mutationtest.engine.gregor.mutators.NegateConditionalsMutator,rotateLeft,420,NO_COVERAGE,none
LinkedHashTreeMap.java,com.google.gson.internal.LinkedHashTreeMap,org.pitest.mutationtest.engine.gregor.mutators.NegateConditionalsMutator,rotateLeft,420,NO_COVERAGE,none
LinkedHashTreeMap.java,com.google.gson.internal.LinkedHashTreeMap,org.pitest.mutationtest.engine.gregor.mutators.NegateConditionalsMutator,rotateLeft,422,NO_COVERAGE,none
LinkedHashTreeMap.java,com.google.gson.internal.LinkedHashTreeMap,org.pitest.mutationtest.engine.gregor.mutators.NonVoidMethodCallMutator,rotateLeft,420,NO_COVERAGE,none
LinkedHashTreeMap.java,com.google.gson.internal.LinkedHashTreeMap,org.pitest.mutationtest.engine.gregor.mutators.NonVoidMethodCallMutator,rotateLeft,422,NO_COVERAGE,none
LinkedHashTreeMap.java,com.google.gson.internal.LinkedHashTreeMap,org.pitest.mutationtest.engine.gregor.mutators.RemoveConditionalMutator_EQUAL_ELSE,rotateLeft,409,NO_COVERAGE,none
LinkedHashTreeMap.java,com.google.gson.internal.LinkedHashTreeMap,org.pitest.mutationtest.engine.gregor.mutators.RemoveConditionalMutator_EQUAL_ELSE,rotateLeft,420,NO_COVERAGE,none
LinkedHashTreeMap.java,com.google.gson.internal.LinkedHashTreeMap,org.pitest.mutationtest.engine.gregor.mutators.RemoveConditionalMutator_EQUAL_ELSE,rotateLeft,420,NO_COVERAGE,none
LinkedHashTreeMap.java,com.google.gson.internal.LinkedHashTreeMap,org.pitest.mutationtest.engine.gregor.mutators.RemoveConditionalMutator_EQUAL_ELSE,rotateLeft,422,NO_COVERAGE,none
LinkedHashTreeMap.java,com.google.gson.internal.LinkedHashTreeMap,org.pitest.mutationtest.engine.gregor.mutators.RemoveConditionalMutator_EQUAL_IF,rotateLeft,409,NO_COVERAGE,none
LinkedHashTreeMap.java,com.google.gson.internal.LinkedHashTreeMap,org.pitest.mutationtest.engine.gregor.mutators.RemoveConditionalMutator_EQUAL_IF,rotateLeft,420,NO_COVERAGE,none
LinkedHashTreeMap.java,com.google.gson.internal.LinkedHashTreeMap,org.pitest.mutationtest.engine.gregor.mutators.RemoveConditionalMutator_EQUAL_IF,rotateLeft,420,NO_COVERAGE,none
LinkedHashTreeMap.java,com.google.gson.internal.LinkedHashTreeMap,org.pitest.mutationtest.engine.gregor.mutators.RemoveConditionalMutator_EQUAL_IF,rotateLeft,422,NO_COVERAGE,none
LinkedHashTreeMap.java,com.google.gson.internal.LinkedHashTreeMap,org.pitest.mutationtest.engine.gregor.mutators.VoidMethodCallMutator,rotateLeft,413,NO_COVERAGE,none
LinkedHashTreeMap.java,com.google.gson.internal.LinkedHashTreeMap,org.pitest.mutationtest.engine.gregor.mutators.experimental.MemberVariableMutator,rotateLeft,408,NO_COVERAGE,none
LinkedHashTreeMap.java,com.google.gson.internal.LinkedHashTreeMap,org.pitest.mutationtest.engine.gregor.mutators.experimental.MemberVariableMutator,rotateLeft,410,NO_COVERAGE,none
LinkedHashTreeMap.java,com.google.gson.internal.LinkedHashTreeMap,org.pitest.mutationtest.engine.gregor.mutators.experimental.MemberVariableMutator,rotateLeft,416,NO_COVERAGE,none
LinkedHashTreeMap.java,com.google.gson.internal.LinkedHashTreeMap,org.pitest.mutationtest.engine.gregor.mutators.experimental.MemberVariableMutator,rotateLeft,417,NO_COVERAGE,none
LinkedHashTreeMap.java,com.google.gson.internal.LinkedHashTreeMap,org.pitest.mutationtest.engine.gregor.mutators.experimental.MemberVariableMutator,rotateLeft,420,NO_COVERAGE,none
LinkedHashTreeMap.java,com.google.gson.internal.LinkedHashTreeMap,org.pitest.mutationtest.engine.gregor.mutators.experimental.MemberVariableMutator,rotateLeft,422,NO_COVERAGE,none
LinkedHashTreeMap.java,com.google.gson.internal.LinkedHashTreeMap,org.pitest.mutationtest.engine.gregor.mutators.ArgumentPropagationMutator,rotateRight,448,NO_COVERAGE,none
LinkedHashTreeMap.java,com.google.gson.internal.LinkedHashTreeMap,org.pitest.mutationtest.engine.gregor.mutators.ArgumentPropagationMutator,rotateRight,450,NO_COVERAGE,none
LinkedHashTreeMap.java,com.google.gson.internal.LinkedHashTreeMap,org.pitest.mutationtest.engine.gregor.mutators.InlineConstantMutator,rotateRight,448,NO_COVERAGE,none
LinkedHashTreeMap.java,com.google.gson.internal.LinkedHashTreeMap,org.pitest.mutationtest.engine.gregor.mutators.InlineConstantMutator,rotateRight,448,NO_COVERAGE,none
LinkedHashTreeMap.java,com.google.gson.internal.LinkedHashTreeMap,org.pitest.mutationtest.engine.gregor.mutators.InlineConstantMutator,rotateRight,448,NO_COVERAGE,none
LinkedHashTreeMap.java,com.google.gson.internal.LinkedHashTreeMap,org.pitest.mutationtest.engine.gregor.mutators.InlineConstantMutator,rotateRight,450,NO_COVERAGE,none
LinkedHashTreeMap.java,com.google.gson.internal.LinkedHashTreeMap,org.pitest.mutationtest.engine.gregor.mutators.InlineConstantMutator,rotateRight,450,NO_COVERAGE,none
LinkedHashTreeMap.java,com.google.gson.internal.LinkedHashTreeMap,org.pitest.mutationtest.engine.gregor.mutators.MathMutator,rotateRight,448,NO_COVERAGE,none
LinkedHashTreeMap.java,com.google.gson.internal.LinkedHashTreeMap,org.pitest.mutationtest.engine.gregor.mutators.MathMutator,rotateRight,450,NO_COVERAGE,none
LinkedHashTreeMap.java,com.google.gson.internal.LinkedHashTreeMap,org.pitest.mutationtest.engine.gregor.mutators.NegateConditionalsMutator,rotateRight,437,NO_COVERAGE,none
LinkedHashTreeMap.java,com.google.gson.internal.LinkedHashTreeMap,org.pitest.mutationtest.engine.gregor.mutators.NegateConditionalsMutator,rotateRight,448,NO_COVERAGE,none
LinkedHashTreeMap.java,com.google.gson.internal.LinkedHashTreeMap,org.pitest.mutationtest.engine.gregor.mutators.NegateConditionalsMutator,rotateRight,448,NO_COVERAGE,none
LinkedHashTreeMap.java,com.google.gson.internal.LinkedHashTreeMap,org.pitest.mutationtest.engine.gregor.mutators.NegateConditionalsMutator,rotateRight,450,NO_COVERAGE,none
LinkedHashTreeMap.java,com.google.gson.internal.LinkedHashTreeMap,org.pitest.mutationtest.engine.gregor.mutators.NonVoidMethodCallMutator,rotateRight,448,NO_COVERAGE,none
LinkedHashTreeMap.java,com.google.gson.internal.LinkedHashTreeMap,org.pitest.mutationtest.engine.gregor.mutators.NonVoidMethodCallMutator,rotateRight,450,NO_COVERAGE,none
LinkedHashTreeMap.java,com.google.gson.internal.LinkedHashTreeMap,org.pitest.mutationtest.engine.gregor.mutators.RemoveConditionalMutator_EQUAL_ELSE,rotateRight,437,NO_COVERAGE,none
LinkedHashTreeMap.java,com.google.gson.internal.LinkedHashTreeMap,org.pitest.mutationtest.engine.gregor.mutators.RemoveConditionalMutator_EQUAL_ELSE,rotateRight,448,NO_COVERAGE,none
LinkedHashTreeMap.java,com.google.gson.internal.LinkedHashTreeMap,org.pitest.mutationtest.engine.gregor.mutators.RemoveConditionalMutator_EQUAL_ELSE,rotateRight,448,NO_COVERAGE,none
LinkedHashTreeMap.java,com.google.gson.internal.LinkedHashTreeMap,org.pitest.mutationtest.engine.gregor.mutators.RemoveConditionalMutator_EQUAL_ELSE,rotateRight,450,NO_COVERAGE,none
LinkedHashTreeMap.java,com.google.gson.internal.LinkedHashTreeMap,org.pitest.mutationtest.engine.gregor.mutators.RemoveConditionalMutator_EQUAL_IF,rotateRight,437,NO_COVERAGE,none
LinkedHashTreeMap.java,com.google.gson.internal.LinkedHashTreeMap,org.pitest.mutationtest.engine.gregor.mutators.RemoveConditionalMutator_EQUAL_IF,rotateRight,448,NO_COVERAGE,none
LinkedHashTreeMap.java,com.google.gson.internal.LinkedHashTreeMap,org.pitest.mutationtest.engine.gregor.mutators.RemoveConditionalMutator_EQUAL_IF,rotateRight,448,NO_COVERAGE,none
LinkedHashTreeMap.java,com.google.gson.internal.LinkedHashTreeMap,org.pitest.mutationtest.engine.gregor.mutators.RemoveConditionalMutator_EQUAL_IF,rotateRight,450,NO_COVERAGE,none
LinkedHashTreeMap.java,com.google.gson.internal.LinkedHashTreeMap,org.pitest.mutationtest.engine.gregor.mutators.VoidMethodCallMutator,rotateRight,441,NO_COVERAGE,none
LinkedHashTreeMap.java,com.google.gson.internal.LinkedHashTreeMap,org.pitest.mutationtest.engine.gregor.mutators.experimental.MemberVariableMutator,rotateRight,436,NO_COVERAGE,none
LinkedHashTreeMap.java,com.google.gson.internal.LinkedHashTreeMap,org.pitest.mutationtest.engine.gregor.mutators.experimental.MemberVariableMutator,rotateRight,438,NO_COVERAGE,none
LinkedHashTreeMap.java,com.google.gson.internal.LinkedHashTreeMap,org.pitest.mutationtest.engine.gregor.mutators.experimental.MemberVariableMutator,rotateRight,444,NO_COVERAGE,none
LinkedHashTreeMap.java,com.google.gson.internal.LinkedHashTreeMap,org.pitest.mutationtest.engine.gregor.mutators.experimental.MemberVariableMutator,rotateRight,445,NO_COVERAGE,none
LinkedHashTreeMap.java,com.google.gson.internal.LinkedHashTreeMap,org.pitest.mutationtest.engine.gregor.mutators.experimental.MemberVariableMutator,rotateRight,448,NO_COVERAGE,none
LinkedHashTreeMap.java,com.google.gson.internal.LinkedHashTreeMap,org.pitest.mutationtest.engine.gregor.mutators.experimental.MemberVariableMutator,rotateRight,450,NO_COVERAGE,none
LinkedHashTreeMap.java,com.google.gson.internal.LinkedHashTreeMap,org.pitest.mutationtest.engine.gregor.mutators.InlineConstantMutator,secondaryHash,235,SURVIVED,none
LinkedHashTreeMap.java,com.google.gson.internal.LinkedHashTreeMap,org.pitest.mutationtest.engine.gregor.mutators.InlineConstantMutator,secondaryHash,235,KILLED,com.google.gson.internal.LinkedHashTreeMap_ESTest.test16
LinkedHashTreeMap.java,com.google.gson.internal.LinkedHashTreeMap,org.pitest.mutationtest.engine.gregor.mutators.InlineConstantMutator,secondaryHash,236,SURVIVED,none
LinkedHashTreeMap.java,com.google.gson.internal.LinkedHashTreeMap,org.pitest.mutationtest.engine.gregor.mutators.InlineConstantMutator,secondaryHash,236,KILLED,com.google.gson.internal.LinkedHashTreeMap_ESTest.test16
LinkedHashTreeMap.java,com.google.gson.internal.LinkedHashTreeMap,org.pitest.mutationtest.engine.gregor.mutators.MathMutator,secondaryHash,235,SURVIVED,none
LinkedHashTreeMap.java,com.google.gson.internal.LinkedHashTreeMap,org.pitest.mutationtest.engine.gregor.mutators.MathMutator,secondaryHash,235,KILLED,com.google.gson.internal.LinkedHashTreeMap_ESTest.test16
LinkedHashTreeMap.java,com.google.gson.internal.LinkedHashTreeMap,org.pitest.mutationtest.engine.gregor.mutators.MathMutator,secondaryHash,235,KILLED,com.google.gson.internal.LinkedHashTreeMap_ESTest.test16
LinkedHashTreeMap.java,com.google.gson.internal.LinkedHashTreeMap,org.pitest.mutationtest.engine.gregor.mutators.MathMutator,secondaryHash,235,KILLED,com.google.gson.internal.LinkedHashTreeMap_ESTest.test16
LinkedHashTreeMap.java,com.google.gson.internal.LinkedHashTreeMap,org.pitest.mutationtest.engine.gregor.mutators.MathMutator,secondaryHash,236,KILLED,com.google.gson.internal.LinkedHashTreeMap_ESTest.test16
LinkedHashTreeMap.java,com.google.gson.internal.LinkedHashTreeMap,org.pitest.mutationtest.engine.gregor.mutators.MathMutator,secondaryHash,236,KILLED,com.google.gson.internal.LinkedHashTreeMap_ESTest.test16
LinkedHashTreeMap.java,com.google.gson.internal.LinkedHashTreeMap,org.pitest.mutationtest.engine.gregor.mutators.MathMutator,secondaryHash,236,KILLED,com.google.gson.internal.LinkedHashTreeMap_ESTest.test16
LinkedHashTreeMap.java,com.google.gson.internal.LinkedHashTreeMap,org.pitest.mutationtest.engine.gregor.mutators.MathMutator,secondaryHash,236,KILLED,com.google.gson.internal.LinkedHashTreeMap_ESTest.test16
LinkedHashTreeMap.java,com.google.gson.internal.LinkedHashTreeMap,org.pitest.mutationtest.engine.gregor.mutators.PrimitiveReturnsMutator,secondaryHash,236,KILLED,com.google.gson.internal.LinkedHashTreeMap_ESTest.test16
LinkedHashTreeMap.java,com.google.gson.internal.LinkedHashTreeMap,org.pitest.mutationtest.engine.gregor.mutators.ReturnValsMutator,secondaryHash,236,KILLED,com.google.gson.internal.LinkedHashTreeMap_ESTest.test16
LinkedHashTreeMap.java,com.google.gson.internal.LinkedHashTreeMap,org.pitest.mutationtest.engine.gregor.mutators.PrimitiveReturnsMutator,size,82,KILLED,com.google.gson.internal.LinkedHashTreeMap_ESTest.test45
LinkedHashTreeMap.java,com.google.gson.internal.LinkedHashTreeMap,org.pitest.mutationtest.engine.gregor.mutators.ReturnValsMutator,size,82,KILLED,com.google.gson.internal.LinkedHashTreeMap_ESTest.test09
LinkedHashTreeMap.java,com.google.gson.internal.LinkedHashTreeMap,org.pitest.mutationtest.engine.gregor.mutators.ConstructorCallMutator,writeReplace,862,NO_COVERAGE,none
LinkedHashTreeMap.java,com.google.gson.internal.LinkedHashTreeMap,org.pitest.mutationtest.engine.gregor.mutators.NullReturnValsMutator,writeReplace,862,NO_COVERAGE,none
LinkedHashTreeMap.java,com.google.gson.internal.LinkedHashTreeMap,org.pitest.mutationtest.engine.gregor.mutators.ReturnValsMutator,writeReplace,862,NO_COVERAGE,none
