PartitionMembership.java,weka.filters.unsupervised.attribute.PartitionMembership,org.pitest.mutationtest.engine.gregor.mutators.ConstructorCallMutator,<init>,73,NO_COVERAGE,none
PartitionMembership.java,weka.filters.unsupervised.attribute.PartitionMembership,org.pitest.mutationtest.engine.gregor.mutators.experimental.MemberVariableMutator,<init>,73,NO_COVERAGE,none
PartitionMembership.java,weka.filters.unsupervised.attribute.PartitionMembership,org.pitest.mutationtest.engine.gregor.mutators.BooleanTrueReturnValsMutator,batchFinished,159,NO_COVERAGE,none
PartitionMembership.java,weka.filters.unsupervised.attribute.PartitionMembership,org.pitest.mutationtest.engine.gregor.mutators.ConditionalsBoundaryMutator,batchFinished,137,NO_COVERAGE,none
PartitionMembership.java,weka.filters.unsupervised.attribute.PartitionMembership,org.pitest.mutationtest.engine.gregor.mutators.ConditionalsBoundaryMutator,batchFinished,140,NO_COVERAGE,none
PartitionMembership.java,weka.filters.unsupervised.attribute.PartitionMembership,org.pitest.mutationtest.engine.gregor.mutators.ConditionalsBoundaryMutator,batchFinished,146,NO_COVERAGE,none
PartitionMembership.java,weka.filters.unsupervised.attribute.PartitionMembership,org.pitest.mutationtest.engine.gregor.mutators.ConditionalsBoundaryMutator,batchFinished,152,NO_COVERAGE,none
PartitionMembership.java,weka.filters.unsupervised.attribute.PartitionMembership,org.pitest.mutationtest.engine.gregor.mutators.ConstructorCallMutator,batchFinished,126,NO_COVERAGE,none
PartitionMembership.java,weka.filters.unsupervised.attribute.PartitionMembership,org.pitest.mutationtest.engine.gregor.mutators.ConstructorCallMutator,batchFinished,136,NO_COVERAGE,none
PartitionMembership.java,weka.filters.unsupervised.attribute.PartitionMembership,org.pitest.mutationtest.engine.gregor.mutators.ConstructorCallMutator,batchFinished,138,NO_COVERAGE,none
PartitionMembership.java,weka.filters.unsupervised.attribute.PartitionMembership,org.pitest.mutationtest.engine.gregor.mutators.ConstructorCallMutator,batchFinished,138,NO_COVERAGE,none
PartitionMembership.java,weka.filters.unsupervised.attribute.PartitionMembership,org.pitest.mutationtest.engine.gregor.mutators.ConstructorCallMutator,batchFinished,144,NO_COVERAGE,none
PartitionMembership.java,weka.filters.unsupervised.attribute.PartitionMembership,org.pitest.mutationtest.engine.gregor.mutators.ConstructorCallMutator,batchFinished,144,NO_COVERAGE,none
PartitionMembership.java,weka.filters.unsupervised.attribute.PartitionMembership,org.pitest.mutationtest.engine.gregor.mutators.InlineConstantMutator,batchFinished,137,NO_COVERAGE,none
PartitionMembership.java,weka.filters.unsupervised.attribute.PartitionMembership,org.pitest.mutationtest.engine.gregor.mutators.InlineConstantMutator,batchFinished,144,NO_COVERAGE,none
PartitionMembership.java,weka.filters.unsupervised.attribute.PartitionMembership,org.pitest.mutationtest.engine.gregor.mutators.InlineConstantMutator,batchFinished,147,NO_COVERAGE,none
PartitionMembership.java,weka.filters.unsupervised.attribute.PartitionMembership,org.pitest.mutationtest.engine.gregor.mutators.InlineConstantMutator,batchFinished,152,NO_COVERAGE,none
PartitionMembership.java,weka.filters.unsupervised.attribute.PartitionMembership,org.pitest.mutationtest.engine.gregor.mutators.InlineConstantMutator,batchFinished,158,NO_COVERAGE,none
PartitionMembership.java,weka.filters.unsupervised.attribute.PartitionMembership,org.pitest.mutationtest.engine.gregor.mutators.InlineConstantMutator,batchFinished,159,NO_COVERAGE,none
PartitionMembership.java,weka.filters.unsupervised.attribute.PartitionMembership,org.pitest.mutationtest.engine.gregor.mutators.InlineConstantMutator,batchFinished,159,NO_COVERAGE,none
PartitionMembership.java,weka.filters.unsupervised.attribute.PartitionMembership,org.pitest.mutationtest.engine.gregor.mutators.MathMutator,batchFinished,147,NO_COVERAGE,none
PartitionMembership.java,weka.filters.unsupervised.attribute.PartitionMembership,org.pitest.mutationtest.engine.gregor.mutators.NegateConditionalsMutator,batchFinished,125,NO_COVERAGE,none
PartitionMembership.java,weka.filters.unsupervised.attribute.PartitionMembership,org.pitest.mutationtest.engine.gregor.mutators.NegateConditionalsMutator,batchFinished,129,NO_COVERAGE,none
PartitionMembership.java,weka.filters.unsupervised.attribute.PartitionMembership,org.pitest.mutationtest.engine.gregor.mutators.NegateConditionalsMutator,batchFinished,137,NO_COVERAGE,none
PartitionMembership.java,weka.filters.unsupervised.attribute.PartitionMembership,org.pitest.mutationtest.engine.gregor.mutators.NegateConditionalsMutator,batchFinished,140,NO_COVERAGE,none
PartitionMembership.java,weka.filters.unsupervised.attribute.PartitionMembership,org.pitest.mutationtest.engine.gregor.mutators.NegateConditionalsMutator,batchFinished,146,NO_COVERAGE,none
PartitionMembership.java,weka.filters.unsupervised.attribute.PartitionMembership,org.pitest.mutationtest.engine.gregor.mutators.NegateConditionalsMutator,batchFinished,152,NO_COVERAGE,none
PartitionMembership.java,weka.filters.unsupervised.attribute.PartitionMembership,org.pitest.mutationtest.engine.gregor.mutators.NegateConditionalsMutator,batchFinished,159,NO_COVERAGE,none
PartitionMembership.java,weka.filters.unsupervised.attribute.PartitionMembership,org.pitest.mutationtest.engine.gregor.mutators.NonVoidMethodCallMutator,batchFinished,125,NO_COVERAGE,none
PartitionMembership.java,weka.filters.unsupervised.attribute.PartitionMembership,org.pitest.mutationtest.engine.gregor.mutators.NonVoidMethodCallMutator,batchFinished,129,NO_COVERAGE,none
PartitionMembership.java,weka.filters.unsupervised.attribute.PartitionMembership,org.pitest.mutationtest.engine.gregor.mutators.NonVoidMethodCallMutator,batchFinished,130,NO_COVERAGE,none
PartitionMembership.java,weka.filters.unsupervised.attribute.PartitionMembership,org.pitest.mutationtest.engine.gregor.mutators.NonVoidMethodCallMutator,batchFinished,137,NO_COVERAGE,none
PartitionMembership.java,weka.filters.unsupervised.attribute.PartitionMembership,org.pitest.mutationtest.engine.gregor.mutators.NonVoidMethodCallMutator,batchFinished,138,NO_COVERAGE,none
PartitionMembership.java,weka.filters.unsupervised.attribute.PartitionMembership,org.pitest.mutationtest.engine.gregor.mutators.NonVoidMethodCallMutator,batchFinished,138,NO_COVERAGE,none
PartitionMembership.java,weka.filters.unsupervised.attribute.PartitionMembership,org.pitest.mutationtest.engine.gregor.mutators.NonVoidMethodCallMutator,batchFinished,138,NO_COVERAGE,none
PartitionMembership.java,weka.filters.unsupervised.attribute.PartitionMembership,org.pitest.mutationtest.engine.gregor.mutators.NonVoidMethodCallMutator,batchFinished,140,NO_COVERAGE,none
PartitionMembership.java,weka.filters.unsupervised.attribute.PartitionMembership,org.pitest.mutationtest.engine.gregor.mutators.NonVoidMethodCallMutator,batchFinished,141,NO_COVERAGE,none
PartitionMembership.java,weka.filters.unsupervised.attribute.PartitionMembership,org.pitest.mutationtest.engine.gregor.mutators.NonVoidMethodCallMutator,batchFinished,141,NO_COVERAGE,none
PartitionMembership.java,weka.filters.unsupervised.attribute.PartitionMembership,org.pitest.mutationtest.engine.gregor.mutators.NonVoidMethodCallMutator,batchFinished,144,NO_COVERAGE,none
PartitionMembership.java,weka.filters.unsupervised.attribute.PartitionMembership,org.pitest.mutationtest.engine.gregor.mutators.NonVoidMethodCallMutator,batchFinished,144,NO_COVERAGE,none
PartitionMembership.java,weka.filters.unsupervised.attribute.PartitionMembership,org.pitest.mutationtest.engine.gregor.mutators.NonVoidMethodCallMutator,batchFinished,144,NO_COVERAGE,none
PartitionMembership.java,weka.filters.unsupervised.attribute.PartitionMembership,org.pitest.mutationtest.engine.gregor.mutators.NonVoidMethodCallMutator,batchFinished,144,NO_COVERAGE,none
PartitionMembership.java,weka.filters.unsupervised.attribute.PartitionMembership,org.pitest.mutationtest.engine.gregor.mutators.NonVoidMethodCallMutator,batchFinished,146,NO_COVERAGE,none
PartitionMembership.java,weka.filters.unsupervised.attribute.PartitionMembership,org.pitest.mutationtest.engine.gregor.mutators.NonVoidMethodCallMutator,batchFinished,147,NO_COVERAGE,none
PartitionMembership.java,weka.filters.unsupervised.attribute.PartitionMembership,org.pitest.mutationtest.engine.gregor.mutators.NonVoidMethodCallMutator,batchFinished,152,NO_COVERAGE,none
PartitionMembership.java,weka.filters.unsupervised.attribute.PartitionMembership,org.pitest.mutationtest.engine.gregor.mutators.NonVoidMethodCallMutator,batchFinished,153,NO_COVERAGE,none
PartitionMembership.java,weka.filters.unsupervised.attribute.PartitionMembership,org.pitest.mutationtest.engine.gregor.mutators.NonVoidMethodCallMutator,batchFinished,159,NO_COVERAGE,none
PartitionMembership.java,weka.filters.unsupervised.attribute.PartitionMembership,org.pitest.mutationtest.engine.gregor.mutators.RemoveConditionalMutator_EQUAL_ELSE,batchFinished,125,NO_COVERAGE,none
PartitionMembership.java,weka.filters.unsupervised.attribute.PartitionMembership,org.pitest.mutationtest.engine.gregor.mutators.RemoveConditionalMutator_EQUAL_ELSE,batchFinished,129,NO_COVERAGE,none
PartitionMembership.java,weka.filters.unsupervised.attribute.PartitionMembership,org.pitest.mutationtest.engine.gregor.mutators.RemoveConditionalMutator_EQUAL_ELSE,batchFinished,159,NO_COVERAGE,none
PartitionMembership.java,weka.filters.unsupervised.attribute.PartitionMembership,org.pitest.mutationtest.engine.gregor.mutators.RemoveConditionalMutator_EQUAL_IF,batchFinished,125,NO_COVERAGE,none
PartitionMembership.java,weka.filters.unsupervised.attribute.PartitionMembership,org.pitest.mutationtest.engine.gregor.mutators.RemoveConditionalMutator_EQUAL_IF,batchFinished,129,NO_COVERAGE,none
PartitionMembership.java,weka.filters.unsupervised.attribute.PartitionMembership,org.pitest.mutationtest.engine.gregor.mutators.RemoveConditionalMutator_EQUAL_IF,batchFinished,159,NO_COVERAGE,none
PartitionMembership.java,weka.filters.unsupervised.attribute.PartitionMembership,org.pitest.mutationtest.engine.gregor.mutators.RemoveConditionalMutator_ORDER_ELSE,batchFinished,137,NO_COVERAGE,none
PartitionMembership.java,weka.filters.unsupervised.attribute.PartitionMembership,org.pitest.mutationtest.engine.gregor.mutators.RemoveConditionalMutator_ORDER_ELSE,batchFinished,140,NO_COVERAGE,none
PartitionMembership.java,weka.filters.unsupervised.attribute.PartitionMembership,org.pitest.mutationtest.engine.gregor.mutators.RemoveConditionalMutator_ORDER_ELSE,batchFinished,146,NO_COVERAGE,none
PartitionMembership.java,weka.filters.unsupervised.attribute.PartitionMembership,org.pitest.mutationtest.engine.gregor.mutators.RemoveConditionalMutator_ORDER_ELSE,batchFinished,152,NO_COVERAGE,none
PartitionMembership.java,weka.filters.unsupervised.attribute.PartitionMembership,org.pitest.mutationtest.engine.gregor.mutators.RemoveConditionalMutator_ORDER_IF,batchFinished,137,NO_COVERAGE,none
PartitionMembership.java,weka.filters.unsupervised.attribute.PartitionMembership,org.pitest.mutationtest.engine.gregor.mutators.RemoveConditionalMutator_ORDER_IF,batchFinished,140,NO_COVERAGE,none
PartitionMembership.java,weka.filters.unsupervised.attribute.PartitionMembership,org.pitest.mutationtest.engine.gregor.mutators.RemoveConditionalMutator_ORDER_IF,batchFinished,146,NO_COVERAGE,none
PartitionMembership.java,weka.filters.unsupervised.attribute.PartitionMembership,org.pitest.mutationtest.engine.gregor.mutators.RemoveConditionalMutator_ORDER_IF,batchFinished,152,NO_COVERAGE,none
PartitionMembership.java,weka.filters.unsupervised.attribute.PartitionMembership,org.pitest.mutationtest.engine.gregor.mutators.ReturnValsMutator,batchFinished,159,NO_COVERAGE,none
PartitionMembership.java,weka.filters.unsupervised.attribute.PartitionMembership,org.pitest.mutationtest.engine.gregor.mutators.VoidMethodCallMutator,batchFinished,133,NO_COVERAGE,none
PartitionMembership.java,weka.filters.unsupervised.attribute.PartitionMembership,org.pitest.mutationtest.engine.gregor.mutators.VoidMethodCallMutator,batchFinished,138,NO_COVERAGE,none
PartitionMembership.java,weka.filters.unsupervised.attribute.PartitionMembership,org.pitest.mutationtest.engine.gregor.mutators.VoidMethodCallMutator,batchFinished,141,NO_COVERAGE,none
PartitionMembership.java,weka.filters.unsupervised.attribute.PartitionMembership,org.pitest.mutationtest.engine.gregor.mutators.VoidMethodCallMutator,batchFinished,143,NO_COVERAGE,none
PartitionMembership.java,weka.filters.unsupervised.attribute.PartitionMembership,org.pitest.mutationtest.engine.gregor.mutators.VoidMethodCallMutator,batchFinished,147,NO_COVERAGE,none
PartitionMembership.java,weka.filters.unsupervised.attribute.PartitionMembership,org.pitest.mutationtest.engine.gregor.mutators.VoidMethodCallMutator,batchFinished,149,NO_COVERAGE,none
PartitionMembership.java,weka.filters.unsupervised.attribute.PartitionMembership,org.pitest.mutationtest.engine.gregor.mutators.VoidMethodCallMutator,batchFinished,153,NO_COVERAGE,none
PartitionMembership.java,weka.filters.unsupervised.attribute.PartitionMembership,org.pitest.mutationtest.engine.gregor.mutators.VoidMethodCallMutator,batchFinished,156,NO_COVERAGE,none
PartitionMembership.java,weka.filters.unsupervised.attribute.PartitionMembership,org.pitest.mutationtest.engine.gregor.mutators.experimental.MemberVariableMutator,batchFinished,158,NO_COVERAGE,none
PartitionMembership.java,weka.filters.unsupervised.attribute.PartitionMembership,org.pitest.mutationtest.engine.gregor.mutators.experimental.NakedReceiverMutator,batchFinished,138,NO_COVERAGE,none
PartitionMembership.java,weka.filters.unsupervised.attribute.PartitionMembership,org.pitest.mutationtest.engine.gregor.mutators.experimental.NakedReceiverMutator,batchFinished,138,NO_COVERAGE,none
PartitionMembership.java,weka.filters.unsupervised.attribute.PartitionMembership,org.pitest.mutationtest.engine.gregor.mutators.experimental.NakedReceiverMutator,batchFinished,144,NO_COVERAGE,none
PartitionMembership.java,weka.filters.unsupervised.attribute.PartitionMembership,org.pitest.mutationtest.engine.gregor.mutators.experimental.NakedReceiverMutator,batchFinished,144,NO_COVERAGE,none
PartitionMembership.java,weka.filters.unsupervised.attribute.PartitionMembership,org.pitest.mutationtest.engine.gregor.mutators.ConditionalsBoundaryMutator,convertInstance,208,NO_COVERAGE,none
PartitionMembership.java,weka.filters.unsupervised.attribute.PartitionMembership,org.pitest.mutationtest.engine.gregor.mutators.ConstructorCallMutator,convertInstance,212,NO_COVERAGE,none
PartitionMembership.java,weka.filters.unsupervised.attribute.PartitionMembership,org.pitest.mutationtest.engine.gregor.mutators.InlineConstantMutator,convertInstance,202,NO_COVERAGE,none
PartitionMembership.java,weka.filters.unsupervised.attribute.PartitionMembership,org.pitest.mutationtest.engine.gregor.mutators.InlineConstantMutator,convertInstance,207,NO_COVERAGE,none
PartitionMembership.java,weka.filters.unsupervised.attribute.PartitionMembership,org.pitest.mutationtest.engine.gregor.mutators.InlineConstantMutator,convertInstance,207,NO_COVERAGE,none
PartitionMembership.java,weka.filters.unsupervised.attribute.PartitionMembership,org.pitest.mutationtest.engine.gregor.mutators.InlineConstantMutator,convertInstance,209,NO_COVERAGE,none
PartitionMembership.java,weka.filters.unsupervised.attribute.PartitionMembership,org.pitest.mutationtest.engine.gregor.mutators.MathMutator,convertInstance,209,NO_COVERAGE,none
PartitionMembership.java,weka.filters.unsupervised.attribute.PartitionMembership,org.pitest.mutationtest.engine.gregor.mutators.NegateConditionalsMutator,convertInstance,208,NO_COVERAGE,none
PartitionMembership.java,weka.filters.unsupervised.attribute.PartitionMembership,org.pitest.mutationtest.engine.gregor.mutators.NonVoidMethodCallMutator,convertInstance,201,NO_COVERAGE,none
PartitionMembership.java,weka.filters.unsupervised.attribute.PartitionMembership,org.pitest.mutationtest.engine.gregor.mutators.NonVoidMethodCallMutator,convertInstance,205,NO_COVERAGE,none
PartitionMembership.java,weka.filters.unsupervised.attribute.PartitionMembership,org.pitest.mutationtest.engine.gregor.mutators.NonVoidMethodCallMutator,convertInstance,205,NO_COVERAGE,none
PartitionMembership.java,weka.filters.unsupervised.attribute.PartitionMembership,org.pitest.mutationtest.engine.gregor.mutators.NonVoidMethodCallMutator,convertInstance,206,NO_COVERAGE,none
PartitionMembership.java,weka.filters.unsupervised.attribute.PartitionMembership,org.pitest.mutationtest.engine.gregor.mutators.NonVoidMethodCallMutator,convertInstance,208,NO_COVERAGE,none
PartitionMembership.java,weka.filters.unsupervised.attribute.PartitionMembership,org.pitest.mutationtest.engine.gregor.mutators.NonVoidMethodCallMutator,convertInstance,209,NO_COVERAGE,none
PartitionMembership.java,weka.filters.unsupervised.attribute.PartitionMembership,org.pitest.mutationtest.engine.gregor.mutators.NonVoidMethodCallMutator,convertInstance,212,NO_COVERAGE,none
PartitionMembership.java,weka.filters.unsupervised.attribute.PartitionMembership,org.pitest.mutationtest.engine.gregor.mutators.RemoveConditionalMutator_ORDER_ELSE,convertInstance,208,NO_COVERAGE,none
PartitionMembership.java,weka.filters.unsupervised.attribute.PartitionMembership,org.pitest.mutationtest.engine.gregor.mutators.RemoveConditionalMutator_ORDER_IF,convertInstance,208,NO_COVERAGE,none
PartitionMembership.java,weka.filters.unsupervised.attribute.PartitionMembership,org.pitest.mutationtest.engine.gregor.mutators.VoidMethodCallMutator,convertInstance,202,NO_COVERAGE,none
PartitionMembership.java,weka.filters.unsupervised.attribute.PartitionMembership,org.pitest.mutationtest.engine.gregor.mutators.VoidMethodCallMutator,convertInstance,207,NO_COVERAGE,none
PartitionMembership.java,weka.filters.unsupervised.attribute.PartitionMembership,org.pitest.mutationtest.engine.gregor.mutators.VoidMethodCallMutator,convertInstance,212,NO_COVERAGE,none
PartitionMembership.java,weka.filters.unsupervised.attribute.PartitionMembership,org.pitest.mutationtest.engine.gregor.mutators.InlineConstantMutator,getCapabilities,85,NO_COVERAGE,none
PartitionMembership.java,weka.filters.unsupervised.attribute.PartitionMembership,org.pitest.mutationtest.engine.gregor.mutators.NonVoidMethodCallMutator,getCapabilities,83,NO_COVERAGE,none
PartitionMembership.java,weka.filters.unsupervised.attribute.PartitionMembership,org.pitest.mutationtest.engine.gregor.mutators.NullReturnValsMutator,getCapabilities,87,NO_COVERAGE,none
PartitionMembership.java,weka.filters.unsupervised.attribute.PartitionMembership,org.pitest.mutationtest.engine.gregor.mutators.ReturnValsMutator,getCapabilities,87,NO_COVERAGE,none
PartitionMembership.java,weka.filters.unsupervised.attribute.PartitionMembership,org.pitest.mutationtest.engine.gregor.mutators.VoidMethodCallMutator,getCapabilities,85,NO_COVERAGE,none
PartitionMembership.java,weka.filters.unsupervised.attribute.PartitionMembership,org.pitest.mutationtest.engine.gregor.mutators.ConditionalsBoundaryMutator,getOptions,291,NO_COVERAGE,none
PartitionMembership.java,weka.filters.unsupervised.attribute.PartitionMembership,org.pitest.mutationtest.engine.gregor.mutators.IncrementsMutator,getOptions,282,NO_COVERAGE,none
PartitionMembership.java,weka.filters.unsupervised.attribute.PartitionMembership,org.pitest.mutationtest.engine.gregor.mutators.IncrementsMutator,getOptions,283,NO_COVERAGE,none
PartitionMembership.java,weka.filters.unsupervised.attribute.PartitionMembership,org.pitest.mutationtest.engine.gregor.mutators.IncrementsMutator,getOptions,286,NO_COVERAGE,none
PartitionMembership.java,weka.filters.unsupervised.attribute.PartitionMembership,org.pitest.mutationtest.engine.gregor.mutators.IncrementsMutator,getOptions,292,NO_COVERAGE,none
PartitionMembership.java,weka.filters.unsupervised.attribute.PartitionMembership,org.pitest.mutationtest.engine.gregor.mutators.InlineConstantMutator,getOptions,273,NO_COVERAGE,none
PartitionMembership.java,weka.filters.unsupervised.attribute.PartitionMembership,org.pitest.mutationtest.engine.gregor.mutators.InlineConstantMutator,getOptions,278,NO_COVERAGE,none
PartitionMembership.java,weka.filters.unsupervised.attribute.PartitionMembership,org.pitest.mutationtest.engine.gregor.mutators.InlineConstantMutator,getOptions,279,NO_COVERAGE,none
PartitionMembership.java,weka.filters.unsupervised.attribute.PartitionMembership,org.pitest.mutationtest.engine.gregor.mutators.InlineConstantMutator,getOptions,287,NO_COVERAGE,none
PartitionMembership.java,weka.filters.unsupervised.attribute.PartitionMembership,org.pitest.mutationtest.engine.gregor.mutators.MathMutator,getOptions,278,NO_COVERAGE,none
PartitionMembership.java,weka.filters.unsupervised.attribute.PartitionMembership,org.pitest.mutationtest.engine.gregor.mutators.MathMutator,getOptions,289,NO_COVERAGE,none
PartitionMembership.java,weka.filters.unsupervised.attribute.PartitionMembership,org.pitest.mutationtest.engine.gregor.mutators.NegateConditionalsMutator,getOptions,274,NO_COVERAGE,none
PartitionMembership.java,weka.filters.unsupervised.attribute.PartitionMembership,org.pitest.mutationtest.engine.gregor.mutators.NegateConditionalsMutator,getOptions,274,NO_COVERAGE,none
PartitionMembership.java,weka.filters.unsupervised.attribute.PartitionMembership,org.pitest.mutationtest.engine.gregor.mutators.NegateConditionalsMutator,getOptions,281,NO_COVERAGE,none
PartitionMembership.java,weka.filters.unsupervised.attribute.PartitionMembership,org.pitest.mutationtest.engine.gregor.mutators.NegateConditionalsMutator,getOptions,291,NO_COVERAGE,none
PartitionMembership.java,weka.filters.unsupervised.attribute.PartitionMembership,org.pitest.mutationtest.engine.gregor.mutators.NonVoidMethodCallMutator,getOptions,276,NO_COVERAGE,none
PartitionMembership.java,weka.filters.unsupervised.attribute.PartitionMembership,org.pitest.mutationtest.engine.gregor.mutators.NonVoidMethodCallMutator,getOptions,283,NO_COVERAGE,none
PartitionMembership.java,weka.filters.unsupervised.attribute.PartitionMembership,org.pitest.mutationtest.engine.gregor.mutators.NonVoidMethodCallMutator,getOptions,283,NO_COVERAGE,none
PartitionMembership.java,weka.filters.unsupervised.attribute.PartitionMembership,org.pitest.mutationtest.engine.gregor.mutators.NonVoidMethodCallMutator,getOptions,283,NO_COVERAGE,none
PartitionMembership.java,weka.filters.unsupervised.attribute.PartitionMembership,org.pitest.mutationtest.engine.gregor.mutators.NullReturnValsMutator,getOptions,294,NO_COVERAGE,none
PartitionMembership.java,weka.filters.unsupervised.attribute.PartitionMembership,org.pitest.mutationtest.engine.gregor.mutators.RemoveConditionalMutator_EQUAL_ELSE,getOptions,274,NO_COVERAGE,none
PartitionMembership.java,weka.filters.unsupervised.attribute.PartitionMembership,org.pitest.mutationtest.engine.gregor.mutators.RemoveConditionalMutator_EQUAL_ELSE,getOptions,274,NO_COVERAGE,none
PartitionMembership.java,weka.filters.unsupervised.attribute.PartitionMembership,org.pitest.mutationtest.engine.gregor.mutators.RemoveConditionalMutator_EQUAL_ELSE,getOptions,281,NO_COVERAGE,none
PartitionMembership.java,weka.filters.unsupervised.attribute.PartitionMembership,org.pitest.mutationtest.engine.gregor.mutators.RemoveConditionalMutator_EQUAL_IF,getOptions,274,NO_COVERAGE,none
PartitionMembership.java,weka.filters.unsupervised.attribute.PartitionMembership,org.pitest.mutationtest.engine.gregor.mutators.RemoveConditionalMutator_EQUAL_IF,getOptions,274,NO_COVERAGE,none
PartitionMembership.java,weka.filters.unsupervised.attribute.PartitionMembership,org.pitest.mutationtest.engine.gregor.mutators.RemoveConditionalMutator_EQUAL_IF,getOptions,281,NO_COVERAGE,none
PartitionMembership.java,weka.filters.unsupervised.attribute.PartitionMembership,org.pitest.mutationtest.engine.gregor.mutators.RemoveConditionalMutator_ORDER_ELSE,getOptions,291,NO_COVERAGE,none
PartitionMembership.java,weka.filters.unsupervised.attribute.PartitionMembership,org.pitest.mutationtest.engine.gregor.mutators.RemoveConditionalMutator_ORDER_IF,getOptions,291,NO_COVERAGE,none
PartitionMembership.java,weka.filters.unsupervised.attribute.PartitionMembership,org.pitest.mutationtest.engine.gregor.mutators.ReturnValsMutator,getOptions,294,NO_COVERAGE,none
PartitionMembership.java,weka.filters.unsupervised.attribute.PartitionMembership,org.pitest.mutationtest.engine.gregor.mutators.VoidMethodCallMutator,getOptions,287,NO_COVERAGE,none
PartitionMembership.java,weka.filters.unsupervised.attribute.PartitionMembership,org.pitest.mutationtest.engine.gregor.mutators.experimental.RemoveIncrementsMutator,getOptions,282,NO_COVERAGE,none
PartitionMembership.java,weka.filters.unsupervised.attribute.PartitionMembership,org.pitest.mutationtest.engine.gregor.mutators.experimental.RemoveIncrementsMutator,getOptions,283,NO_COVERAGE,none
PartitionMembership.java,weka.filters.unsupervised.attribute.PartitionMembership,org.pitest.mutationtest.engine.gregor.mutators.experimental.RemoveIncrementsMutator,getOptions,286,NO_COVERAGE,none
PartitionMembership.java,weka.filters.unsupervised.attribute.PartitionMembership,org.pitest.mutationtest.engine.gregor.mutators.experimental.RemoveIncrementsMutator,getOptions,292,NO_COVERAGE,none
PartitionMembership.java,weka.filters.unsupervised.attribute.PartitionMembership,org.pitest.mutationtest.engine.gregor.mutators.NullReturnValsMutator,getPartitionGenerator,336,NO_COVERAGE,none
PartitionMembership.java,weka.filters.unsupervised.attribute.PartitionMembership,org.pitest.mutationtest.engine.gregor.mutators.ReturnValsMutator,getPartitionGenerator,336,NO_COVERAGE,none
PartitionMembership.java,weka.filters.unsupervised.attribute.PartitionMembership,org.pitest.mutationtest.engine.gregor.mutators.ArgumentPropagationMutator,getRevision,349,NO_COVERAGE,none
PartitionMembership.java,weka.filters.unsupervised.attribute.PartitionMembership,org.pitest.mutationtest.engine.gregor.mutators.EmptyObjectReturnValsMutator,getRevision,349,NO_COVERAGE,none
PartitionMembership.java,weka.filters.unsupervised.attribute.PartitionMembership,org.pitest.mutationtest.engine.gregor.mutators.NonVoidMethodCallMutator,getRevision,349,NO_COVERAGE,none
PartitionMembership.java,weka.filters.unsupervised.attribute.PartitionMembership,org.pitest.mutationtest.engine.gregor.mutators.ReturnValsMutator,getRevision,349,NO_COVERAGE,none
PartitionMembership.java,weka.filters.unsupervised.attribute.PartitionMembership,org.pitest.mutationtest.engine.gregor.mutators.EmptyObjectReturnValsMutator,globalInfo,305,NO_COVERAGE,none
PartitionMembership.java,weka.filters.unsupervised.attribute.PartitionMembership,org.pitest.mutationtest.engine.gregor.mutators.ReturnValsMutator,globalInfo,305,NO_COVERAGE,none
PartitionMembership.java,weka.filters.unsupervised.attribute.PartitionMembership,org.pitest.mutationtest.engine.gregor.mutators.BooleanFalseReturnValsMutator,input,184,NO_COVERAGE,none
PartitionMembership.java,weka.filters.unsupervised.attribute.PartitionMembership,org.pitest.mutationtest.engine.gregor.mutators.BooleanTrueReturnValsMutator,input,188,NO_COVERAGE,none
PartitionMembership.java,weka.filters.unsupervised.attribute.PartitionMembership,org.pitest.mutationtest.engine.gregor.mutators.ConstructorCallMutator,input,175,NO_COVERAGE,none
PartitionMembership.java,weka.filters.unsupervised.attribute.PartitionMembership,org.pitest.mutationtest.engine.gregor.mutators.InlineConstantMutator,input,179,NO_COVERAGE,none
PartitionMembership.java,weka.filters.unsupervised.attribute.PartitionMembership,org.pitest.mutationtest.engine.gregor.mutators.InlineConstantMutator,input,184,NO_COVERAGE,none
PartitionMembership.java,weka.filters.unsupervised.attribute.PartitionMembership,org.pitest.mutationtest.engine.gregor.mutators.InlineConstantMutator,input,188,NO_COVERAGE,none
PartitionMembership.java,weka.filters.unsupervised.attribute.PartitionMembership,org.pitest.mutationtest.engine.gregor.mutators.NegateConditionalsMutator,input,174,NO_COVERAGE,none
PartitionMembership.java,weka.filters.unsupervised.attribute.PartitionMembership,org.pitest.mutationtest.engine.gregor.mutators.NegateConditionalsMutator,input,177,NO_COVERAGE,none
PartitionMembership.java,weka.filters.unsupervised.attribute.PartitionMembership,org.pitest.mutationtest.engine.gregor.mutators.NegateConditionalsMutator,input,182,NO_COVERAGE,none
PartitionMembership.java,weka.filters.unsupervised.attribute.PartitionMembership,org.pitest.mutationtest.engine.gregor.mutators.NonVoidMethodCallMutator,input,174,NO_COVERAGE,none
PartitionMembership.java,weka.filters.unsupervised.attribute.PartitionMembership,org.pitest.mutationtest.engine.gregor.mutators.NonVoidMethodCallMutator,input,182,NO_COVERAGE,none
PartitionMembership.java,weka.filters.unsupervised.attribute.PartitionMembership,org.pitest.mutationtest.engine.gregor.mutators.RemoveConditionalMutator_EQUAL_ELSE,input,174,NO_COVERAGE,none
PartitionMembership.java,weka.filters.unsupervised.attribute.PartitionMembership,org.pitest.mutationtest.engine.gregor.mutators.RemoveConditionalMutator_EQUAL_ELSE,input,177,NO_COVERAGE,none
PartitionMembership.java,weka.filters.unsupervised.attribute.PartitionMembership,org.pitest.mutationtest.engine.gregor.mutators.RemoveConditionalMutator_EQUAL_ELSE,input,182,NO_COVERAGE,none
PartitionMembership.java,weka.filters.unsupervised.attribute.PartitionMembership,org.pitest.mutationtest.engine.gregor.mutators.RemoveConditionalMutator_EQUAL_IF,input,174,NO_COVERAGE,none
PartitionMembership.java,weka.filters.unsupervised.attribute.PartitionMembership,org.pitest.mutationtest.engine.gregor.mutators.RemoveConditionalMutator_EQUAL_IF,input,177,NO_COVERAGE,none
PartitionMembership.java,weka.filters.unsupervised.attribute.PartitionMembership,org.pitest.mutationtest.engine.gregor.mutators.RemoveConditionalMutator_EQUAL_IF,input,182,NO_COVERAGE,none
PartitionMembership.java,weka.filters.unsupervised.attribute.PartitionMembership,org.pitest.mutationtest.engine.gregor.mutators.ReturnValsMutator,input,184,NO_COVERAGE,none
PartitionMembership.java,weka.filters.unsupervised.attribute.PartitionMembership,org.pitest.mutationtest.engine.gregor.mutators.ReturnValsMutator,input,188,NO_COVERAGE,none
PartitionMembership.java,weka.filters.unsupervised.attribute.PartitionMembership,org.pitest.mutationtest.engine.gregor.mutators.VoidMethodCallMutator,input,178,NO_COVERAGE,none
PartitionMembership.java,weka.filters.unsupervised.attribute.PartitionMembership,org.pitest.mutationtest.engine.gregor.mutators.VoidMethodCallMutator,input,183,NO_COVERAGE,none
PartitionMembership.java,weka.filters.unsupervised.attribute.PartitionMembership,org.pitest.mutationtest.engine.gregor.mutators.VoidMethodCallMutator,input,187,NO_COVERAGE,none
PartitionMembership.java,weka.filters.unsupervised.attribute.PartitionMembership,org.pitest.mutationtest.engine.gregor.mutators.experimental.MemberVariableMutator,input,179,NO_COVERAGE,none
PartitionMembership.java,weka.filters.unsupervised.attribute.PartitionMembership,org.pitest.mutationtest.engine.gregor.mutators.ConstructorCallMutator,listOptions,222,NO_COVERAGE,none
PartitionMembership.java,weka.filters.unsupervised.attribute.PartitionMembership,org.pitest.mutationtest.engine.gregor.mutators.ConstructorCallMutator,listOptions,224,NO_COVERAGE,none
PartitionMembership.java,weka.filters.unsupervised.attribute.PartitionMembership,org.pitest.mutationtest.engine.gregor.mutators.InlineConstantMutator,listOptions,222,NO_COVERAGE,none
PartitionMembership.java,weka.filters.unsupervised.attribute.PartitionMembership,org.pitest.mutationtest.engine.gregor.mutators.InlineConstantMutator,listOptions,224,NO_COVERAGE,none
PartitionMembership.java,weka.filters.unsupervised.attribute.PartitionMembership,org.pitest.mutationtest.engine.gregor.mutators.NonVoidMethodCallMutator,listOptions,231,NO_COVERAGE,none
PartitionMembership.java,weka.filters.unsupervised.attribute.PartitionMembership,org.pitest.mutationtest.engine.gregor.mutators.NullReturnValsMutator,listOptions,231,NO_COVERAGE,none
PartitionMembership.java,weka.filters.unsupervised.attribute.PartitionMembership,org.pitest.mutationtest.engine.gregor.mutators.ReturnValsMutator,listOptions,231,NO_COVERAGE,none
PartitionMembership.java,weka.filters.unsupervised.attribute.PartitionMembership,org.pitest.mutationtest.engine.gregor.mutators.VoidMethodCallMutator,listOptions,225,NO_COVERAGE,none
PartitionMembership.java,weka.filters.unsupervised.attribute.PartitionMembership,org.pitest.mutationtest.engine.gregor.mutators.ConstructorCallMutator,main,345,NO_COVERAGE,none
PartitionMembership.java,weka.filters.unsupervised.attribute.PartitionMembership,org.pitest.mutationtest.engine.gregor.mutators.VoidMethodCallMutator,main,345,NO_COVERAGE,none
PartitionMembership.java,weka.filters.unsupervised.attribute.PartitionMembership,org.pitest.mutationtest.engine.gregor.mutators.EmptyObjectReturnValsMutator,partitionGeneratorTipText,318,NO_COVERAGE,none
PartitionMembership.java,weka.filters.unsupervised.attribute.PartitionMembership,org.pitest.mutationtest.engine.gregor.mutators.ReturnValsMutator,partitionGeneratorTipText,318,NO_COVERAGE,none
PartitionMembership.java,weka.filters.unsupervised.attribute.PartitionMembership,org.pitest.mutationtest.engine.gregor.mutators.BooleanTrueReturnValsMutator,setInputFormat,114,NO_COVERAGE,none
PartitionMembership.java,weka.filters.unsupervised.attribute.PartitionMembership,org.pitest.mutationtest.engine.gregor.mutators.InlineConstantMutator,setInputFormat,114,NO_COVERAGE,none
PartitionMembership.java,weka.filters.unsupervised.attribute.PartitionMembership,org.pitest.mutationtest.engine.gregor.mutators.NonVoidMethodCallMutator,setInputFormat,112,NO_COVERAGE,none
PartitionMembership.java,weka.filters.unsupervised.attribute.PartitionMembership,org.pitest.mutationtest.engine.gregor.mutators.ReturnValsMutator,setInputFormat,114,NO_COVERAGE,none
PartitionMembership.java,weka.filters.unsupervised.attribute.PartitionMembership,org.pitest.mutationtest.engine.gregor.mutators.ArgumentPropagationMutator,setOptions,261,NO_COVERAGE,none
PartitionMembership.java,weka.filters.unsupervised.attribute.PartitionMembership,org.pitest.mutationtest.engine.gregor.mutators.InlineConstantMutator,setOptions,255,NO_COVERAGE,none
PartitionMembership.java,weka.filters.unsupervised.attribute.PartitionMembership,org.pitest.mutationtest.engine.gregor.mutators.NegateConditionalsMutator,setOptions,256,NO_COVERAGE,none
PartitionMembership.java,weka.filters.unsupervised.attribute.PartitionMembership,org.pitest.mutationtest.engine.gregor.mutators.NonVoidMethodCallMutator,setOptions,255,NO_COVERAGE,none
PartitionMembership.java,weka.filters.unsupervised.attribute.PartitionMembership,org.pitest.mutationtest.engine.gregor.mutators.NonVoidMethodCallMutator,setOptions,256,NO_COVERAGE,none
PartitionMembership.java,weka.filters.unsupervised.attribute.PartitionMembership,org.pitest.mutationtest.engine.gregor.mutators.NonVoidMethodCallMutator,setOptions,257,NO_COVERAGE,none
PartitionMembership.java,weka.filters.unsupervised.attribute.PartitionMembership,org.pitest.mutationtest.engine.gregor.mutators.NonVoidMethodCallMutator,setOptions,261,NO_COVERAGE,none
PartitionMembership.java,weka.filters.unsupervised.attribute.PartitionMembership,org.pitest.mutationtest.engine.gregor.mutators.NonVoidMethodCallMutator,setOptions,260,NO_COVERAGE,none
PartitionMembership.java,weka.filters.unsupervised.attribute.PartitionMembership,org.pitest.mutationtest.engine.gregor.mutators.RemoveConditionalMutator_EQUAL_ELSE,setOptions,256,NO_COVERAGE,none
PartitionMembership.java,weka.filters.unsupervised.attribute.PartitionMembership,org.pitest.mutationtest.engine.gregor.mutators.RemoveConditionalMutator_EQUAL_IF,setOptions,256,NO_COVERAGE,none
PartitionMembership.java,weka.filters.unsupervised.attribute.PartitionMembership,org.pitest.mutationtest.engine.gregor.mutators.VoidMethodCallMutator,setOptions,259,NO_COVERAGE,none
PartitionMembership.java,weka.filters.unsupervised.attribute.PartitionMembership,org.pitest.mutationtest.engine.gregor.mutators.VoidMethodCallMutator,setOptions,263,NO_COVERAGE,none
PartitionMembership.java,weka.filters.unsupervised.attribute.PartitionMembership,org.pitest.mutationtest.engine.gregor.mutators.experimental.MemberVariableMutator,setPartitionGenerator,327,NO_COVERAGE,none
PartitionMembership.java,weka.filters.unsupervised.attribute.PartitionMembership,org.pitest.mutationtest.engine.gregor.mutators.NonVoidMethodCallMutator,testInputFormat,98,NO_COVERAGE,none
PartitionMembership.java,weka.filters.unsupervised.attribute.PartitionMembership,org.pitest.mutationtest.engine.gregor.mutators.VoidMethodCallMutator,testInputFormat,98,NO_COVERAGE,none
