ANTLRNoCaseFileStream.java,org.databene.jdbacl.sql.parser.ANTLRNoCaseFileStream,org.pitest.mutationtest.engine.gregor.mutators.experimental.MemberVariableMutator,<init>,48,NO_COVERAGE,none
ANTLRNoCaseFileStream.java,org.databene.jdbacl.sql.parser.ANTLRNoCaseFileStream,org.pitest.mutationtest.engine.gregor.mutators.ArgumentPropagationMutator,LA,59,NO_COVERAGE,none
ANTLRNoCaseFileStream.java,org.databene.jdbacl.sql.parser.ANTLRNoCaseFileStream,org.pitest.mutationtest.engine.gregor.mutators.ConditionalsBoundaryMutator,LA,55,NO_COVERAGE,none
ANTLRNoCaseFileStream.java,org.databene.jdbacl.sql.parser.ANTLRNoCaseFileStream,org.pitest.mutationtest.engine.gregor.mutators.ConditionalsBoundaryMutator,LA,57,NO_COVERAGE,none
ANTLRNoCaseFileStream.java,org.databene.jdbacl.sql.parser.ANTLRNoCaseFileStream,org.pitest.mutationtest.engine.gregor.mutators.IncrementsMutator,LA,56,NO_COVERAGE,none
ANTLRNoCaseFileStream.java,org.databene.jdbacl.sql.parser.ANTLRNoCaseFileStream,org.pitest.mutationtest.engine.gregor.mutators.InlineConstantMutator,LA,54,NO_COVERAGE,none
ANTLRNoCaseFileStream.java,org.databene.jdbacl.sql.parser.ANTLRNoCaseFileStream,org.pitest.mutationtest.engine.gregor.mutators.InlineConstantMutator,LA,57,NO_COVERAGE,none
ANTLRNoCaseFileStream.java,org.databene.jdbacl.sql.parser.ANTLRNoCaseFileStream,org.pitest.mutationtest.engine.gregor.mutators.InlineConstantMutator,LA,58,NO_COVERAGE,none
ANTLRNoCaseFileStream.java,org.databene.jdbacl.sql.parser.ANTLRNoCaseFileStream,org.pitest.mutationtest.engine.gregor.mutators.InlineConstantMutator,LA,59,NO_COVERAGE,none
ANTLRNoCaseFileStream.java,org.databene.jdbacl.sql.parser.ANTLRNoCaseFileStream,org.pitest.mutationtest.engine.gregor.mutators.MathMutator,LA,57,NO_COVERAGE,none
ANTLRNoCaseFileStream.java,org.databene.jdbacl.sql.parser.ANTLRNoCaseFileStream,org.pitest.mutationtest.engine.gregor.mutators.MathMutator,LA,57,NO_COVERAGE,none
ANTLRNoCaseFileStream.java,org.databene.jdbacl.sql.parser.ANTLRNoCaseFileStream,org.pitest.mutationtest.engine.gregor.mutators.MathMutator,LA,59,NO_COVERAGE,none
ANTLRNoCaseFileStream.java,org.databene.jdbacl.sql.parser.ANTLRNoCaseFileStream,org.pitest.mutationtest.engine.gregor.mutators.MathMutator,LA,59,NO_COVERAGE,none
ANTLRNoCaseFileStream.java,org.databene.jdbacl.sql.parser.ANTLRNoCaseFileStream,org.pitest.mutationtest.engine.gregor.mutators.NegateConditionalsMutator,LA,53,NO_COVERAGE,none
ANTLRNoCaseFileStream.java,org.databene.jdbacl.sql.parser.ANTLRNoCaseFileStream,org.pitest.mutationtest.engine.gregor.mutators.NegateConditionalsMutator,LA,55,NO_COVERAGE,none
ANTLRNoCaseFileStream.java,org.databene.jdbacl.sql.parser.ANTLRNoCaseFileStream,org.pitest.mutationtest.engine.gregor.mutators.NegateConditionalsMutator,LA,57,NO_COVERAGE,none
ANTLRNoCaseFileStream.java,org.databene.jdbacl.sql.parser.ANTLRNoCaseFileStream,org.pitest.mutationtest.engine.gregor.mutators.NonVoidMethodCallMutator,LA,59,NO_COVERAGE,none
ANTLRNoCaseFileStream.java,org.databene.jdbacl.sql.parser.ANTLRNoCaseFileStream,org.pitest.mutationtest.engine.gregor.mutators.PrimitiveReturnsMutator,LA,58,NO_COVERAGE,none
ANTLRNoCaseFileStream.java,org.databene.jdbacl.sql.parser.ANTLRNoCaseFileStream,org.pitest.mutationtest.engine.gregor.mutators.PrimitiveReturnsMutator,LA,59,NO_COVERAGE,none
ANTLRNoCaseFileStream.java,org.databene.jdbacl.sql.parser.ANTLRNoCaseFileStream,org.pitest.mutationtest.engine.gregor.mutators.RemoveConditionalMutator_EQUAL_ELSE,LA,53,NO_COVERAGE,none
ANTLRNoCaseFileStream.java,org.databene.jdbacl.sql.parser.ANTLRNoCaseFileStream,org.pitest.mutationtest.engine.gregor.mutators.RemoveConditionalMutator_EQUAL_IF,LA,53,NO_COVERAGE,none
ANTLRNoCaseFileStream.java,org.databene.jdbacl.sql.parser.ANTLRNoCaseFileStream,org.pitest.mutationtest.engine.gregor.mutators.RemoveConditionalMutator_ORDER_ELSE,LA,55,NO_COVERAGE,none
ANTLRNoCaseFileStream.java,org.databene.jdbacl.sql.parser.ANTLRNoCaseFileStream,org.pitest.mutationtest.engine.gregor.mutators.RemoveConditionalMutator_ORDER_ELSE,LA,57,NO_COVERAGE,none
ANTLRNoCaseFileStream.java,org.databene.jdbacl.sql.parser.ANTLRNoCaseFileStream,org.pitest.mutationtest.engine.gregor.mutators.RemoveConditionalMutator_ORDER_IF,LA,55,NO_COVERAGE,none
ANTLRNoCaseFileStream.java,org.databene.jdbacl.sql.parser.ANTLRNoCaseFileStream,org.pitest.mutationtest.engine.gregor.mutators.RemoveConditionalMutator_ORDER_IF,LA,57,NO_COVERAGE,none
ANTLRNoCaseFileStream.java,org.databene.jdbacl.sql.parser.ANTLRNoCaseFileStream,org.pitest.mutationtest.engine.gregor.mutators.ReturnValsMutator,LA,54,NO_COVERAGE,none
ANTLRNoCaseFileStream.java,org.databene.jdbacl.sql.parser.ANTLRNoCaseFileStream,org.pitest.mutationtest.engine.gregor.mutators.ReturnValsMutator,LA,58,NO_COVERAGE,none
ANTLRNoCaseFileStream.java,org.databene.jdbacl.sql.parser.ANTLRNoCaseFileStream,org.pitest.mutationtest.engine.gregor.mutators.ReturnValsMutator,LA,59,NO_COVERAGE,none
ANTLRNoCaseFileStream.java,org.databene.jdbacl.sql.parser.ANTLRNoCaseFileStream,org.pitest.mutationtest.engine.gregor.mutators.experimental.RemoveIncrementsMutator,LA,56,NO_COVERAGE,none
ANTLRNoCaseFileStream.java,org.databene.jdbacl.sql.parser.ANTLRNoCaseFileStream,org.pitest.mutationtest.engine.gregor.mutators.ArgumentPropagationMutator,getText,64,NO_COVERAGE,none
ANTLRNoCaseFileStream.java,org.databene.jdbacl.sql.parser.ANTLRNoCaseFileStream,org.pitest.mutationtest.engine.gregor.mutators.ConstructorCallMutator,getText,66,NO_COVERAGE,none
ANTLRNoCaseFileStream.java,org.databene.jdbacl.sql.parser.ANTLRNoCaseFileStream,org.pitest.mutationtest.engine.gregor.mutators.EmptyObjectReturnValsMutator,getText,64,NO_COVERAGE,none
ANTLRNoCaseFileStream.java,org.databene.jdbacl.sql.parser.ANTLRNoCaseFileStream,org.pitest.mutationtest.engine.gregor.mutators.NonVoidMethodCallMutator,getText,64,NO_COVERAGE,none
ANTLRNoCaseFileStream.java,org.databene.jdbacl.sql.parser.ANTLRNoCaseFileStream,org.pitest.mutationtest.engine.gregor.mutators.ReturnValsMutator,getText,64,NO_COVERAGE,none
