ChartUtilities.java,de.progra.charting.ChartUtilities,org.pitest.mutationtest.engine.gregor.mutators.ConditionalsBoundaryMutator,addDataToSet,266,NO_COVERAGE,none
ChartUtilities.java,de.progra.charting.ChartUtilities,org.pitest.mutationtest.engine.gregor.mutators.InlineConstantMutator,addDataToSet,266,NO_COVERAGE,none
ChartUtilities.java,de.progra.charting.ChartUtilities,org.pitest.mutationtest.engine.gregor.mutators.NegateConditionalsMutator,addDataToSet,266,NO_COVERAGE,none
ChartUtilities.java,de.progra.charting.ChartUtilities,org.pitest.mutationtest.engine.gregor.mutators.NonVoidMethodCallMutator,addDataToSet,267,NO_COVERAGE,none
ChartUtilities.java,de.progra.charting.ChartUtilities,org.pitest.mutationtest.engine.gregor.mutators.NonVoidMethodCallMutator,addDataToSet,267,NO_COVERAGE,none
ChartUtilities.java,de.progra.charting.ChartUtilities,org.pitest.mutationtest.engine.gregor.mutators.RemoveConditionalMutator_ORDER_ELSE,addDataToSet,266,NO_COVERAGE,none
ChartUtilities.java,de.progra.charting.ChartUtilities,org.pitest.mutationtest.engine.gregor.mutators.RemoveConditionalMutator_ORDER_IF,addDataToSet,266,NO_COVERAGE,none
ChartUtilities.java,de.progra.charting.ChartUtilities,org.pitest.mutationtest.engine.gregor.mutators.ArgumentPropagationMutator,calculateTickSpacing,72,NO_COVERAGE,none
ChartUtilities.java,de.progra.charting.ChartUtilities,org.pitest.mutationtest.engine.gregor.mutators.ConditionalsBoundaryMutator,calculateTickSpacing,76,NO_COVERAGE,none
ChartUtilities.java,de.progra.charting.ChartUtilities,org.pitest.mutationtest.engine.gregor.mutators.ConditionalsBoundaryMutator,calculateTickSpacing,78,NO_COVERAGE,none
ChartUtilities.java,de.progra.charting.ChartUtilities,org.pitest.mutationtest.engine.gregor.mutators.IncrementsMutator,calculateTickSpacing,70,NO_COVERAGE,none
ChartUtilities.java,de.progra.charting.ChartUtilities,org.pitest.mutationtest.engine.gregor.mutators.InlineConstantMutator,calculateTickSpacing,64,NO_COVERAGE,none
ChartUtilities.java,de.progra.charting.ChartUtilities,org.pitest.mutationtest.engine.gregor.mutators.InlineConstantMutator,calculateTickSpacing,72,NO_COVERAGE,none
ChartUtilities.java,de.progra.charting.ChartUtilities,org.pitest.mutationtest.engine.gregor.mutators.InlineConstantMutator,calculateTickSpacing,72,NO_COVERAGE,none
ChartUtilities.java,de.progra.charting.ChartUtilities,org.pitest.mutationtest.engine.gregor.mutators.InlineConstantMutator,calculateTickSpacing,76,NO_COVERAGE,none
ChartUtilities.java,de.progra.charting.ChartUtilities,org.pitest.mutationtest.engine.gregor.mutators.InlineConstantMutator,calculateTickSpacing,77,NO_COVERAGE,none
ChartUtilities.java,de.progra.charting.ChartUtilities,org.pitest.mutationtest.engine.gregor.mutators.InlineConstantMutator,calculateTickSpacing,78,NO_COVERAGE,none
ChartUtilities.java,de.progra.charting.ChartUtilities,org.pitest.mutationtest.engine.gregor.mutators.InlineConstantMutator,calculateTickSpacing,79,NO_COVERAGE,none
ChartUtilities.java,de.progra.charting.ChartUtilities,org.pitest.mutationtest.engine.gregor.mutators.MathMutator,calculateTickSpacing,66,NO_COVERAGE,none
ChartUtilities.java,de.progra.charting.ChartUtilities,org.pitest.mutationtest.engine.gregor.mutators.MathMutator,calculateTickSpacing,72,NO_COVERAGE,none
ChartUtilities.java,de.progra.charting.ChartUtilities,org.pitest.mutationtest.engine.gregor.mutators.MathMutator,calculateTickSpacing,76,NO_COVERAGE,none
ChartUtilities.java,de.progra.charting.ChartUtilities,org.pitest.mutationtest.engine.gregor.mutators.MathMutator,calculateTickSpacing,77,NO_COVERAGE,none
ChartUtilities.java,de.progra.charting.ChartUtilities,org.pitest.mutationtest.engine.gregor.mutators.MathMutator,calculateTickSpacing,78,NO_COVERAGE,none
ChartUtilities.java,de.progra.charting.ChartUtilities,org.pitest.mutationtest.engine.gregor.mutators.MathMutator,calculateTickSpacing,79,NO_COVERAGE,none
ChartUtilities.java,de.progra.charting.ChartUtilities,org.pitest.mutationtest.engine.gregor.mutators.NegateConditionalsMutator,calculateTickSpacing,76,NO_COVERAGE,none
ChartUtilities.java,de.progra.charting.ChartUtilities,org.pitest.mutationtest.engine.gregor.mutators.NegateConditionalsMutator,calculateTickSpacing,78,NO_COVERAGE,none
ChartUtilities.java,de.progra.charting.ChartUtilities,org.pitest.mutationtest.engine.gregor.mutators.NonVoidMethodCallMutator,calculateTickSpacing,68,NO_COVERAGE,none
ChartUtilities.java,de.progra.charting.ChartUtilities,org.pitest.mutationtest.engine.gregor.mutators.NonVoidMethodCallMutator,calculateTickSpacing,72,NO_COVERAGE,none
ChartUtilities.java,de.progra.charting.ChartUtilities,org.pitest.mutationtest.engine.gregor.mutators.PrimitiveReturnsMutator,calculateTickSpacing,77,NO_COVERAGE,none
ChartUtilities.java,de.progra.charting.ChartUtilities,org.pitest.mutationtest.engine.gregor.mutators.PrimitiveReturnsMutator,calculateTickSpacing,79,NO_COVERAGE,none
ChartUtilities.java,de.progra.charting.ChartUtilities,org.pitest.mutationtest.engine.gregor.mutators.PrimitiveReturnsMutator,calculateTickSpacing,81,NO_COVERAGE,none
ChartUtilities.java,de.progra.charting.ChartUtilities,org.pitest.mutationtest.engine.gregor.mutators.RemoveConditionalMutator_ORDER_ELSE,calculateTickSpacing,76,NO_COVERAGE,none
ChartUtilities.java,de.progra.charting.ChartUtilities,org.pitest.mutationtest.engine.gregor.mutators.RemoveConditionalMutator_ORDER_ELSE,calculateTickSpacing,78,NO_COVERAGE,none
ChartUtilities.java,de.progra.charting.ChartUtilities,org.pitest.mutationtest.engine.gregor.mutators.RemoveConditionalMutator_ORDER_IF,calculateTickSpacing,76,NO_COVERAGE,none
ChartUtilities.java,de.progra.charting.ChartUtilities,org.pitest.mutationtest.engine.gregor.mutators.RemoveConditionalMutator_ORDER_IF,calculateTickSpacing,78,NO_COVERAGE,none
ChartUtilities.java,de.progra.charting.ChartUtilities,org.pitest.mutationtest.engine.gregor.mutators.ReturnValsMutator,calculateTickSpacing,77,NO_COVERAGE,none
ChartUtilities.java,de.progra.charting.ChartUtilities,org.pitest.mutationtest.engine.gregor.mutators.ReturnValsMutator,calculateTickSpacing,79,NO_COVERAGE,none
ChartUtilities.java,de.progra.charting.ChartUtilities,org.pitest.mutationtest.engine.gregor.mutators.ReturnValsMutator,calculateTickSpacing,81,NO_COVERAGE,none
ChartUtilities.java,de.progra.charting.ChartUtilities,org.pitest.mutationtest.engine.gregor.mutators.experimental.RemoveIncrementsMutator,calculateTickSpacing,70,NO_COVERAGE,none
ChartUtilities.java,de.progra.charting.ChartUtilities,org.pitest.mutationtest.engine.gregor.mutators.ArgumentPropagationMutator,ceil,185,NO_COVERAGE,none
ChartUtilities.java,de.progra.charting.ChartUtilities,org.pitest.mutationtest.engine.gregor.mutators.ArgumentPropagationMutator,ceil,187,NO_COVERAGE,none
ChartUtilities.java,de.progra.charting.ChartUtilities,org.pitest.mutationtest.engine.gregor.mutators.InlineConstantMutator,ceil,185,NO_COVERAGE,none
ChartUtilities.java,de.progra.charting.ChartUtilities,org.pitest.mutationtest.engine.gregor.mutators.InlineConstantMutator,ceil,185,NO_COVERAGE,none
ChartUtilities.java,de.progra.charting.ChartUtilities,org.pitest.mutationtest.engine.gregor.mutators.MathMutator,ceil,185,NO_COVERAGE,none
ChartUtilities.java,de.progra.charting.ChartUtilities,org.pitest.mutationtest.engine.gregor.mutators.MathMutator,ceil,187,NO_COVERAGE,none
ChartUtilities.java,de.progra.charting.ChartUtilities,org.pitest.mutationtest.engine.gregor.mutators.MathMutator,ceil,187,NO_COVERAGE,none
ChartUtilities.java,de.progra.charting.ChartUtilities,org.pitest.mutationtest.engine.gregor.mutators.NonVoidMethodCallMutator,ceil,185,NO_COVERAGE,none
ChartUtilities.java,de.progra.charting.ChartUtilities,org.pitest.mutationtest.engine.gregor.mutators.NonVoidMethodCallMutator,ceil,187,NO_COVERAGE,none
ChartUtilities.java,de.progra.charting.ChartUtilities,org.pitest.mutationtest.engine.gregor.mutators.PrimitiveReturnsMutator,ceil,187,NO_COVERAGE,none
ChartUtilities.java,de.progra.charting.ChartUtilities,org.pitest.mutationtest.engine.gregor.mutators.ReturnValsMutator,ceil,187,NO_COVERAGE,none
ChartUtilities.java,de.progra.charting.ChartUtilities,org.pitest.mutationtest.engine.gregor.mutators.ConditionalsBoundaryMutator,exp,198,NO_COVERAGE,none
ChartUtilities.java,de.progra.charting.ChartUtilities,org.pitest.mutationtest.engine.gregor.mutators.ConditionalsBoundaryMutator,exp,198,NO_COVERAGE,none
ChartUtilities.java,de.progra.charting.ChartUtilities,org.pitest.mutationtest.engine.gregor.mutators.ConditionalsBoundaryMutator,exp,200,NO_COVERAGE,none
ChartUtilities.java,de.progra.charting.ChartUtilities,org.pitest.mutationtest.engine.gregor.mutators.ConditionalsBoundaryMutator,exp,200,NO_COVERAGE,none
ChartUtilities.java,de.progra.charting.ChartUtilities,org.pitest.mutationtest.engine.gregor.mutators.ConditionalsBoundaryMutator,exp,200,NO_COVERAGE,none
ChartUtilities.java,de.progra.charting.ChartUtilities,org.pitest.mutationtest.engine.gregor.mutators.ConditionalsBoundaryMutator,exp,200,NO_COVERAGE,none
ChartUtilities.java,de.progra.charting.ChartUtilities,org.pitest.mutationtest.engine.gregor.mutators.IncrementsMutator,exp,203,NO_COVERAGE,none
ChartUtilities.java,de.progra.charting.ChartUtilities,org.pitest.mutationtest.engine.gregor.mutators.IncrementsMutator,exp,206,NO_COVERAGE,none
ChartUtilities.java,de.progra.charting.ChartUtilities,org.pitest.mutationtest.engine.gregor.mutators.InlineConstantMutator,exp,197,NO_COVERAGE,none
ChartUtilities.java,de.progra.charting.ChartUtilities,org.pitest.mutationtest.engine.gregor.mutators.InlineConstantMutator,exp,198,NO_COVERAGE,none
ChartUtilities.java,de.progra.charting.ChartUtilities,org.pitest.mutationtest.engine.gregor.mutators.InlineConstantMutator,exp,198,NO_COVERAGE,none
ChartUtilities.java,de.progra.charting.ChartUtilities,org.pitest.mutationtest.engine.gregor.mutators.InlineConstantMutator,exp,198,NO_COVERAGE,none
ChartUtilities.java,de.progra.charting.ChartUtilities,org.pitest.mutationtest.engine.gregor.mutators.InlineConstantMutator,exp,198,NO_COVERAGE,none
ChartUtilities.java,de.progra.charting.ChartUtilities,org.pitest.mutationtest.engine.gregor.mutators.InlineConstantMutator,exp,200,NO_COVERAGE,none
ChartUtilities.java,de.progra.charting.ChartUtilities,org.pitest.mutationtest.engine.gregor.mutators.InlineConstantMutator,exp,200,NO_COVERAGE,none
ChartUtilities.java,de.progra.charting.ChartUtilities,org.pitest.mutationtest.engine.gregor.mutators.InlineConstantMutator,exp,200,NO_COVERAGE,none
ChartUtilities.java,de.progra.charting.ChartUtilities,org.pitest.mutationtest.engine.gregor.mutators.InlineConstantMutator,exp,200,NO_COVERAGE,none
ChartUtilities.java,de.progra.charting.ChartUtilities,org.pitest.mutationtest.engine.gregor.mutators.InlineConstantMutator,exp,202,NO_COVERAGE,none
ChartUtilities.java,de.progra.charting.ChartUtilities,org.pitest.mutationtest.engine.gregor.mutators.InlineConstantMutator,exp,205,NO_COVERAGE,none
ChartUtilities.java,de.progra.charting.ChartUtilities,org.pitest.mutationtest.engine.gregor.mutators.MathMutator,exp,202,NO_COVERAGE,none
ChartUtilities.java,de.progra.charting.ChartUtilities,org.pitest.mutationtest.engine.gregor.mutators.MathMutator,exp,205,NO_COVERAGE,none
ChartUtilities.java,de.progra.charting.ChartUtilities,org.pitest.mutationtest.engine.gregor.mutators.NegateConditionalsMutator,exp,198,NO_COVERAGE,none
ChartUtilities.java,de.progra.charting.ChartUtilities,org.pitest.mutationtest.engine.gregor.mutators.NegateConditionalsMutator,exp,198,NO_COVERAGE,none
ChartUtilities.java,de.progra.charting.ChartUtilities,org.pitest.mutationtest.engine.gregor.mutators.NegateConditionalsMutator,exp,200,NO_COVERAGE,none
ChartUtilities.java,de.progra.charting.ChartUtilities,org.pitest.mutationtest.engine.gregor.mutators.NegateConditionalsMutator,exp,200,NO_COVERAGE,none
ChartUtilities.java,de.progra.charting.ChartUtilities,org.pitest.mutationtest.engine.gregor.mutators.NegateConditionalsMutator,exp,200,NO_COVERAGE,none
ChartUtilities.java,de.progra.charting.ChartUtilities,org.pitest.mutationtest.engine.gregor.mutators.NegateConditionalsMutator,exp,200,NO_COVERAGE,none
ChartUtilities.java,de.progra.charting.ChartUtilities,org.pitest.mutationtest.engine.gregor.mutators.NegateConditionalsMutator,exp,201,NO_COVERAGE,none
ChartUtilities.java,de.progra.charting.ChartUtilities,org.pitest.mutationtest.engine.gregor.mutators.PrimitiveReturnsMutator,exp,210,NO_COVERAGE,none
ChartUtilities.java,de.progra.charting.ChartUtilities,org.pitest.mutationtest.engine.gregor.mutators.RemoveConditionalMutator_EQUAL_ELSE,exp,201,NO_COVERAGE,none
ChartUtilities.java,de.progra.charting.ChartUtilities,org.pitest.mutationtest.engine.gregor.mutators.RemoveConditionalMutator_EQUAL_IF,exp,201,NO_COVERAGE,none
ChartUtilities.java,de.progra.charting.ChartUtilities,org.pitest.mutationtest.engine.gregor.mutators.RemoveConditionalMutator_ORDER_ELSE,exp,198,NO_COVERAGE,none
ChartUtilities.java,de.progra.charting.ChartUtilities,org.pitest.mutationtest.engine.gregor.mutators.RemoveConditionalMutator_ORDER_ELSE,exp,198,NO_COVERAGE,none
ChartUtilities.java,de.progra.charting.ChartUtilities,org.pitest.mutationtest.engine.gregor.mutators.RemoveConditionalMutator_ORDER_ELSE,exp,200,NO_COVERAGE,none
ChartUtilities.java,de.progra.charting.ChartUtilities,org.pitest.mutationtest.engine.gregor.mutators.RemoveConditionalMutator_ORDER_ELSE,exp,200,NO_COVERAGE,none
ChartUtilities.java,de.progra.charting.ChartUtilities,org.pitest.mutationtest.engine.gregor.mutators.RemoveConditionalMutator_ORDER_ELSE,exp,200,NO_COVERAGE,none
ChartUtilities.java,de.progra.charting.ChartUtilities,org.pitest.mutationtest.engine.gregor.mutators.RemoveConditionalMutator_ORDER_ELSE,exp,200,NO_COVERAGE,none
ChartUtilities.java,de.progra.charting.ChartUtilities,org.pitest.mutationtest.engine.gregor.mutators.RemoveConditionalMutator_ORDER_IF,exp,198,NO_COVERAGE,none
ChartUtilities.java,de.progra.charting.ChartUtilities,org.pitest.mutationtest.engine.gregor.mutators.RemoveConditionalMutator_ORDER_IF,exp,198,NO_COVERAGE,none
ChartUtilities.java,de.progra.charting.ChartUtilities,org.pitest.mutationtest.engine.gregor.mutators.RemoveConditionalMutator_ORDER_IF,exp,200,NO_COVERAGE,none
ChartUtilities.java,de.progra.charting.ChartUtilities,org.pitest.mutationtest.engine.gregor.mutators.RemoveConditionalMutator_ORDER_IF,exp,200,NO_COVERAGE,none
ChartUtilities.java,de.progra.charting.ChartUtilities,org.pitest.mutationtest.engine.gregor.mutators.RemoveConditionalMutator_ORDER_IF,exp,200,NO_COVERAGE,none
ChartUtilities.java,de.progra.charting.ChartUtilities,org.pitest.mutationtest.engine.gregor.mutators.RemoveConditionalMutator_ORDER_IF,exp,200,NO_COVERAGE,none
ChartUtilities.java,de.progra.charting.ChartUtilities,org.pitest.mutationtest.engine.gregor.mutators.ReturnValsMutator,exp,210,NO_COVERAGE,none
ChartUtilities.java,de.progra.charting.ChartUtilities,org.pitest.mutationtest.engine.gregor.mutators.experimental.RemoveIncrementsMutator,exp,203,NO_COVERAGE,none
ChartUtilities.java,de.progra.charting.ChartUtilities,org.pitest.mutationtest.engine.gregor.mutators.experimental.RemoveIncrementsMutator,exp,206,NO_COVERAGE,none
ChartUtilities.java,de.progra.charting.ChartUtilities,org.pitest.mutationtest.engine.gregor.mutators.ArgumentPropagationMutator,floor,172,NO_COVERAGE,none
ChartUtilities.java,de.progra.charting.ChartUtilities,org.pitest.mutationtest.engine.gregor.mutators.ArgumentPropagationMutator,floor,174,NO_COVERAGE,none
ChartUtilities.java,de.progra.charting.ChartUtilities,org.pitest.mutationtest.engine.gregor.mutators.InlineConstantMutator,floor,172,NO_COVERAGE,none
ChartUtilities.java,de.progra.charting.ChartUtilities,org.pitest.mutationtest.engine.gregor.mutators.InlineConstantMutator,floor,172,NO_COVERAGE,none
ChartUtilities.java,de.progra.charting.ChartUtilities,org.pitest.mutationtest.engine.gregor.mutators.MathMutator,floor,172,NO_COVERAGE,none
ChartUtilities.java,de.progra.charting.ChartUtilities,org.pitest.mutationtest.engine.gregor.mutators.MathMutator,floor,174,NO_COVERAGE,none
ChartUtilities.java,de.progra.charting.ChartUtilities,org.pitest.mutationtest.engine.gregor.mutators.MathMutator,floor,174,NO_COVERAGE,none
ChartUtilities.java,de.progra.charting.ChartUtilities,org.pitest.mutationtest.engine.gregor.mutators.NonVoidMethodCallMutator,floor,172,NO_COVERAGE,none
ChartUtilities.java,de.progra.charting.ChartUtilities,org.pitest.mutationtest.engine.gregor.mutators.NonVoidMethodCallMutator,floor,174,NO_COVERAGE,none
ChartUtilities.java,de.progra.charting.ChartUtilities,org.pitest.mutationtest.engine.gregor.mutators.PrimitiveReturnsMutator,floor,174,NO_COVERAGE,none
ChartUtilities.java,de.progra.charting.ChartUtilities,org.pitest.mutationtest.engine.gregor.mutators.ReturnValsMutator,floor,174,NO_COVERAGE,none
ChartUtilities.java,de.progra.charting.ChartUtilities,org.pitest.mutationtest.engine.gregor.mutators.ArgumentPropagationMutator,interpolate,113,NO_COVERAGE,none
ChartUtilities.java,de.progra.charting.ChartUtilities,org.pitest.mutationtest.engine.gregor.mutators.ArgumentPropagationMutator,interpolate,116,NO_COVERAGE,none
ChartUtilities.java,de.progra.charting.ChartUtilities,org.pitest.mutationtest.engine.gregor.mutators.ConditionalsBoundaryMutator,interpolate,115,NO_COVERAGE,none
ChartUtilities.java,de.progra.charting.ChartUtilities,org.pitest.mutationtest.engine.gregor.mutators.ConditionalsBoundaryMutator,interpolate,116,NO_COVERAGE,none
ChartUtilities.java,de.progra.charting.ChartUtilities,org.pitest.mutationtest.engine.gregor.mutators.ConditionalsBoundaryMutator,interpolate,127,NO_COVERAGE,none
ChartUtilities.java,de.progra.charting.ChartUtilities,org.pitest.mutationtest.engine.gregor.mutators.ConditionalsBoundaryMutator,interpolate,128,NO_COVERAGE,none
ChartUtilities.java,de.progra.charting.ChartUtilities,org.pitest.mutationtest.engine.gregor.mutators.ConditionalsBoundaryMutator,interpolate,148,NO_COVERAGE,none
ChartUtilities.java,de.progra.charting.ChartUtilities,org.pitest.mutationtest.engine.gregor.mutators.IncrementsMutator,interpolate,115,NO_COVERAGE,none
ChartUtilities.java,de.progra.charting.ChartUtilities,org.pitest.mutationtest.engine.gregor.mutators.IncrementsMutator,interpolate,124,NO_COVERAGE,none
ChartUtilities.java,de.progra.charting.ChartUtilities,org.pitest.mutationtest.engine.gregor.mutators.IncrementsMutator,interpolate,128,NO_COVERAGE,none
ChartUtilities.java,de.progra.charting.ChartUtilities,org.pitest.mutationtest.engine.gregor.mutators.IncrementsMutator,interpolate,148,NO_COVERAGE,none
ChartUtilities.java,de.progra.charting.ChartUtilities,org.pitest.mutationtest.engine.gregor.mutators.IncrementsMutator,interpolate,127,NO_COVERAGE,none
ChartUtilities.java,de.progra.charting.ChartUtilities,org.pitest.mutationtest.engine.gregor.mutators.InlineConstantMutator,interpolate,102,NO_COVERAGE,none
ChartUtilities.java,de.progra.charting.ChartUtilities,org.pitest.mutationtest.engine.gregor.mutators.InlineConstantMutator,interpolate,106,NO_COVERAGE,none
ChartUtilities.java,de.progra.charting.ChartUtilities,org.pitest.mutationtest.engine.gregor.mutators.InlineConstantMutator,interpolate,107,NO_COVERAGE,none
ChartUtilities.java,de.progra.charting.ChartUtilities,org.pitest.mutationtest.engine.gregor.mutators.InlineConstantMutator,interpolate,109,NO_COVERAGE,none
ChartUtilities.java,de.progra.charting.ChartUtilities,org.pitest.mutationtest.engine.gregor.mutators.InlineConstantMutator,interpolate,113,NO_COVERAGE,none
ChartUtilities.java,de.progra.charting.ChartUtilities,org.pitest.mutationtest.engine.gregor.mutators.InlineConstantMutator,interpolate,115,NO_COVERAGE,none
ChartUtilities.java,de.progra.charting.ChartUtilities,org.pitest.mutationtest.engine.gregor.mutators.InlineConstantMutator,interpolate,127,NO_COVERAGE,none
ChartUtilities.java,de.progra.charting.ChartUtilities,org.pitest.mutationtest.engine.gregor.mutators.InlineConstantMutator,interpolate,127,NO_COVERAGE,none
ChartUtilities.java,de.progra.charting.ChartUtilities,org.pitest.mutationtest.engine.gregor.mutators.InlineConstantMutator,interpolate,128,NO_COVERAGE,none
ChartUtilities.java,de.progra.charting.ChartUtilities,org.pitest.mutationtest.engine.gregor.mutators.InlineConstantMutator,interpolate,128,NO_COVERAGE,none
ChartUtilities.java,de.progra.charting.ChartUtilities,org.pitest.mutationtest.engine.gregor.mutators.InlineConstantMutator,interpolate,132,NO_COVERAGE,none
ChartUtilities.java,de.progra.charting.ChartUtilities,org.pitest.mutationtest.engine.gregor.mutators.InlineConstantMutator,interpolate,133,NO_COVERAGE,none
ChartUtilities.java,de.progra.charting.ChartUtilities,org.pitest.mutationtest.engine.gregor.mutators.InlineConstantMutator,interpolate,135,NO_COVERAGE,none
ChartUtilities.java,de.progra.charting.ChartUtilities,org.pitest.mutationtest.engine.gregor.mutators.InlineConstantMutator,interpolate,136,NO_COVERAGE,none
ChartUtilities.java,de.progra.charting.ChartUtilities,org.pitest.mutationtest.engine.gregor.mutators.InlineConstantMutator,interpolate,148,NO_COVERAGE,none
ChartUtilities.java,de.progra.charting.ChartUtilities,org.pitest.mutationtest.engine.gregor.mutators.InlineConstantMutator,interpolate,148,NO_COVERAGE,none
ChartUtilities.java,de.progra.charting.ChartUtilities,org.pitest.mutationtest.engine.gregor.mutators.InlineConstantMutator,interpolate,148,NO_COVERAGE,none
ChartUtilities.java,de.progra.charting.ChartUtilities,org.pitest.mutationtest.engine.gregor.mutators.MathMutator,interpolate,113,NO_COVERAGE,none
ChartUtilities.java,de.progra.charting.ChartUtilities,org.pitest.mutationtest.engine.gregor.mutators.MathMutator,interpolate,116,NO_COVERAGE,none
ChartUtilities.java,de.progra.charting.ChartUtilities,org.pitest.mutationtest.engine.gregor.mutators.MathMutator,interpolate,127,NO_COVERAGE,none
ChartUtilities.java,de.progra.charting.ChartUtilities,org.pitest.mutationtest.engine.gregor.mutators.MathMutator,interpolate,128,NO_COVERAGE,none
ChartUtilities.java,de.progra.charting.ChartUtilities,org.pitest.mutationtest.engine.gregor.mutators.MathMutator,interpolate,128,NO_COVERAGE,none
ChartUtilities.java,de.progra.charting.ChartUtilities,org.pitest.mutationtest.engine.gregor.mutators.MathMutator,interpolate,131,NO_COVERAGE,none
ChartUtilities.java,de.progra.charting.ChartUtilities,org.pitest.mutationtest.engine.gregor.mutators.MathMutator,interpolate,132,NO_COVERAGE,none
ChartUtilities.java,de.progra.charting.ChartUtilities,org.pitest.mutationtest.engine.gregor.mutators.MathMutator,interpolate,132,NO_COVERAGE,none
ChartUtilities.java,de.progra.charting.ChartUtilities,org.pitest.mutationtest.engine.gregor.mutators.MathMutator,interpolate,132,NO_COVERAGE,none
ChartUtilities.java,de.progra.charting.ChartUtilities,org.pitest.mutationtest.engine.gregor.mutators.MathMutator,interpolate,133,NO_COVERAGE,none
ChartUtilities.java,de.progra.charting.ChartUtilities,org.pitest.mutationtest.engine.gregor.mutators.MathMutator,interpolate,133,NO_COVERAGE,none
ChartUtilities.java,de.progra.charting.ChartUtilities,org.pitest.mutationtest.engine.gregor.mutators.MathMutator,interpolate,135,NO_COVERAGE,none
ChartUtilities.java,de.progra.charting.ChartUtilities,org.pitest.mutationtest.engine.gregor.mutators.MathMutator,interpolate,142,NO_COVERAGE,none
ChartUtilities.java,de.progra.charting.ChartUtilities,org.pitest.mutationtest.engine.gregor.mutators.MathMutator,interpolate,143,NO_COVERAGE,none
ChartUtilities.java,de.progra.charting.ChartUtilities,org.pitest.mutationtest.engine.gregor.mutators.MathMutator,interpolate,144,NO_COVERAGE,none
ChartUtilities.java,de.progra.charting.ChartUtilities,org.pitest.mutationtest.engine.gregor.mutators.MathMutator,interpolate,148,NO_COVERAGE,none
ChartUtilities.java,de.progra.charting.ChartUtilities,org.pitest.mutationtest.engine.gregor.mutators.MathMutator,interpolate,148,NO_COVERAGE,none
ChartUtilities.java,de.progra.charting.ChartUtilities,org.pitest.mutationtest.engine.gregor.mutators.MathMutator,interpolate,148,NO_COVERAGE,none
ChartUtilities.java,de.progra.charting.ChartUtilities,org.pitest.mutationtest.engine.gregor.mutators.MathMutator,interpolate,148,NO_COVERAGE,none
ChartUtilities.java,de.progra.charting.ChartUtilities,org.pitest.mutationtest.engine.gregor.mutators.MathMutator,interpolate,148,NO_COVERAGE,none
ChartUtilities.java,de.progra.charting.ChartUtilities,org.pitest.mutationtest.engine.gregor.mutators.NegateConditionalsMutator,interpolate,100,NO_COVERAGE,none
ChartUtilities.java,de.progra.charting.ChartUtilities,org.pitest.mutationtest.engine.gregor.mutators.NegateConditionalsMutator,interpolate,100,NO_COVERAGE,none
ChartUtilities.java,de.progra.charting.ChartUtilities,org.pitest.mutationtest.engine.gregor.mutators.NegateConditionalsMutator,interpolate,100,NO_COVERAGE,none
ChartUtilities.java,de.progra.charting.ChartUtilities,org.pitest.mutationtest.engine.gregor.mutators.NegateConditionalsMutator,interpolate,115,NO_COVERAGE,none
ChartUtilities.java,de.progra.charting.ChartUtilities,org.pitest.mutationtest.engine.gregor.mutators.NegateConditionalsMutator,interpolate,116,NO_COVERAGE,none
ChartUtilities.java,de.progra.charting.ChartUtilities,org.pitest.mutationtest.engine.gregor.mutators.NegateConditionalsMutator,interpolate,127,NO_COVERAGE,none
ChartUtilities.java,de.progra.charting.ChartUtilities,org.pitest.mutationtest.engine.gregor.mutators.NegateConditionalsMutator,interpolate,128,NO_COVERAGE,none
ChartUtilities.java,de.progra.charting.ChartUtilities,org.pitest.mutationtest.engine.gregor.mutators.NegateConditionalsMutator,interpolate,135,NO_COVERAGE,none
ChartUtilities.java,de.progra.charting.ChartUtilities,org.pitest.mutationtest.engine.gregor.mutators.NegateConditionalsMutator,interpolate,148,NO_COVERAGE,none
ChartUtilities.java,de.progra.charting.ChartUtilities,org.pitest.mutationtest.engine.gregor.mutators.NonVoidMethodCallMutator,interpolate,113,NO_COVERAGE,none
ChartUtilities.java,de.progra.charting.ChartUtilities,org.pitest.mutationtest.engine.gregor.mutators.NonVoidMethodCallMutator,interpolate,116,NO_COVERAGE,none
ChartUtilities.java,de.progra.charting.ChartUtilities,org.pitest.mutationtest.engine.gregor.mutators.PrimitiveReturnsMutator,interpolate,102,NO_COVERAGE,none
ChartUtilities.java,de.progra.charting.ChartUtilities,org.pitest.mutationtest.engine.gregor.mutators.PrimitiveReturnsMutator,interpolate,136,NO_COVERAGE,none
ChartUtilities.java,de.progra.charting.ChartUtilities,org.pitest.mutationtest.engine.gregor.mutators.PrimitiveReturnsMutator,interpolate,161,NO_COVERAGE,none
ChartUtilities.java,de.progra.charting.ChartUtilities,org.pitest.mutationtest.engine.gregor.mutators.RemoveConditionalMutator_EQUAL_ELSE,interpolate,100,NO_COVERAGE,none
ChartUtilities.java,de.progra.charting.ChartUtilities,org.pitest.mutationtest.engine.gregor.mutators.RemoveConditionalMutator_EQUAL_ELSE,interpolate,100,NO_COVERAGE,none
ChartUtilities.java,de.progra.charting.ChartUtilities,org.pitest.mutationtest.engine.gregor.mutators.RemoveConditionalMutator_EQUAL_ELSE,interpolate,100,NO_COVERAGE,none
ChartUtilities.java,de.progra.charting.ChartUtilities,org.pitest.mutationtest.engine.gregor.mutators.RemoveConditionalMutator_EQUAL_ELSE,interpolate,135,NO_COVERAGE,none
ChartUtilities.java,de.progra.charting.ChartUtilities,org.pitest.mutationtest.engine.gregor.mutators.RemoveConditionalMutator_EQUAL_IF,interpolate,100,NO_COVERAGE,none
ChartUtilities.java,de.progra.charting.ChartUtilities,org.pitest.mutationtest.engine.gregor.mutators.RemoveConditionalMutator_EQUAL_IF,interpolate,100,NO_COVERAGE,none
ChartUtilities.java,de.progra.charting.ChartUtilities,org.pitest.mutationtest.engine.gregor.mutators.RemoveConditionalMutator_EQUAL_IF,interpolate,100,NO_COVERAGE,none
ChartUtilities.java,de.progra.charting.ChartUtilities,org.pitest.mutationtest.engine.gregor.mutators.RemoveConditionalMutator_EQUAL_IF,interpolate,135,NO_COVERAGE,none
ChartUtilities.java,de.progra.charting.ChartUtilities,org.pitest.mutationtest.engine.gregor.mutators.RemoveConditionalMutator_ORDER_ELSE,interpolate,115,NO_COVERAGE,none
ChartUtilities.java,de.progra.charting.ChartUtilities,org.pitest.mutationtest.engine.gregor.mutators.RemoveConditionalMutator_ORDER_ELSE,interpolate,116,NO_COVERAGE,none
ChartUtilities.java,de.progra.charting.ChartUtilities,org.pitest.mutationtest.engine.gregor.mutators.RemoveConditionalMutator_ORDER_ELSE,interpolate,127,NO_COVERAGE,none
ChartUtilities.java,de.progra.charting.ChartUtilities,org.pitest.mutationtest.engine.gregor.mutators.RemoveConditionalMutator_ORDER_ELSE,interpolate,128,NO_COVERAGE,none
ChartUtilities.java,de.progra.charting.ChartUtilities,org.pitest.mutationtest.engine.gregor.mutators.RemoveConditionalMutator_ORDER_ELSE,interpolate,148,NO_COVERAGE,none
ChartUtilities.java,de.progra.charting.ChartUtilities,org.pitest.mutationtest.engine.gregor.mutators.RemoveConditionalMutator_ORDER_IF,interpolate,115,NO_COVERAGE,none
ChartUtilities.java,de.progra.charting.ChartUtilities,org.pitest.mutationtest.engine.gregor.mutators.RemoveConditionalMutator_ORDER_IF,interpolate,116,NO_COVERAGE,none
ChartUtilities.java,de.progra.charting.ChartUtilities,org.pitest.mutationtest.engine.gregor.mutators.RemoveConditionalMutator_ORDER_IF,interpolate,127,NO_COVERAGE,none
ChartUtilities.java,de.progra.charting.ChartUtilities,org.pitest.mutationtest.engine.gregor.mutators.RemoveConditionalMutator_ORDER_IF,interpolate,128,NO_COVERAGE,none
ChartUtilities.java,de.progra.charting.ChartUtilities,org.pitest.mutationtest.engine.gregor.mutators.RemoveConditionalMutator_ORDER_IF,interpolate,148,NO_COVERAGE,none
ChartUtilities.java,de.progra.charting.ChartUtilities,org.pitest.mutationtest.engine.gregor.mutators.ReturnValsMutator,interpolate,102,NO_COVERAGE,none
ChartUtilities.java,de.progra.charting.ChartUtilities,org.pitest.mutationtest.engine.gregor.mutators.ReturnValsMutator,interpolate,136,NO_COVERAGE,none
ChartUtilities.java,de.progra.charting.ChartUtilities,org.pitest.mutationtest.engine.gregor.mutators.ReturnValsMutator,interpolate,161,NO_COVERAGE,none
ChartUtilities.java,de.progra.charting.ChartUtilities,org.pitest.mutationtest.engine.gregor.mutators.VoidMethodCallMutator,interpolate,101,NO_COVERAGE,none
ChartUtilities.java,de.progra.charting.ChartUtilities,org.pitest.mutationtest.engine.gregor.mutators.experimental.RemoveIncrementsMutator,interpolate,124,NO_COVERAGE,none
ChartUtilities.java,de.progra.charting.ChartUtilities,org.pitest.mutationtest.engine.gregor.mutators.experimental.RemoveIncrementsMutator,interpolate,148,NO_COVERAGE,none
ChartUtilities.java,de.progra.charting.ChartUtilities,org.pitest.mutationtest.engine.gregor.mutators.experimental.RemoveIncrementsMutator,interpolate,127,NO_COVERAGE,none
ChartUtilities.java,de.progra.charting.ChartUtilities,org.pitest.mutationtest.engine.gregor.mutators.ArgumentPropagationMutator,main,280,NO_COVERAGE,none
ChartUtilities.java,de.progra.charting.ChartUtilities,org.pitest.mutationtest.engine.gregor.mutators.ArgumentPropagationMutator,main,298,NO_COVERAGE,none
ChartUtilities.java,de.progra.charting.ChartUtilities,org.pitest.mutationtest.engine.gregor.mutators.ArgumentPropagationMutator,main,312,NO_COVERAGE,none
ChartUtilities.java,de.progra.charting.ChartUtilities,org.pitest.mutationtest.engine.gregor.mutators.ConditionalsBoundaryMutator,main,283,NO_COVERAGE,none
ChartUtilities.java,de.progra.charting.ChartUtilities,org.pitest.mutationtest.engine.gregor.mutators.ConditionalsBoundaryMutator,main,297,NO_COVERAGE,none
ChartUtilities.java,de.progra.charting.ChartUtilities,org.pitest.mutationtest.engine.gregor.mutators.ConditionalsBoundaryMutator,main,311,NO_COVERAGE,none
ChartUtilities.java,de.progra.charting.ChartUtilities,org.pitest.mutationtest.engine.gregor.mutators.ConstructorCallMutator,main,278,NO_COVERAGE,none
ChartUtilities.java,de.progra.charting.ChartUtilities,org.pitest.mutationtest.engine.gregor.mutators.ConstructorCallMutator,main,284,NO_COVERAGE,none
ChartUtilities.java,de.progra.charting.ChartUtilities,org.pitest.mutationtest.engine.gregor.mutators.ConstructorCallMutator,main,298,NO_COVERAGE,none
ChartUtilities.java,de.progra.charting.ChartUtilities,org.pitest.mutationtest.engine.gregor.mutators.ConstructorCallMutator,main,312,NO_COVERAGE,none
ChartUtilities.java,de.progra.charting.ChartUtilities,org.pitest.mutationtest.engine.gregor.mutators.InlineConstantMutator,main,273,NO_COVERAGE,none
ChartUtilities.java,de.progra.charting.ChartUtilities,org.pitest.mutationtest.engine.gregor.mutators.InlineConstantMutator,main,274,NO_COVERAGE,none
ChartUtilities.java,de.progra.charting.ChartUtilities,org.pitest.mutationtest.engine.gregor.mutators.InlineConstantMutator,main,278,NO_COVERAGE,none
ChartUtilities.java,de.progra.charting.ChartUtilities,org.pitest.mutationtest.engine.gregor.mutators.InlineConstantMutator,main,278,NO_COVERAGE,none
ChartUtilities.java,de.progra.charting.ChartUtilities,org.pitest.mutationtest.engine.gregor.mutators.InlineConstantMutator,main,280,NO_COVERAGE,none
ChartUtilities.java,de.progra.charting.ChartUtilities,org.pitest.mutationtest.engine.gregor.mutators.InlineConstantMutator,main,280,NO_COVERAGE,none
ChartUtilities.java,de.progra.charting.ChartUtilities,org.pitest.mutationtest.engine.gregor.mutators.InlineConstantMutator,main,283,NO_COVERAGE,none
ChartUtilities.java,de.progra.charting.ChartUtilities,org.pitest.mutationtest.engine.gregor.mutators.InlineConstantMutator,main,283,NO_COVERAGE,none
ChartUtilities.java,de.progra.charting.ChartUtilities,org.pitest.mutationtest.engine.gregor.mutators.InlineConstantMutator,main,290,NO_COVERAGE,none
ChartUtilities.java,de.progra.charting.ChartUtilities,org.pitest.mutationtest.engine.gregor.mutators.InlineConstantMutator,main,290,NO_COVERAGE,none
ChartUtilities.java,de.progra.charting.ChartUtilities,org.pitest.mutationtest.engine.gregor.mutators.InlineConstantMutator,main,290,NO_COVERAGE,none
ChartUtilities.java,de.progra.charting.ChartUtilities,org.pitest.mutationtest.engine.gregor.mutators.InlineConstantMutator,main,290,NO_COVERAGE,none
ChartUtilities.java,de.progra.charting.ChartUtilities,org.pitest.mutationtest.engine.gregor.mutators.InlineConstantMutator,main,290,NO_COVERAGE,none
ChartUtilities.java,de.progra.charting.ChartUtilities,org.pitest.mutationtest.engine.gregor.mutators.InlineConstantMutator,main,290,NO_COVERAGE,none
ChartUtilities.java,de.progra.charting.ChartUtilities,org.pitest.mutationtest.engine.gregor.mutators.InlineConstantMutator,main,290,NO_COVERAGE,none
ChartUtilities.java,de.progra.charting.ChartUtilities,org.pitest.mutationtest.engine.gregor.mutators.InlineConstantMutator,main,291,NO_COVERAGE,none
ChartUtilities.java,de.progra.charting.ChartUtilities,org.pitest.mutationtest.engine.gregor.mutators.InlineConstantMutator,main,291,NO_COVERAGE,none
ChartUtilities.java,de.progra.charting.ChartUtilities,org.pitest.mutationtest.engine.gregor.mutators.InlineConstantMutator,main,291,NO_COVERAGE,none
ChartUtilities.java,de.progra.charting.ChartUtilities,org.pitest.mutationtest.engine.gregor.mutators.InlineConstantMutator,main,291,NO_COVERAGE,none
ChartUtilities.java,de.progra.charting.ChartUtilities,org.pitest.mutationtest.engine.gregor.mutators.InlineConstantMutator,main,291,NO_COVERAGE,none
ChartUtilities.java,de.progra.charting.ChartUtilities,org.pitest.mutationtest.engine.gregor.mutators.InlineConstantMutator,main,291,NO_COVERAGE,none
ChartUtilities.java,de.progra.charting.ChartUtilities,org.pitest.mutationtest.engine.gregor.mutators.InlineConstantMutator,main,291,NO_COVERAGE,none
ChartUtilities.java,de.progra.charting.ChartUtilities,org.pitest.mutationtest.engine.gregor.mutators.InlineConstantMutator,main,297,NO_COVERAGE,none
ChartUtilities.java,de.progra.charting.ChartUtilities,org.pitest.mutationtest.engine.gregor.mutators.InlineConstantMutator,main,297,NO_COVERAGE,none
ChartUtilities.java,de.progra.charting.ChartUtilities,org.pitest.mutationtest.engine.gregor.mutators.InlineConstantMutator,main,297,NO_COVERAGE,none
ChartUtilities.java,de.progra.charting.ChartUtilities,org.pitest.mutationtest.engine.gregor.mutators.InlineConstantMutator,main,306,NO_COVERAGE,none
ChartUtilities.java,de.progra.charting.ChartUtilities,org.pitest.mutationtest.engine.gregor.mutators.InlineConstantMutator,main,306,NO_COVERAGE,none
ChartUtilities.java,de.progra.charting.ChartUtilities,org.pitest.mutationtest.engine.gregor.mutators.InlineConstantMutator,main,306,NO_COVERAGE,none
ChartUtilities.java,de.progra.charting.ChartUtilities,org.pitest.mutationtest.engine.gregor.mutators.InlineConstantMutator,main,306,NO_COVERAGE,none
ChartUtilities.java,de.progra.charting.ChartUtilities,org.pitest.mutationtest.engine.gregor.mutators.InlineConstantMutator,main,306,NO_COVERAGE,none
ChartUtilities.java,de.progra.charting.ChartUtilities,org.pitest.mutationtest.engine.gregor.mutators.InlineConstantMutator,main,306,NO_COVERAGE,none
ChartUtilities.java,de.progra.charting.ChartUtilities,org.pitest.mutationtest.engine.gregor.mutators.InlineConstantMutator,main,306,NO_COVERAGE,none
ChartUtilities.java,de.progra.charting.ChartUtilities,org.pitest.mutationtest.engine.gregor.mutators.InlineConstantMutator,main,306,NO_COVERAGE,none
ChartUtilities.java,de.progra.charting.ChartUtilities,org.pitest.mutationtest.engine.gregor.mutators.InlineConstantMutator,main,306,NO_COVERAGE,none
ChartUtilities.java,de.progra.charting.ChartUtilities,org.pitest.mutationtest.engine.gregor.mutators.InlineConstantMutator,main,307,NO_COVERAGE,none
ChartUtilities.java,de.progra.charting.ChartUtilities,org.pitest.mutationtest.engine.gregor.mutators.InlineConstantMutator,main,307,NO_COVERAGE,none
ChartUtilities.java,de.progra.charting.ChartUtilities,org.pitest.mutationtest.engine.gregor.mutators.InlineConstantMutator,main,307,NO_COVERAGE,none
ChartUtilities.java,de.progra.charting.ChartUtilities,org.pitest.mutationtest.engine.gregor.mutators.InlineConstantMutator,main,307,NO_COVERAGE,none
ChartUtilities.java,de.progra.charting.ChartUtilities,org.pitest.mutationtest.engine.gregor.mutators.InlineConstantMutator,main,307,NO_COVERAGE,none
ChartUtilities.java,de.progra.charting.ChartUtilities,org.pitest.mutationtest.engine.gregor.mutators.InlineConstantMutator,main,307,NO_COVERAGE,none
ChartUtilities.java,de.progra.charting.ChartUtilities,org.pitest.mutationtest.engine.gregor.mutators.InlineConstantMutator,main,307,NO_COVERAGE,none
ChartUtilities.java,de.progra.charting.ChartUtilities,org.pitest.mutationtest.engine.gregor.mutators.InlineConstantMutator,main,307,NO_COVERAGE,none
ChartUtilities.java,de.progra.charting.ChartUtilities,org.pitest.mutationtest.engine.gregor.mutators.InlineConstantMutator,main,307,NO_COVERAGE,none
ChartUtilities.java,de.progra.charting.ChartUtilities,org.pitest.mutationtest.engine.gregor.mutators.InlineConstantMutator,main,311,NO_COVERAGE,none
ChartUtilities.java,de.progra.charting.ChartUtilities,org.pitest.mutationtest.engine.gregor.mutators.InlineConstantMutator,main,311,NO_COVERAGE,none
ChartUtilities.java,de.progra.charting.ChartUtilities,org.pitest.mutationtest.engine.gregor.mutators.InlineConstantMutator,main,311,NO_COVERAGE,none
ChartUtilities.java,de.progra.charting.ChartUtilities,org.pitest.mutationtest.engine.gregor.mutators.MathMutator,main,283,NO_COVERAGE,none
ChartUtilities.java,de.progra.charting.ChartUtilities,org.pitest.mutationtest.engine.gregor.mutators.MathMutator,main,297,NO_COVERAGE,none
ChartUtilities.java,de.progra.charting.ChartUtilities,org.pitest.mutationtest.engine.gregor.mutators.MathMutator,main,311,NO_COVERAGE,none
ChartUtilities.java,de.progra.charting.ChartUtilities,org.pitest.mutationtest.engine.gregor.mutators.NegateConditionalsMutator,main,283,NO_COVERAGE,none
ChartUtilities.java,de.progra.charting.ChartUtilities,org.pitest.mutationtest.engine.gregor.mutators.NegateConditionalsMutator,main,297,NO_COVERAGE,none
ChartUtilities.java,de.progra.charting.ChartUtilities,org.pitest.mutationtest.engine.gregor.mutators.NegateConditionalsMutator,main,311,NO_COVERAGE,none
ChartUtilities.java,de.progra.charting.ChartUtilities,org.pitest.mutationtest.engine.gregor.mutators.NonVoidMethodCallMutator,main,276,NO_COVERAGE,none
ChartUtilities.java,de.progra.charting.ChartUtilities,org.pitest.mutationtest.engine.gregor.mutators.NonVoidMethodCallMutator,main,278,NO_COVERAGE,none
ChartUtilities.java,de.progra.charting.ChartUtilities,org.pitest.mutationtest.engine.gregor.mutators.NonVoidMethodCallMutator,main,278,NO_COVERAGE,none
ChartUtilities.java,de.progra.charting.ChartUtilities,org.pitest.mutationtest.engine.gregor.mutators.NonVoidMethodCallMutator,main,278,NO_COVERAGE,none
ChartUtilities.java,de.progra.charting.ChartUtilities,org.pitest.mutationtest.engine.gregor.mutators.NonVoidMethodCallMutator,main,278,NO_COVERAGE,none
ChartUtilities.java,de.progra.charting.ChartUtilities,org.pitest.mutationtest.engine.gregor.mutators.NonVoidMethodCallMutator,main,278,NO_COVERAGE,none
ChartUtilities.java,de.progra.charting.ChartUtilities,org.pitest.mutationtest.engine.gregor.mutators.NonVoidMethodCallMutator,main,278,NO_COVERAGE,none
ChartUtilities.java,de.progra.charting.ChartUtilities,org.pitest.mutationtest.engine.gregor.mutators.NonVoidMethodCallMutator,main,278,NO_COVERAGE,none
ChartUtilities.java,de.progra.charting.ChartUtilities,org.pitest.mutationtest.engine.gregor.mutators.NonVoidMethodCallMutator,main,278,NO_COVERAGE,none
ChartUtilities.java,de.progra.charting.ChartUtilities,org.pitest.mutationtest.engine.gregor.mutators.NonVoidMethodCallMutator,main,278,NO_COVERAGE,none
ChartUtilities.java,de.progra.charting.ChartUtilities,org.pitest.mutationtest.engine.gregor.mutators.NonVoidMethodCallMutator,main,278,NO_COVERAGE,none
ChartUtilities.java,de.progra.charting.ChartUtilities,org.pitest.mutationtest.engine.gregor.mutators.NonVoidMethodCallMutator,main,280,NO_COVERAGE,none
ChartUtilities.java,de.progra.charting.ChartUtilities,org.pitest.mutationtest.engine.gregor.mutators.NonVoidMethodCallMutator,main,284,NO_COVERAGE,none
ChartUtilities.java,de.progra.charting.ChartUtilities,org.pitest.mutationtest.engine.gregor.mutators.NonVoidMethodCallMutator,main,284,NO_COVERAGE,none
ChartUtilities.java,de.progra.charting.ChartUtilities,org.pitest.mutationtest.engine.gregor.mutators.NonVoidMethodCallMutator,main,284,NO_COVERAGE,none
ChartUtilities.java,de.progra.charting.ChartUtilities,org.pitest.mutationtest.engine.gregor.mutators.NonVoidMethodCallMutator,main,284,NO_COVERAGE,none
ChartUtilities.java,de.progra.charting.ChartUtilities,org.pitest.mutationtest.engine.gregor.mutators.NonVoidMethodCallMutator,main,298,NO_COVERAGE,none
ChartUtilities.java,de.progra.charting.ChartUtilities,org.pitest.mutationtest.engine.gregor.mutators.NonVoidMethodCallMutator,main,298,NO_COVERAGE,none
ChartUtilities.java,de.progra.charting.ChartUtilities,org.pitest.mutationtest.engine.gregor.mutators.NonVoidMethodCallMutator,main,298,NO_COVERAGE,none
ChartUtilities.java,de.progra.charting.ChartUtilities,org.pitest.mutationtest.engine.gregor.mutators.NonVoidMethodCallMutator,main,298,NO_COVERAGE,none
ChartUtilities.java,de.progra.charting.ChartUtilities,org.pitest.mutationtest.engine.gregor.mutators.NonVoidMethodCallMutator,main,298,NO_COVERAGE,none
ChartUtilities.java,de.progra.charting.ChartUtilities,org.pitest.mutationtest.engine.gregor.mutators.NonVoidMethodCallMutator,main,298,NO_COVERAGE,none
ChartUtilities.java,de.progra.charting.ChartUtilities,org.pitest.mutationtest.engine.gregor.mutators.NonVoidMethodCallMutator,main,298,NO_COVERAGE,none
ChartUtilities.java,de.progra.charting.ChartUtilities,org.pitest.mutationtest.engine.gregor.mutators.NonVoidMethodCallMutator,main,312,NO_COVERAGE,none
ChartUtilities.java,de.progra.charting.ChartUtilities,org.pitest.mutationtest.engine.gregor.mutators.NonVoidMethodCallMutator,main,312,NO_COVERAGE,none
ChartUtilities.java,de.progra.charting.ChartUtilities,org.pitest.mutationtest.engine.gregor.mutators.NonVoidMethodCallMutator,main,312,NO_COVERAGE,none
ChartUtilities.java,de.progra.charting.ChartUtilities,org.pitest.mutationtest.engine.gregor.mutators.NonVoidMethodCallMutator,main,312,NO_COVERAGE,none
ChartUtilities.java,de.progra.charting.ChartUtilities,org.pitest.mutationtest.engine.gregor.mutators.NonVoidMethodCallMutator,main,312,NO_COVERAGE,none
ChartUtilities.java,de.progra.charting.ChartUtilities,org.pitest.mutationtest.engine.gregor.mutators.NonVoidMethodCallMutator,main,312,NO_COVERAGE,none
ChartUtilities.java,de.progra.charting.ChartUtilities,org.pitest.mutationtest.engine.gregor.mutators.NonVoidMethodCallMutator,main,312,NO_COVERAGE,none
ChartUtilities.java,de.progra.charting.ChartUtilities,org.pitest.mutationtest.engine.gregor.mutators.RemoveConditionalMutator_ORDER_ELSE,main,283,NO_COVERAGE,none
ChartUtilities.java,de.progra.charting.ChartUtilities,org.pitest.mutationtest.engine.gregor.mutators.RemoveConditionalMutator_ORDER_ELSE,main,297,NO_COVERAGE,none
ChartUtilities.java,de.progra.charting.ChartUtilities,org.pitest.mutationtest.engine.gregor.mutators.RemoveConditionalMutator_ORDER_ELSE,main,311,NO_COVERAGE,none
ChartUtilities.java,de.progra.charting.ChartUtilities,org.pitest.mutationtest.engine.gregor.mutators.RemoveConditionalMutator_ORDER_IF,main,283,NO_COVERAGE,none
ChartUtilities.java,de.progra.charting.ChartUtilities,org.pitest.mutationtest.engine.gregor.mutators.RemoveConditionalMutator_ORDER_IF,main,297,NO_COVERAGE,none
ChartUtilities.java,de.progra.charting.ChartUtilities,org.pitest.mutationtest.engine.gregor.mutators.RemoveConditionalMutator_ORDER_IF,main,311,NO_COVERAGE,none
ChartUtilities.java,de.progra.charting.ChartUtilities,org.pitest.mutationtest.engine.gregor.mutators.VoidMethodCallMutator,main,278,NO_COVERAGE,none
ChartUtilities.java,de.progra.charting.ChartUtilities,org.pitest.mutationtest.engine.gregor.mutators.VoidMethodCallMutator,main,282,NO_COVERAGE,none
ChartUtilities.java,de.progra.charting.ChartUtilities,org.pitest.mutationtest.engine.gregor.mutators.VoidMethodCallMutator,main,284,NO_COVERAGE,none
ChartUtilities.java,de.progra.charting.ChartUtilities,org.pitest.mutationtest.engine.gregor.mutators.VoidMethodCallMutator,main,285,NO_COVERAGE,none
ChartUtilities.java,de.progra.charting.ChartUtilities,org.pitest.mutationtest.engine.gregor.mutators.VoidMethodCallMutator,main,287,NO_COVERAGE,none
ChartUtilities.java,de.progra.charting.ChartUtilities,org.pitest.mutationtest.engine.gregor.mutators.VoidMethodCallMutator,main,288,NO_COVERAGE,none
ChartUtilities.java,de.progra.charting.ChartUtilities,org.pitest.mutationtest.engine.gregor.mutators.VoidMethodCallMutator,main,293,NO_COVERAGE,none
ChartUtilities.java,de.progra.charting.ChartUtilities,org.pitest.mutationtest.engine.gregor.mutators.VoidMethodCallMutator,main,298,NO_COVERAGE,none
ChartUtilities.java,de.progra.charting.ChartUtilities,org.pitest.mutationtest.engine.gregor.mutators.VoidMethodCallMutator,main,301,NO_COVERAGE,none
ChartUtilities.java,de.progra.charting.ChartUtilities,org.pitest.mutationtest.engine.gregor.mutators.VoidMethodCallMutator,main,303,NO_COVERAGE,none
ChartUtilities.java,de.progra.charting.ChartUtilities,org.pitest.mutationtest.engine.gregor.mutators.VoidMethodCallMutator,main,304,NO_COVERAGE,none
ChartUtilities.java,de.progra.charting.ChartUtilities,org.pitest.mutationtest.engine.gregor.mutators.VoidMethodCallMutator,main,309,NO_COVERAGE,none
ChartUtilities.java,de.progra.charting.ChartUtilities,org.pitest.mutationtest.engine.gregor.mutators.VoidMethodCallMutator,main,312,NO_COVERAGE,none
ChartUtilities.java,de.progra.charting.ChartUtilities,org.pitest.mutationtest.engine.gregor.mutators.VoidMethodCallMutator,main,315,NO_COVERAGE,none
ChartUtilities.java,de.progra.charting.ChartUtilities,org.pitest.mutationtest.engine.gregor.mutators.experimental.NakedReceiverMutator,main,278,NO_COVERAGE,none
ChartUtilities.java,de.progra.charting.ChartUtilities,org.pitest.mutationtest.engine.gregor.mutators.experimental.NakedReceiverMutator,main,278,NO_COVERAGE,none
ChartUtilities.java,de.progra.charting.ChartUtilities,org.pitest.mutationtest.engine.gregor.mutators.experimental.NakedReceiverMutator,main,278,NO_COVERAGE,none
ChartUtilities.java,de.progra.charting.ChartUtilities,org.pitest.mutationtest.engine.gregor.mutators.experimental.NakedReceiverMutator,main,278,NO_COVERAGE,none
ChartUtilities.java,de.progra.charting.ChartUtilities,org.pitest.mutationtest.engine.gregor.mutators.experimental.NakedReceiverMutator,main,278,NO_COVERAGE,none
ChartUtilities.java,de.progra.charting.ChartUtilities,org.pitest.mutationtest.engine.gregor.mutators.experimental.NakedReceiverMutator,main,278,NO_COVERAGE,none
ChartUtilities.java,de.progra.charting.ChartUtilities,org.pitest.mutationtest.engine.gregor.mutators.experimental.NakedReceiverMutator,main,278,NO_COVERAGE,none
ChartUtilities.java,de.progra.charting.ChartUtilities,org.pitest.mutationtest.engine.gregor.mutators.experimental.NakedReceiverMutator,main,278,NO_COVERAGE,none
ChartUtilities.java,de.progra.charting.ChartUtilities,org.pitest.mutationtest.engine.gregor.mutators.experimental.NakedReceiverMutator,main,278,NO_COVERAGE,none
ChartUtilities.java,de.progra.charting.ChartUtilities,org.pitest.mutationtest.engine.gregor.mutators.experimental.NakedReceiverMutator,main,284,NO_COVERAGE,none
ChartUtilities.java,de.progra.charting.ChartUtilities,org.pitest.mutationtest.engine.gregor.mutators.experimental.NakedReceiverMutator,main,284,NO_COVERAGE,none
ChartUtilities.java,de.progra.charting.ChartUtilities,org.pitest.mutationtest.engine.gregor.mutators.experimental.NakedReceiverMutator,main,284,NO_COVERAGE,none
ChartUtilities.java,de.progra.charting.ChartUtilities,org.pitest.mutationtest.engine.gregor.mutators.experimental.NakedReceiverMutator,main,298,NO_COVERAGE,none
ChartUtilities.java,de.progra.charting.ChartUtilities,org.pitest.mutationtest.engine.gregor.mutators.experimental.NakedReceiverMutator,main,298,NO_COVERAGE,none
ChartUtilities.java,de.progra.charting.ChartUtilities,org.pitest.mutationtest.engine.gregor.mutators.experimental.NakedReceiverMutator,main,298,NO_COVERAGE,none
ChartUtilities.java,de.progra.charting.ChartUtilities,org.pitest.mutationtest.engine.gregor.mutators.experimental.NakedReceiverMutator,main,298,NO_COVERAGE,none
ChartUtilities.java,de.progra.charting.ChartUtilities,org.pitest.mutationtest.engine.gregor.mutators.experimental.NakedReceiverMutator,main,298,NO_COVERAGE,none
ChartUtilities.java,de.progra.charting.ChartUtilities,org.pitest.mutationtest.engine.gregor.mutators.experimental.NakedReceiverMutator,main,312,NO_COVERAGE,none
ChartUtilities.java,de.progra.charting.ChartUtilities,org.pitest.mutationtest.engine.gregor.mutators.experimental.NakedReceiverMutator,main,312,NO_COVERAGE,none
ChartUtilities.java,de.progra.charting.ChartUtilities,org.pitest.mutationtest.engine.gregor.mutators.experimental.NakedReceiverMutator,main,312,NO_COVERAGE,none
ChartUtilities.java,de.progra.charting.ChartUtilities,org.pitest.mutationtest.engine.gregor.mutators.experimental.NakedReceiverMutator,main,312,NO_COVERAGE,none
ChartUtilities.java,de.progra.charting.ChartUtilities,org.pitest.mutationtest.engine.gregor.mutators.experimental.NakedReceiverMutator,main,312,NO_COVERAGE,none
ChartUtilities.java,de.progra.charting.ChartUtilities,org.pitest.mutationtest.engine.gregor.mutators.ArgumentPropagationMutator,performAutoScale,51,NO_COVERAGE,none
ChartUtilities.java,de.progra.charting.ChartUtilities,org.pitest.mutationtest.engine.gregor.mutators.ArgumentPropagationMutator,performAutoScale,52,NO_COVERAGE,none
ChartUtilities.java,de.progra.charting.ChartUtilities,org.pitest.mutationtest.engine.gregor.mutators.InlineConstantMutator,performAutoScale,47,NO_COVERAGE,none
ChartUtilities.java,de.progra.charting.ChartUtilities,org.pitest.mutationtest.engine.gregor.mutators.InlineConstantMutator,performAutoScale,51,NO_COVERAGE,none
ChartUtilities.java,de.progra.charting.ChartUtilities,org.pitest.mutationtest.engine.gregor.mutators.InlineConstantMutator,performAutoScale,52,NO_COVERAGE,none
ChartUtilities.java,de.progra.charting.ChartUtilities,org.pitest.mutationtest.engine.gregor.mutators.MathMutator,performAutoScale,49,NO_COVERAGE,none
ChartUtilities.java,de.progra.charting.ChartUtilities,org.pitest.mutationtest.engine.gregor.mutators.NonVoidMethodCallMutator,performAutoScale,51,NO_COVERAGE,none
ChartUtilities.java,de.progra.charting.ChartUtilities,org.pitest.mutationtest.engine.gregor.mutators.NonVoidMethodCallMutator,performAutoScale,51,NO_COVERAGE,none
ChartUtilities.java,de.progra.charting.ChartUtilities,org.pitest.mutationtest.engine.gregor.mutators.NonVoidMethodCallMutator,performAutoScale,52,NO_COVERAGE,none
ChartUtilities.java,de.progra.charting.ChartUtilities,org.pitest.mutationtest.engine.gregor.mutators.NonVoidMethodCallMutator,performAutoScale,52,NO_COVERAGE,none
ChartUtilities.java,de.progra.charting.ChartUtilities,org.pitest.mutationtest.engine.gregor.mutators.NullReturnValsMutator,performAutoScale,54,NO_COVERAGE,none
ChartUtilities.java,de.progra.charting.ChartUtilities,org.pitest.mutationtest.engine.gregor.mutators.ReturnValsMutator,performAutoScale,54,NO_COVERAGE,none
ChartUtilities.java,de.progra.charting.ChartUtilities,org.pitest.mutationtest.engine.gregor.mutators.ConditionalsBoundaryMutator,transformArray,246,NO_COVERAGE,none
ChartUtilities.java,de.progra.charting.ChartUtilities,org.pitest.mutationtest.engine.gregor.mutators.ConstructorCallMutator,transformArray,247,NO_COVERAGE,none
ChartUtilities.java,de.progra.charting.ChartUtilities,org.pitest.mutationtest.engine.gregor.mutators.InlineConstantMutator,transformArray,246,NO_COVERAGE,none
ChartUtilities.java,de.progra.charting.ChartUtilities,org.pitest.mutationtest.engine.gregor.mutators.NegateConditionalsMutator,transformArray,246,NO_COVERAGE,none
ChartUtilities.java,de.progra.charting.ChartUtilities,org.pitest.mutationtest.engine.gregor.mutators.NullReturnValsMutator,transformArray,249,NO_COVERAGE,none
ChartUtilities.java,de.progra.charting.ChartUtilities,org.pitest.mutationtest.engine.gregor.mutators.RemoveConditionalMutator_ORDER_ELSE,transformArray,246,NO_COVERAGE,none
ChartUtilities.java,de.progra.charting.ChartUtilities,org.pitest.mutationtest.engine.gregor.mutators.RemoveConditionalMutator_ORDER_IF,transformArray,246,NO_COVERAGE,none
ChartUtilities.java,de.progra.charting.ChartUtilities,org.pitest.mutationtest.engine.gregor.mutators.ReturnValsMutator,transformArray,249,NO_COVERAGE,none
ChartUtilities.java,de.progra.charting.ChartUtilities,org.pitest.mutationtest.engine.gregor.mutators.ConditionalsBoundaryMutator,transformArray,258,NO_COVERAGE,none
ChartUtilities.java,de.progra.charting.ChartUtilities,org.pitest.mutationtest.engine.gregor.mutators.ConstructorCallMutator,transformArray,259,NO_COVERAGE,none
ChartUtilities.java,de.progra.charting.ChartUtilities,org.pitest.mutationtest.engine.gregor.mutators.InlineConstantMutator,transformArray,258,NO_COVERAGE,none
ChartUtilities.java,de.progra.charting.ChartUtilities,org.pitest.mutationtest.engine.gregor.mutators.NegateConditionalsMutator,transformArray,258,NO_COVERAGE,none
ChartUtilities.java,de.progra.charting.ChartUtilities,org.pitest.mutationtest.engine.gregor.mutators.NullReturnValsMutator,transformArray,261,NO_COVERAGE,none
ChartUtilities.java,de.progra.charting.ChartUtilities,org.pitest.mutationtest.engine.gregor.mutators.RemoveConditionalMutator_ORDER_ELSE,transformArray,258,NO_COVERAGE,none
ChartUtilities.java,de.progra.charting.ChartUtilities,org.pitest.mutationtest.engine.gregor.mutators.RemoveConditionalMutator_ORDER_IF,transformArray,258,NO_COVERAGE,none
ChartUtilities.java,de.progra.charting.ChartUtilities,org.pitest.mutationtest.engine.gregor.mutators.ReturnValsMutator,transformArray,261,NO_COVERAGE,none
ChartUtilities.java,de.progra.charting.ChartUtilities,org.pitest.mutationtest.engine.gregor.mutators.ConditionalsBoundaryMutator,transformArray,233,NO_COVERAGE,none
ChartUtilities.java,de.progra.charting.ChartUtilities,org.pitest.mutationtest.engine.gregor.mutators.ConditionalsBoundaryMutator,transformArray,234,NO_COVERAGE,none
ChartUtilities.java,de.progra.charting.ChartUtilities,org.pitest.mutationtest.engine.gregor.mutators.ConstructorCallMutator,transformArray,235,NO_COVERAGE,none
ChartUtilities.java,de.progra.charting.ChartUtilities,org.pitest.mutationtest.engine.gregor.mutators.IncrementsMutator,transformArray,234,NO_COVERAGE,none
ChartUtilities.java,de.progra.charting.ChartUtilities,org.pitest.mutationtest.engine.gregor.mutators.IncrementsMutator,transformArray,233,NO_COVERAGE,none
ChartUtilities.java,de.progra.charting.ChartUtilities,org.pitest.mutationtest.engine.gregor.mutators.InlineConstantMutator,transformArray,231,NO_COVERAGE,none
ChartUtilities.java,de.progra.charting.ChartUtilities,org.pitest.mutationtest.engine.gregor.mutators.InlineConstantMutator,transformArray,233,NO_COVERAGE,none
ChartUtilities.java,de.progra.charting.ChartUtilities,org.pitest.mutationtest.engine.gregor.mutators.InlineConstantMutator,transformArray,234,NO_COVERAGE,none
ChartUtilities.java,de.progra.charting.ChartUtilities,org.pitest.mutationtest.engine.gregor.mutators.InlineConstantMutator,transformArray,234,NO_COVERAGE,none
ChartUtilities.java,de.progra.charting.ChartUtilities,org.pitest.mutationtest.engine.gregor.mutators.NegateConditionalsMutator,transformArray,233,NO_COVERAGE,none
ChartUtilities.java,de.progra.charting.ChartUtilities,org.pitest.mutationtest.engine.gregor.mutators.NegateConditionalsMutator,transformArray,234,NO_COVERAGE,none
ChartUtilities.java,de.progra.charting.ChartUtilities,org.pitest.mutationtest.engine.gregor.mutators.NullReturnValsMutator,transformArray,237,NO_COVERAGE,none
ChartUtilities.java,de.progra.charting.ChartUtilities,org.pitest.mutationtest.engine.gregor.mutators.RemoveConditionalMutator_ORDER_ELSE,transformArray,233,NO_COVERAGE,none
ChartUtilities.java,de.progra.charting.ChartUtilities,org.pitest.mutationtest.engine.gregor.mutators.RemoveConditionalMutator_ORDER_ELSE,transformArray,234,NO_COVERAGE,none
ChartUtilities.java,de.progra.charting.ChartUtilities,org.pitest.mutationtest.engine.gregor.mutators.RemoveConditionalMutator_ORDER_IF,transformArray,233,NO_COVERAGE,none
ChartUtilities.java,de.progra.charting.ChartUtilities,org.pitest.mutationtest.engine.gregor.mutators.RemoveConditionalMutator_ORDER_IF,transformArray,234,NO_COVERAGE,none
ChartUtilities.java,de.progra.charting.ChartUtilities,org.pitest.mutationtest.engine.gregor.mutators.ReturnValsMutator,transformArray,237,NO_COVERAGE,none
ChartUtilities.java,de.progra.charting.ChartUtilities,org.pitest.mutationtest.engine.gregor.mutators.experimental.RemoveIncrementsMutator,transformArray,233,NO_COVERAGE,none
ChartUtilities.java,de.progra.charting.ChartUtilities,org.pitest.mutationtest.engine.gregor.mutators.ConditionalsBoundaryMutator,transformArray,220,NO_COVERAGE,none
ChartUtilities.java,de.progra.charting.ChartUtilities,org.pitest.mutationtest.engine.gregor.mutators.ConditionalsBoundaryMutator,transformArray,221,NO_COVERAGE,none
ChartUtilities.java,de.progra.charting.ChartUtilities,org.pitest.mutationtest.engine.gregor.mutators.ConstructorCallMutator,transformArray,222,NO_COVERAGE,none
ChartUtilities.java,de.progra.charting.ChartUtilities,org.pitest.mutationtest.engine.gregor.mutators.IncrementsMutator,transformArray,221,NO_COVERAGE,none
ChartUtilities.java,de.progra.charting.ChartUtilities,org.pitest.mutationtest.engine.gregor.mutators.IncrementsMutator,transformArray,220,NO_COVERAGE,none
ChartUtilities.java,de.progra.charting.ChartUtilities,org.pitest.mutationtest.engine.gregor.mutators.InlineConstantMutator,transformArray,218,NO_COVERAGE,none
ChartUtilities.java,de.progra.charting.ChartUtilities,org.pitest.mutationtest.engine.gregor.mutators.InlineConstantMutator,transformArray,220,NO_COVERAGE,none
ChartUtilities.java,de.progra.charting.ChartUtilities,org.pitest.mutationtest.engine.gregor.mutators.InlineConstantMutator,transformArray,221,NO_COVERAGE,none
ChartUtilities.java,de.progra.charting.ChartUtilities,org.pitest.mutationtest.engine.gregor.mutators.InlineConstantMutator,transformArray,221,NO_COVERAGE,none
ChartUtilities.java,de.progra.charting.ChartUtilities,org.pitest.mutationtest.engine.gregor.mutators.NegateConditionalsMutator,transformArray,220,NO_COVERAGE,none
ChartUtilities.java,de.progra.charting.ChartUtilities,org.pitest.mutationtest.engine.gregor.mutators.NegateConditionalsMutator,transformArray,221,NO_COVERAGE,none
ChartUtilities.java,de.progra.charting.ChartUtilities,org.pitest.mutationtest.engine.gregor.mutators.NullReturnValsMutator,transformArray,224,NO_COVERAGE,none
ChartUtilities.java,de.progra.charting.ChartUtilities,org.pitest.mutationtest.engine.gregor.mutators.RemoveConditionalMutator_ORDER_ELSE,transformArray,220,NO_COVERAGE,none
ChartUtilities.java,de.progra.charting.ChartUtilities,org.pitest.mutationtest.engine.gregor.mutators.RemoveConditionalMutator_ORDER_ELSE,transformArray,221,NO_COVERAGE,none
ChartUtilities.java,de.progra.charting.ChartUtilities,org.pitest.mutationtest.engine.gregor.mutators.RemoveConditionalMutator_ORDER_IF,transformArray,220,NO_COVERAGE,none
ChartUtilities.java,de.progra.charting.ChartUtilities,org.pitest.mutationtest.engine.gregor.mutators.RemoveConditionalMutator_ORDER_IF,transformArray,221,NO_COVERAGE,none
ChartUtilities.java,de.progra.charting.ChartUtilities,org.pitest.mutationtest.engine.gregor.mutators.ReturnValsMutator,transformArray,224,NO_COVERAGE,none
ChartUtilities.java,de.progra.charting.ChartUtilities,org.pitest.mutationtest.engine.gregor.mutators.experimental.RemoveIncrementsMutator,transformArray,220,NO_COVERAGE,none
