JsonWriter.java,com.google.gson.stream.JsonWriter,org.pitest.mutationtest.engine.gregor.mutators.ConstructorCallMutator,<init>,200,SURVIVED,none
JsonWriter.java,com.google.gson.stream.JsonWriter,org.pitest.mutationtest.engine.gregor.mutators.InlineConstantMutator,<init>,168,SURVIVED,none
JsonWriter.java,com.google.gson.stream.JsonWriter,org.pitest.mutationtest.engine.gregor.mutators.InlineConstantMutator,<init>,169,KILLED,com.google.gson.stream.JsonWriter_ESTest.test62
JsonWriter.java,com.google.gson.stream.JsonWriter,org.pitest.mutationtest.engine.gregor.mutators.InlineConstantMutator,<init>,171,KILLED,com.google.gson.stream.JsonWriter_ESTest.test61
JsonWriter.java,com.google.gson.stream.JsonWriter,org.pitest.mutationtest.engine.gregor.mutators.InlineConstantMutator,<init>,191,KILLED,com.google.gson.stream.JsonWriter_ESTest.test61
JsonWriter.java,com.google.gson.stream.JsonWriter,org.pitest.mutationtest.engine.gregor.mutators.NegateConditionalsMutator,<init>,199,KILLED,com.google.gson.stream.JsonWriter_ESTest.test68
JsonWriter.java,com.google.gson.stream.JsonWriter,org.pitest.mutationtest.engine.gregor.mutators.RemoveConditionalMutator_EQUAL_ELSE,<init>,199,KILLED,com.google.gson.stream.JsonWriter_ESTest.test68
JsonWriter.java,com.google.gson.stream.JsonWriter,org.pitest.mutationtest.engine.gregor.mutators.RemoveConditionalMutator_EQUAL_IF,<init>,199,KILLED,com.google.gson.stream.JsonWriter_ESTest.test40
JsonWriter.java,com.google.gson.stream.JsonWriter,org.pitest.mutationtest.engine.gregor.mutators.VoidMethodCallMutator,<init>,171,KILLED,com.google.gson.stream.JsonWriter_ESTest.test61
JsonWriter.java,com.google.gson.stream.JsonWriter,org.pitest.mutationtest.engine.gregor.mutators.experimental.MemberVariableMutator,<init>,168,KILLED,com.google.gson.stream.JsonWriter_ESTest.test40
JsonWriter.java,com.google.gson.stream.JsonWriter,org.pitest.mutationtest.engine.gregor.mutators.experimental.MemberVariableMutator,<init>,169,SURVIVED,none
JsonWriter.java,com.google.gson.stream.JsonWriter,org.pitest.mutationtest.engine.gregor.mutators.experimental.MemberVariableMutator,<init>,183,KILLED,com.google.gson.stream.JsonWriter_ESTest.test09
JsonWriter.java,com.google.gson.stream.JsonWriter,org.pitest.mutationtest.engine.gregor.mutators.experimental.MemberVariableMutator,<init>,191,KILLED,com.google.gson.stream.JsonWriter_ESTest.test61
JsonWriter.java,com.google.gson.stream.JsonWriter,org.pitest.mutationtest.engine.gregor.mutators.experimental.MemberVariableMutator,<init>,202,KILLED,com.google.gson.stream.JsonWriter_ESTest.test61
JsonWriter.java,com.google.gson.stream.JsonWriter,org.pitest.mutationtest.engine.gregor.mutators.ConstructorCallMutator,beforeName,615,KILLED,com.google.gson.stream.JsonWriter_ESTest.test60
JsonWriter.java,com.google.gson.stream.JsonWriter,org.pitest.mutationtest.engine.gregor.mutators.InlineConstantMutator,beforeName,612,KILLED,com.google.gson.stream.JsonWriter_ESTest.test60
JsonWriter.java,com.google.gson.stream.JsonWriter,org.pitest.mutationtest.engine.gregor.mutators.InlineConstantMutator,beforeName,613,KILLED,com.google.gson.stream.JsonWriter_ESTest.test49
JsonWriter.java,com.google.gson.stream.JsonWriter,org.pitest.mutationtest.engine.gregor.mutators.InlineConstantMutator,beforeName,614,KILLED,com.google.gson.stream.JsonWriter_ESTest.test09
JsonWriter.java,com.google.gson.stream.JsonWriter,org.pitest.mutationtest.engine.gregor.mutators.InlineConstantMutator,beforeName,618,KILLED,com.google.gson.stream.JsonWriter_ESTest.test09
JsonWriter.java,com.google.gson.stream.JsonWriter,org.pitest.mutationtest.engine.gregor.mutators.NegateConditionalsMutator,beforeName,612,KILLED,com.google.gson.stream.JsonWriter_ESTest.test60
JsonWriter.java,com.google.gson.stream.JsonWriter,org.pitest.mutationtest.engine.gregor.mutators.NegateConditionalsMutator,beforeName,614,KILLED,com.google.gson.stream.JsonWriter_ESTest.test60
JsonWriter.java,com.google.gson.stream.JsonWriter,org.pitest.mutationtest.engine.gregor.mutators.NonVoidMethodCallMutator,beforeName,611,KILLED,com.google.gson.stream.JsonWriter_ESTest.test09
JsonWriter.java,com.google.gson.stream.JsonWriter,org.pitest.mutationtest.engine.gregor.mutators.RemoveConditionalMutator_EQUAL_ELSE,beforeName,612,KILLED,com.google.gson.stream.JsonWriter_ESTest.test49
JsonWriter.java,com.google.gson.stream.JsonWriter,org.pitest.mutationtest.engine.gregor.mutators.RemoveConditionalMutator_EQUAL_ELSE,beforeName,614,KILLED,com.google.gson.stream.JsonWriter_ESTest.test60
JsonWriter.java,com.google.gson.stream.JsonWriter,org.pitest.mutationtest.engine.gregor.mutators.RemoveConditionalMutator_EQUAL_IF,beforeName,612,KILLED,com.google.gson.stream.JsonWriter_ESTest.test60
JsonWriter.java,com.google.gson.stream.JsonWriter,org.pitest.mutationtest.engine.gregor.mutators.RemoveConditionalMutator_EQUAL_IF,beforeName,614,KILLED,com.google.gson.stream.JsonWriter_ESTest.test09
JsonWriter.java,com.google.gson.stream.JsonWriter,org.pitest.mutationtest.engine.gregor.mutators.VoidMethodCallMutator,beforeName,613,KILLED,com.google.gson.stream.JsonWriter_ESTest.test49
JsonWriter.java,com.google.gson.stream.JsonWriter,org.pitest.mutationtest.engine.gregor.mutators.VoidMethodCallMutator,beforeName,617,SURVIVED,none
JsonWriter.java,com.google.gson.stream.JsonWriter,org.pitest.mutationtest.engine.gregor.mutators.VoidMethodCallMutator,beforeName,618,KILLED,com.google.gson.stream.JsonWriter_ESTest.test09
JsonWriter.java,com.google.gson.stream.JsonWriter,org.pitest.mutationtest.engine.gregor.mutators.ConstructorCallMutator,beforeValue,631,KILLED,com.google.gson.stream.JsonWriter_ESTest.test39
JsonWriter.java,com.google.gson.stream.JsonWriter,org.pitest.mutationtest.engine.gregor.mutators.ConstructorCallMutator,beforeValue,655,KILLED,com.google.gson.stream.JsonWriter_ESTest.test36
JsonWriter.java,com.google.gson.stream.JsonWriter,org.pitest.mutationtest.engine.gregor.mutators.InlineConstantMutator,beforeValue,636,KILLED,com.google.gson.stream.JsonWriter_ESTest.test62
JsonWriter.java,com.google.gson.stream.JsonWriter,org.pitest.mutationtest.engine.gregor.mutators.InlineConstantMutator,beforeValue,640,KILLED,com.google.gson.stream.JsonWriter_ESTest.test42
JsonWriter.java,com.google.gson.stream.JsonWriter,org.pitest.mutationtest.engine.gregor.mutators.InlineConstantMutator,beforeValue,645,KILLED,com.google.gson.stream.JsonWriter_ESTest.test42
JsonWriter.java,com.google.gson.stream.JsonWriter,org.pitest.mutationtest.engine.gregor.mutators.InlineConstantMutator,beforeValue,651,KILLED,com.google.gson.stream.JsonWriter_ESTest.test25
JsonWriter.java,com.google.gson.stream.JsonWriter,org.pitest.mutationtest.engine.gregor.mutators.NegateConditionalsMutator,beforeValue,630,KILLED,com.google.gson.stream.JsonWriter_ESTest.test39
JsonWriter.java,com.google.gson.stream.JsonWriter,org.pitest.mutationtest.engine.gregor.mutators.NonVoidMethodCallMutator,beforeValue,628,KILLED,com.google.gson.stream.JsonWriter_ESTest.test61
JsonWriter.java,com.google.gson.stream.JsonWriter,org.pitest.mutationtest.engine.gregor.mutators.NonVoidMethodCallMutator,beforeValue,645,KILLED,com.google.gson.stream.JsonWriter_ESTest.test42
JsonWriter.java,com.google.gson.stream.JsonWriter,org.pitest.mutationtest.engine.gregor.mutators.NonVoidMethodCallMutator,beforeValue,650,KILLED,com.google.gson.stream.JsonWriter_ESTest.test09
JsonWriter.java,com.google.gson.stream.JsonWriter,org.pitest.mutationtest.engine.gregor.mutators.RemoveConditionalMutator_EQUAL_ELSE,beforeValue,630,KILLED,com.google.gson.stream.JsonWriter_ESTest.test39
JsonWriter.java,com.google.gson.stream.JsonWriter,org.pitest.mutationtest.engine.gregor.mutators.RemoveConditionalMutator_EQUAL_IF,beforeValue,630,KILLED,com.google.gson.stream.JsonWriter_ESTest.test45
JsonWriter.java,com.google.gson.stream.JsonWriter,org.pitest.mutationtest.engine.gregor.mutators.VoidMethodCallMutator,beforeValue,636,KILLED,com.google.gson.stream.JsonWriter_ESTest.test62
JsonWriter.java,com.google.gson.stream.JsonWriter,org.pitest.mutationtest.engine.gregor.mutators.VoidMethodCallMutator,beforeValue,640,KILLED,com.google.gson.stream.JsonWriter_ESTest.test42
JsonWriter.java,com.google.gson.stream.JsonWriter,org.pitest.mutationtest.engine.gregor.mutators.VoidMethodCallMutator,beforeValue,641,KILLED,com.google.gson.stream.JsonWriter_ESTest.test50
JsonWriter.java,com.google.gson.stream.JsonWriter,org.pitest.mutationtest.engine.gregor.mutators.VoidMethodCallMutator,beforeValue,646,SURVIVED,none
JsonWriter.java,com.google.gson.stream.JsonWriter,org.pitest.mutationtest.engine.gregor.mutators.VoidMethodCallMutator,beforeValue,651,KILLED,com.google.gson.stream.JsonWriter_ESTest.test25
JsonWriter.java,com.google.gson.stream.JsonWriter,org.pitest.mutationtest.engine.gregor.mutators.experimental.NakedReceiverMutator,beforeValue,645,KILLED,com.google.gson.stream.JsonWriter_ESTest.test42
JsonWriter.java,com.google.gson.stream.JsonWriter,org.pitest.mutationtest.engine.gregor.mutators.experimental.NakedReceiverMutator,beforeValue,650,KILLED,com.google.gson.stream.JsonWriter_ESTest.test09
JsonWriter.java,com.google.gson.stream.JsonWriter,org.pitest.mutationtest.engine.gregor.mutators.experimental.RemoveSwitchMutator_0,beforeValue,628,KILLED,com.google.gson.stream.JsonWriter_ESTest.test50
JsonWriter.java,com.google.gson.stream.JsonWriter,org.pitest.mutationtest.engine.gregor.mutators.experimental.RemoveSwitchMutator_1,beforeValue,628,KILLED,com.google.gson.stream.JsonWriter_ESTest.test42
JsonWriter.java,com.google.gson.stream.JsonWriter,org.pitest.mutationtest.engine.gregor.mutators.experimental.RemoveSwitchMutator_2,beforeValue,628,SURVIVED,none
JsonWriter.java,com.google.gson.stream.JsonWriter,org.pitest.mutationtest.engine.gregor.mutators.experimental.RemoveSwitchMutator_3,beforeValue,628,KILLED,com.google.gson.stream.JsonWriter_ESTest.test09
JsonWriter.java,com.google.gson.stream.JsonWriter,org.pitest.mutationtest.engine.gregor.mutators.experimental.RemoveSwitchMutator_4,beforeValue,628,SURVIVED,none
JsonWriter.java,com.google.gson.stream.JsonWriter,org.pitest.mutationtest.engine.gregor.mutators.experimental.RemoveSwitchMutator_5,beforeValue,628,KILLED,com.google.gson.stream.JsonWriter_ESTest.test61
JsonWriter.java,com.google.gson.stream.JsonWriter,org.pitest.mutationtest.engine.gregor.mutators.experimental.RemoveSwitchMutator_6,beforeValue,628,KILLED,com.google.gson.stream.JsonWriter_ESTest.test45
JsonWriter.java,com.google.gson.stream.JsonWriter,org.pitest.mutationtest.engine.gregor.mutators.experimental.SwitchMutator,beforeValue,628,KILLED,com.google.gson.stream.JsonWriter_ESTest.test61
JsonWriter.java,com.google.gson.stream.JsonWriter,org.pitest.mutationtest.engine.gregor.mutators.InlineConstantMutator,beginArray,289,KILLED,com.google.gson.stream.JsonWriter_ESTest.test28
JsonWriter.java,com.google.gson.stream.JsonWriter,org.pitest.mutationtest.engine.gregor.mutators.InlineConstantMutator,beginArray,289,KILLED,com.google.gson.stream.JsonWriter_ESTest.test32
JsonWriter.java,com.google.gson.stream.JsonWriter,org.pitest.mutationtest.engine.gregor.mutators.NonVoidMethodCallMutator,beginArray,289,KILLED,com.google.gson.stream.JsonWriter_ESTest.test28
JsonWriter.java,com.google.gson.stream.JsonWriter,org.pitest.mutationtest.engine.gregor.mutators.NullReturnValsMutator,beginArray,289,KILLED,com.google.gson.stream.JsonWriter_ESTest.test28
JsonWriter.java,com.google.gson.stream.JsonWriter,org.pitest.mutationtest.engine.gregor.mutators.ReturnValsMutator,beginArray,289,KILLED,com.google.gson.stream.JsonWriter_ESTest.test28
JsonWriter.java,com.google.gson.stream.JsonWriter,org.pitest.mutationtest.engine.gregor.mutators.VoidMethodCallMutator,beginArray,288,KILLED,com.google.gson.stream.JsonWriter_ESTest.test44
JsonWriter.java,com.google.gson.stream.JsonWriter,org.pitest.mutationtest.engine.gregor.mutators.experimental.NakedReceiverMutator,beginArray,289,KILLED,com.google.gson.stream.JsonWriter_ESTest.test28
JsonWriter.java,com.google.gson.stream.JsonWriter,org.pitest.mutationtest.engine.gregor.mutators.InlineConstantMutator,beginObject,309,KILLED,com.google.gson.stream.JsonWriter_ESTest.test36
JsonWriter.java,com.google.gson.stream.JsonWriter,org.pitest.mutationtest.engine.gregor.mutators.InlineConstantMutator,beginObject,309,KILLED,com.google.gson.stream.JsonWriter_ESTest.test30
JsonWriter.java,com.google.gson.stream.JsonWriter,org.pitest.mutationtest.engine.gregor.mutators.NonVoidMethodCallMutator,beginObject,309,KILLED,com.google.gson.stream.JsonWriter_ESTest.test30
JsonWriter.java,com.google.gson.stream.JsonWriter,org.pitest.mutationtest.engine.gregor.mutators.NullReturnValsMutator,beginObject,309,KILLED,com.google.gson.stream.JsonWriter_ESTest.test54
JsonWriter.java,com.google.gson.stream.JsonWriter,org.pitest.mutationtest.engine.gregor.mutators.ReturnValsMutator,beginObject,309,KILLED,com.google.gson.stream.JsonWriter_ESTest.test54
JsonWriter.java,com.google.gson.stream.JsonWriter,org.pitest.mutationtest.engine.gregor.mutators.VoidMethodCallMutator,beginObject,308,KILLED,com.google.gson.stream.JsonWriter_ESTest.test09
JsonWriter.java,com.google.gson.stream.JsonWriter,org.pitest.mutationtest.engine.gregor.mutators.experimental.NakedReceiverMutator,beginObject,309,KILLED,com.google.gson.stream.JsonWriter_ESTest.test30
JsonWriter.java,com.google.gson.stream.JsonWriter,org.pitest.mutationtest.engine.gregor.mutators.ConditionalsBoundaryMutator,close,557,KILLED,com.google.gson.stream.JsonWriter_ESTest.test62
JsonWriter.java,com.google.gson.stream.JsonWriter,org.pitest.mutationtest.engine.gregor.mutators.ConstructorCallMutator,close,558,KILLED,com.google.gson.stream.JsonWriter_ESTest.test52
JsonWriter.java,com.google.gson.stream.JsonWriter,org.pitest.mutationtest.engine.gregor.mutators.InlineConstantMutator,close,557,KILLED,com.google.gson.stream.JsonWriter_ESTest.test62
JsonWriter.java,com.google.gson.stream.JsonWriter,org.pitest.mutationtest.engine.gregor.mutators.InlineConstantMutator,close,557,KILLED,com.google.gson.stream.JsonWriter_ESTest.test52
JsonWriter.java,com.google.gson.stream.JsonWriter,org.pitest.mutationtest.engine.gregor.mutators.InlineConstantMutator,close,557,KILLED,com.google.gson.stream.JsonWriter_ESTest.test62
JsonWriter.java,com.google.gson.stream.JsonWriter,org.pitest.mutationtest.engine.gregor.mutators.InlineConstantMutator,close,557,KILLED,com.google.gson.stream.JsonWriter_ESTest.test62
JsonWriter.java,com.google.gson.stream.JsonWriter,org.pitest.mutationtest.engine.gregor.mutators.InlineConstantMutator,close,560,KILLED,com.google.gson.stream.JsonWriter_ESTest.test62
JsonWriter.java,com.google.gson.stream.JsonWriter,org.pitest.mutationtest.engine.gregor.mutators.MathMutator,close,557,KILLED,com.google.gson.stream.JsonWriter_ESTest.test62
JsonWriter.java,com.google.gson.stream.JsonWriter,org.pitest.mutationtest.engine.gregor.mutators.NegateConditionalsMutator,close,557,KILLED,com.google.gson.stream.JsonWriter_ESTest.test62
JsonWriter.java,com.google.gson.stream.JsonWriter,org.pitest.mutationtest.engine.gregor.mutators.NegateConditionalsMutator,close,557,KILLED,com.google.gson.stream.JsonWriter_ESTest.test52
JsonWriter.java,com.google.gson.stream.JsonWriter,org.pitest.mutationtest.engine.gregor.mutators.NegateConditionalsMutator,close,557,KILLED,com.google.gson.stream.JsonWriter_ESTest.test62
JsonWriter.java,com.google.gson.stream.JsonWriter,org.pitest.mutationtest.engine.gregor.mutators.RemoveConditionalMutator_EQUAL_ELSE,close,557,KILLED,com.google.gson.stream.JsonWriter_ESTest.test52
JsonWriter.java,com.google.gson.stream.JsonWriter,org.pitest.mutationtest.engine.gregor.mutators.RemoveConditionalMutator_EQUAL_ELSE,close,557,KILLED,com.google.gson.stream.JsonWriter_ESTest.test52
JsonWriter.java,com.google.gson.stream.JsonWriter,org.pitest.mutationtest.engine.gregor.mutators.RemoveConditionalMutator_EQUAL_IF,close,557,KILLED,com.google.gson.stream.JsonWriter_ESTest.test53
JsonWriter.java,com.google.gson.stream.JsonWriter,org.pitest.mutationtest.engine.gregor.mutators.RemoveConditionalMutator_EQUAL_IF,close,557,KILLED,com.google.gson.stream.JsonWriter_ESTest.test62
JsonWriter.java,com.google.gson.stream.JsonWriter,org.pitest.mutationtest.engine.gregor.mutators.RemoveConditionalMutator_ORDER_ELSE,close,557,KILLED,com.google.gson.stream.JsonWriter_ESTest.test62
JsonWriter.java,com.google.gson.stream.JsonWriter,org.pitest.mutationtest.engine.gregor.mutators.RemoveConditionalMutator_ORDER_IF,close,557,KILLED,com.google.gson.stream.JsonWriter_ESTest.test54
JsonWriter.java,com.google.gson.stream.JsonWriter,org.pitest.mutationtest.engine.gregor.mutators.VoidMethodCallMutator,close,554,SURVIVED,none
JsonWriter.java,com.google.gson.stream.JsonWriter,org.pitest.mutationtest.engine.gregor.mutators.experimental.MemberVariableMutator,close,560,KILLED,com.google.gson.stream.JsonWriter_ESTest.test62
JsonWriter.java,com.google.gson.stream.JsonWriter,org.pitest.mutationtest.engine.gregor.mutators.ConstructorCallMutator,close,340,KILLED,com.google.gson.stream.JsonWriter_ESTest.test69
JsonWriter.java,com.google.gson.stream.JsonWriter,org.pitest.mutationtest.engine.gregor.mutators.ConstructorCallMutator,close,343,KILLED,com.google.gson.stream.JsonWriter_ESTest.test66
JsonWriter.java,com.google.gson.stream.JsonWriter,org.pitest.mutationtest.engine.gregor.mutators.ConstructorCallMutator,close,343,KILLED,com.google.gson.stream.JsonWriter_ESTest.test66
JsonWriter.java,com.google.gson.stream.JsonWriter,org.pitest.mutationtest.engine.gregor.mutators.InlineConstantMutator,close,346,SURVIVED,none
JsonWriter.java,com.google.gson.stream.JsonWriter,org.pitest.mutationtest.engine.gregor.mutators.MathMutator,close,346,SURVIVED,none
JsonWriter.java,com.google.gson.stream.JsonWriter,org.pitest.mutationtest.engine.gregor.mutators.NegateConditionalsMutator,close,339,KILLED,com.google.gson.stream.JsonWriter_ESTest.test69
JsonWriter.java,com.google.gson.stream.JsonWriter,org.pitest.mutationtest.engine.gregor.mutators.NegateConditionalsMutator,close,339,KILLED,com.google.gson.stream.JsonWriter_ESTest.test69
JsonWriter.java,com.google.gson.stream.JsonWriter,org.pitest.mutationtest.engine.gregor.mutators.NegateConditionalsMutator,close,342,KILLED,com.google.gson.stream.JsonWriter_ESTest.test28
JsonWriter.java,com.google.gson.stream.JsonWriter,org.pitest.mutationtest.engine.gregor.mutators.NegateConditionalsMutator,close,347,SURVIVED,none
JsonWriter.java,com.google.gson.stream.JsonWriter,org.pitest.mutationtest.engine.gregor.mutators.NonVoidMethodCallMutator,close,338,KILLED,com.google.gson.stream.JsonWriter_ESTest.test28
JsonWriter.java,com.google.gson.stream.JsonWriter,org.pitest.mutationtest.engine.gregor.mutators.NonVoidMethodCallMutator,close,343,KILLED,com.google.gson.stream.JsonWriter_ESTest.test66
JsonWriter.java,com.google.gson.stream.JsonWriter,org.pitest.mutationtest.engine.gregor.mutators.NonVoidMethodCallMutator,close,343,KILLED,com.google.gson.stream.JsonWriter_ESTest.test66
JsonWriter.java,com.google.gson.stream.JsonWriter,org.pitest.mutationtest.engine.gregor.mutators.NonVoidMethodCallMutator,close,343,SURVIVED,none
JsonWriter.java,com.google.gson.stream.JsonWriter,org.pitest.mutationtest.engine.gregor.mutators.NullReturnValsMutator,close,351,SURVIVED,none
JsonWriter.java,com.google.gson.stream.JsonWriter,org.pitest.mutationtest.engine.gregor.mutators.RemoveConditionalMutator_EQUAL_ELSE,close,339,KILLED,com.google.gson.stream.JsonWriter_ESTest.test69
JsonWriter.java,com.google.gson.stream.JsonWriter,org.pitest.mutationtest.engine.gregor.mutators.RemoveConditionalMutator_EQUAL_ELSE,close,339,KILLED,com.google.gson.stream.JsonWriter_ESTest.test69
JsonWriter.java,com.google.gson.stream.JsonWriter,org.pitest.mutationtest.engine.gregor.mutators.RemoveConditionalMutator_EQUAL_ELSE,close,342,KILLED,com.google.gson.stream.JsonWriter_ESTest.test66
JsonWriter.java,com.google.gson.stream.JsonWriter,org.pitest.mutationtest.engine.gregor.mutators.RemoveConditionalMutator_EQUAL_ELSE,close,347,SURVIVED,none
JsonWriter.java,com.google.gson.stream.JsonWriter,org.pitest.mutationtest.engine.gregor.mutators.RemoveConditionalMutator_EQUAL_IF,close,339,KILLED,com.google.gson.stream.JsonWriter_ESTest.test25
JsonWriter.java,com.google.gson.stream.JsonWriter,org.pitest.mutationtest.engine.gregor.mutators.RemoveConditionalMutator_EQUAL_IF,close,339,KILLED,com.google.gson.stream.JsonWriter_ESTest.test28
JsonWriter.java,com.google.gson.stream.JsonWriter,org.pitest.mutationtest.engine.gregor.mutators.RemoveConditionalMutator_EQUAL_IF,close,342,KILLED,com.google.gson.stream.JsonWriter_ESTest.test28
JsonWriter.java,com.google.gson.stream.JsonWriter,org.pitest.mutationtest.engine.gregor.mutators.RemoveConditionalMutator_EQUAL_IF,close,347,SURVIVED,none
JsonWriter.java,com.google.gson.stream.JsonWriter,org.pitest.mutationtest.engine.gregor.mutators.ReturnValsMutator,close,351,SURVIVED,none
JsonWriter.java,com.google.gson.stream.JsonWriter,org.pitest.mutationtest.engine.gregor.mutators.VoidMethodCallMutator,close,348,SURVIVED,none
JsonWriter.java,com.google.gson.stream.JsonWriter,org.pitest.mutationtest.engine.gregor.mutators.VoidMethodCallMutator,close,350,KILLED,com.google.gson.stream.JsonWriter_ESTest.test27
JsonWriter.java,com.google.gson.stream.JsonWriter,org.pitest.mutationtest.engine.gregor.mutators.experimental.MemberVariableMutator,close,346,SURVIVED,none
JsonWriter.java,com.google.gson.stream.JsonWriter,org.pitest.mutationtest.engine.gregor.mutators.experimental.NakedReceiverMutator,close,343,SURVIVED,none
JsonWriter.java,com.google.gson.stream.JsonWriter,org.pitest.mutationtest.engine.gregor.mutators.experimental.NakedReceiverMutator,close,343,SURVIVED,none
JsonWriter.java,com.google.gson.stream.JsonWriter,org.pitest.mutationtest.engine.gregor.mutators.InlineConstantMutator,endArray,298,KILLED,com.google.gson.stream.JsonWriter_ESTest.test28
JsonWriter.java,com.google.gson.stream.JsonWriter,org.pitest.mutationtest.engine.gregor.mutators.InlineConstantMutator,endArray,298,SURVIVED,none
JsonWriter.java,com.google.gson.stream.JsonWriter,org.pitest.mutationtest.engine.gregor.mutators.InlineConstantMutator,endArray,298,KILLED,com.google.gson.stream.JsonWriter_ESTest.test27
JsonWriter.java,com.google.gson.stream.JsonWriter,org.pitest.mutationtest.engine.gregor.mutators.NonVoidMethodCallMutator,endArray,298,KILLED,com.google.gson.stream.JsonWriter_ESTest.test70
JsonWriter.java,com.google.gson.stream.JsonWriter,org.pitest.mutationtest.engine.gregor.mutators.NullReturnValsMutator,endArray,298,SURVIVED,none
JsonWriter.java,com.google.gson.stream.JsonWriter,org.pitest.mutationtest.engine.gregor.mutators.ReturnValsMutator,endArray,298,SURVIVED,none
JsonWriter.java,com.google.gson.stream.JsonWriter,org.pitest.mutationtest.engine.gregor.mutators.experimental.NakedReceiverMutator,endArray,298,KILLED,com.google.gson.stream.JsonWriter_ESTest.test70
JsonWriter.java,com.google.gson.stream.JsonWriter,org.pitest.mutationtest.engine.gregor.mutators.InlineConstantMutator,endObject,318,KILLED,com.google.gson.stream.JsonWriter_ESTest.test43
JsonWriter.java,com.google.gson.stream.JsonWriter,org.pitest.mutationtest.engine.gregor.mutators.InlineConstantMutator,endObject,318,KILLED,com.google.gson.stream.JsonWriter_ESTest.test69
JsonWriter.java,com.google.gson.stream.JsonWriter,org.pitest.mutationtest.engine.gregor.mutators.InlineConstantMutator,endObject,318,KILLED,com.google.gson.stream.JsonWriter_ESTest.test25
JsonWriter.java,com.google.gson.stream.JsonWriter,org.pitest.mutationtest.engine.gregor.mutators.NonVoidMethodCallMutator,endObject,318,KILLED,com.google.gson.stream.JsonWriter_ESTest.test69
JsonWriter.java,com.google.gson.stream.JsonWriter,org.pitest.mutationtest.engine.gregor.mutators.NullReturnValsMutator,endObject,318,SURVIVED,none
JsonWriter.java,com.google.gson.stream.JsonWriter,org.pitest.mutationtest.engine.gregor.mutators.ReturnValsMutator,endObject,318,SURVIVED,none
JsonWriter.java,com.google.gson.stream.JsonWriter,org.pitest.mutationtest.engine.gregor.mutators.experimental.NakedReceiverMutator,endObject,318,KILLED,com.google.gson.stream.JsonWriter_ESTest.test69
JsonWriter.java,com.google.gson.stream.JsonWriter,org.pitest.mutationtest.engine.gregor.mutators.ConstructorCallMutator,flush,543,KILLED,com.google.gson.stream.JsonWriter_ESTest.test55
JsonWriter.java,com.google.gson.stream.JsonWriter,org.pitest.mutationtest.engine.gregor.mutators.NegateConditionalsMutator,flush,542,KILLED,com.google.gson.stream.JsonWriter_ESTest.test56
JsonWriter.java,com.google.gson.stream.JsonWriter,org.pitest.mutationtest.engine.gregor.mutators.RemoveConditionalMutator_EQUAL_ELSE,flush,542,KILLED,com.google.gson.stream.JsonWriter_ESTest.test55
JsonWriter.java,com.google.gson.stream.JsonWriter,org.pitest.mutationtest.engine.gregor.mutators.RemoveConditionalMutator_EQUAL_IF,flush,542,KILLED,com.google.gson.stream.JsonWriter_ESTest.test56
JsonWriter.java,com.google.gson.stream.JsonWriter,org.pitest.mutationtest.engine.gregor.mutators.VoidMethodCallMutator,flush,545,SURVIVED,none
JsonWriter.java,com.google.gson.stream.JsonWriter,org.pitest.mutationtest.engine.gregor.mutators.BooleanFalseReturnValsMutator,getSerializeNulls,278,KILLED,com.google.gson.stream.JsonWriter_ESTest.test61
JsonWriter.java,com.google.gson.stream.JsonWriter,org.pitest.mutationtest.engine.gregor.mutators.BooleanTrueReturnValsMutator,getSerializeNulls,278,KILLED,com.google.gson.stream.JsonWriter_ESTest.test59
JsonWriter.java,com.google.gson.stream.JsonWriter,org.pitest.mutationtest.engine.gregor.mutators.ReturnValsMutator,getSerializeNulls,278,KILLED,com.google.gson.stream.JsonWriter_ESTest.test61
JsonWriter.java,com.google.gson.stream.JsonWriter,org.pitest.mutationtest.engine.gregor.mutators.BooleanFalseReturnValsMutator,isHtmlSafe,262,KILLED,com.google.gson.stream.JsonWriter_ESTest.test12
JsonWriter.java,com.google.gson.stream.JsonWriter,org.pitest.mutationtest.engine.gregor.mutators.BooleanTrueReturnValsMutator,isHtmlSafe,262,SURVIVED,none
JsonWriter.java,com.google.gson.stream.JsonWriter,org.pitest.mutationtest.engine.gregor.mutators.ReturnValsMutator,isHtmlSafe,262,KILLED,com.google.gson.stream.JsonWriter_ESTest.test12
JsonWriter.java,com.google.gson.stream.JsonWriter,org.pitest.mutationtest.engine.gregor.mutators.BooleanFalseReturnValsMutator,isLenient,243,KILLED,com.google.gson.stream.JsonWriter_ESTest.test74
JsonWriter.java,com.google.gson.stream.JsonWriter,org.pitest.mutationtest.engine.gregor.mutators.BooleanTrueReturnValsMutator,isLenient,243,SURVIVED,none
JsonWriter.java,com.google.gson.stream.JsonWriter,org.pitest.mutationtest.engine.gregor.mutators.ReturnValsMutator,isLenient,243,KILLED,com.google.gson.stream.JsonWriter_ESTest.test74
JsonWriter.java,com.google.gson.stream.JsonWriter,org.pitest.mutationtest.engine.gregor.mutators.NegateConditionalsMutator,jsonValue,430,KILLED,com.google.gson.stream.JsonWriter_ESTest.test20
JsonWriter.java,com.google.gson.stream.JsonWriter,org.pitest.mutationtest.engine.gregor.mutators.NonVoidMethodCallMutator,jsonValue,431,KILLED,com.google.gson.stream.JsonWriter_ESTest.test61
JsonWriter.java,com.google.gson.stream.JsonWriter,org.pitest.mutationtest.engine.gregor.mutators.NonVoidMethodCallMutator,jsonValue,435,KILLED,com.google.gson.stream.JsonWriter_ESTest.test20
JsonWriter.java,com.google.gson.stream.JsonWriter,org.pitest.mutationtest.engine.gregor.mutators.NullReturnValsMutator,jsonValue,431,SURVIVED,none
JsonWriter.java,com.google.gson.stream.JsonWriter,org.pitest.mutationtest.engine.gregor.mutators.NullReturnValsMutator,jsonValue,436,SURVIVED,none
JsonWriter.java,com.google.gson.stream.JsonWriter,org.pitest.mutationtest.engine.gregor.mutators.RemoveConditionalMutator_EQUAL_ELSE,jsonValue,430,SURVIVED,none
JsonWriter.java,com.google.gson.stream.JsonWriter,org.pitest.mutationtest.engine.gregor.mutators.RemoveConditionalMutator_EQUAL_IF,jsonValue,430,KILLED,com.google.gson.stream.JsonWriter_ESTest.test20
JsonWriter.java,com.google.gson.stream.JsonWriter,org.pitest.mutationtest.engine.gregor.mutators.ReturnValsMutator,jsonValue,431,SURVIVED,none
JsonWriter.java,com.google.gson.stream.JsonWriter,org.pitest.mutationtest.engine.gregor.mutators.ReturnValsMutator,jsonValue,436,SURVIVED,none
JsonWriter.java,com.google.gson.stream.JsonWriter,org.pitest.mutationtest.engine.gregor.mutators.VoidMethodCallMutator,jsonValue,433,KILLED,com.google.gson.stream.JsonWriter_ESTest.test41
JsonWriter.java,com.google.gson.stream.JsonWriter,org.pitest.mutationtest.engine.gregor.mutators.VoidMethodCallMutator,jsonValue,434,KILLED,com.google.gson.stream.JsonWriter_ESTest.test26
JsonWriter.java,com.google.gson.stream.JsonWriter,org.pitest.mutationtest.engine.gregor.mutators.experimental.NakedReceiverMutator,jsonValue,431,KILLED,com.google.gson.stream.JsonWriter_ESTest.test61
JsonWriter.java,com.google.gson.stream.JsonWriter,org.pitest.mutationtest.engine.gregor.mutators.experimental.NakedReceiverMutator,jsonValue,435,KILLED,com.google.gson.stream.JsonWriter_ESTest.test20
JsonWriter.java,com.google.gson.stream.JsonWriter,org.pitest.mutationtest.engine.gregor.mutators.ConstructorCallMutator,name,386,SURVIVED,none
JsonWriter.java,com.google.gson.stream.JsonWriter,org.pitest.mutationtest.engine.gregor.mutators.ConstructorCallMutator,name,389,KILLED,com.google.gson.stream.JsonWriter_ESTest.test63
JsonWriter.java,com.google.gson.stream.JsonWriter,org.pitest.mutationtest.engine.gregor.mutators.ConstructorCallMutator,name,392,KILLED,com.google.gson.stream.JsonWriter_ESTest.test62
JsonWriter.java,com.google.gson.stream.JsonWriter,org.pitest.mutationtest.engine.gregor.mutators.NegateConditionalsMutator,name,385,KILLED,com.google.gson.stream.JsonWriter_ESTest.test59
JsonWriter.java,com.google.gson.stream.JsonWriter,org.pitest.mutationtest.engine.gregor.mutators.NegateConditionalsMutator,name,388,KILLED,com.google.gson.stream.JsonWriter_ESTest.test59
JsonWriter.java,com.google.gson.stream.JsonWriter,org.pitest.mutationtest.engine.gregor.mutators.NegateConditionalsMutator,name,391,KILLED,com.google.gson.stream.JsonWriter_ESTest.test59
JsonWriter.java,com.google.gson.stream.JsonWriter,org.pitest.mutationtest.engine.gregor.mutators.NullReturnValsMutator,name,395,KILLED,com.google.gson.stream.JsonWriter_ESTest.test59
JsonWriter.java,com.google.gson.stream.JsonWriter,org.pitest.mutationtest.engine.gregor.mutators.RemoveConditionalMutator_EQUAL_ELSE,name,385,KILLED,com.google.gson.stream.JsonWriter_ESTest.test64
JsonWriter.java,com.google.gson.stream.JsonWriter,org.pitest.mutationtest.engine.gregor.mutators.RemoveConditionalMutator_EQUAL_ELSE,name,388,KILLED,com.google.gson.stream.JsonWriter_ESTest.test63
JsonWriter.java,com.google.gson.stream.JsonWriter,org.pitest.mutationtest.engine.gregor.mutators.RemoveConditionalMutator_EQUAL_ELSE,name,391,KILLED,com.google.gson.stream.JsonWriter_ESTest.test62
JsonWriter.java,com.google.gson.stream.JsonWriter,org.pitest.mutationtest.engine.gregor.mutators.RemoveConditionalMutator_EQUAL_IF,name,385,KILLED,com.google.gson.stream.JsonWriter_ESTest.test59
JsonWriter.java,com.google.gson.stream.JsonWriter,org.pitest.mutationtest.engine.gregor.mutators.RemoveConditionalMutator_EQUAL_IF,name,388,KILLED,com.google.gson.stream.JsonWriter_ESTest.test59
JsonWriter.java,com.google.gson.stream.JsonWriter,org.pitest.mutationtest.engine.gregor.mutators.RemoveConditionalMutator_EQUAL_IF,name,391,KILLED,com.google.gson.stream.JsonWriter_ESTest.test59
JsonWriter.java,com.google.gson.stream.JsonWriter,org.pitest.mutationtest.engine.gregor.mutators.ReturnValsMutator,name,395,KILLED,com.google.gson.stream.JsonWriter_ESTest.test59
JsonWriter.java,com.google.gson.stream.JsonWriter,org.pitest.mutationtest.engine.gregor.mutators.experimental.MemberVariableMutator,name,394,KILLED,com.google.gson.stream.JsonWriter_ESTest.test59
JsonWriter.java,com.google.gson.stream.JsonWriter,org.pitest.mutationtest.engine.gregor.mutators.ConditionalsBoundaryMutator,newline,601,KILLED,com.google.gson.stream.JsonWriter_ESTest.test50
JsonWriter.java,com.google.gson.stream.JsonWriter,org.pitest.mutationtest.engine.gregor.mutators.IncrementsMutator,newline,601,TIMED_OUT,none
JsonWriter.java,com.google.gson.stream.JsonWriter,org.pitest.mutationtest.engine.gregor.mutators.InlineConstantMutator,newline,600,KILLED,com.google.gson.stream.JsonWriter_ESTest.test50
JsonWriter.java,com.google.gson.stream.JsonWriter,org.pitest.mutationtest.engine.gregor.mutators.InlineConstantMutator,newline,601,KILLED,com.google.gson.stream.JsonWriter_ESTest.test50
JsonWriter.java,com.google.gson.stream.JsonWriter,org.pitest.mutationtest.engine.gregor.mutators.NegateConditionalsMutator,newline,596,KILLED,com.google.gson.stream.JsonWriter_ESTest.test50
JsonWriter.java,com.google.gson.stream.JsonWriter,org.pitest.mutationtest.engine.gregor.mutators.NegateConditionalsMutator,newline,601,KILLED,com.google.gson.stream.JsonWriter_ESTest.test50
JsonWriter.java,com.google.gson.stream.JsonWriter,org.pitest.mutationtest.engine.gregor.mutators.RemoveConditionalMutator_EQUAL_ELSE,newline,596,KILLED,com.google.gson.stream.JsonWriter_ESTest.test09
JsonWriter.java,com.google.gson.stream.JsonWriter,org.pitest.mutationtest.engine.gregor.mutators.RemoveConditionalMutator_EQUAL_IF,newline,596,KILLED,com.google.gson.stream.JsonWriter_ESTest.test50
JsonWriter.java,com.google.gson.stream.JsonWriter,org.pitest.mutationtest.engine.gregor.mutators.RemoveConditionalMutator_ORDER_ELSE,newline,601,KILLED,com.google.gson.stream.JsonWriter_ESTest.test50
JsonWriter.java,com.google.gson.stream.JsonWriter,org.pitest.mutationtest.engine.gregor.mutators.RemoveConditionalMutator_ORDER_IF,newline,601,TIMED_OUT,none
JsonWriter.java,com.google.gson.stream.JsonWriter,org.pitest.mutationtest.engine.gregor.mutators.VoidMethodCallMutator,newline,600,KILLED,com.google.gson.stream.JsonWriter_ESTest.test50
JsonWriter.java,com.google.gson.stream.JsonWriter,org.pitest.mutationtest.engine.gregor.mutators.VoidMethodCallMutator,newline,602,KILLED,com.google.gson.stream.JsonWriter_ESTest.test50
JsonWriter.java,com.google.gson.stream.JsonWriter,org.pitest.mutationtest.engine.gregor.mutators.experimental.RemoveIncrementsMutator,newline,601,TIMED_OUT,none
JsonWriter.java,com.google.gson.stream.JsonWriter,org.pitest.mutationtest.engine.gregor.mutators.NegateConditionalsMutator,nullValue,445,KILLED,com.google.gson.stream.JsonWriter_ESTest.test08
JsonWriter.java,com.google.gson.stream.JsonWriter,org.pitest.mutationtest.engine.gregor.mutators.NegateConditionalsMutator,nullValue,446,KILLED,com.google.gson.stream.JsonWriter_ESTest.test59
JsonWriter.java,com.google.gson.stream.JsonWriter,org.pitest.mutationtest.engine.gregor.mutators.NullReturnValsMutator,nullValue,450,KILLED,com.google.gson.stream.JsonWriter_ESTest.test43
JsonWriter.java,com.google.gson.stream.JsonWriter,org.pitest.mutationtest.engine.gregor.mutators.NullReturnValsMutator,nullValue,455,KILLED,com.google.gson.stream.JsonWriter_ESTest.test46
JsonWriter.java,com.google.gson.stream.JsonWriter,org.pitest.mutationtest.engine.gregor.mutators.RemoveConditionalMutator_EQUAL_ELSE,nullValue,445,KILLED,com.google.gson.stream.JsonWriter_ESTest.test59
JsonWriter.java,com.google.gson.stream.JsonWriter,org.pitest.mutationtest.engine.gregor.mutators.RemoveConditionalMutator_EQUAL_ELSE,nullValue,446,KILLED,com.google.gson.stream.JsonWriter_ESTest.test60
JsonWriter.java,com.google.gson.stream.JsonWriter,org.pitest.mutationtest.engine.gregor.mutators.RemoveConditionalMutator_EQUAL_IF,nullValue,445,KILLED,com.google.gson.stream.JsonWriter_ESTest.test08
JsonWriter.java,com.google.gson.stream.JsonWriter,org.pitest.mutationtest.engine.gregor.mutators.RemoveConditionalMutator_EQUAL_IF,nullValue,446,KILLED,com.google.gson.stream.JsonWriter_ESTest.test59
JsonWriter.java,com.google.gson.stream.JsonWriter,org.pitest.mutationtest.engine.gregor.mutators.ReturnValsMutator,nullValue,450,KILLED,com.google.gson.stream.JsonWriter_ESTest.test43
JsonWriter.java,com.google.gson.stream.JsonWriter,org.pitest.mutationtest.engine.gregor.mutators.ReturnValsMutator,nullValue,455,KILLED,com.google.gson.stream.JsonWriter_ESTest.test46
JsonWriter.java,com.google.gson.stream.JsonWriter,org.pitest.mutationtest.engine.gregor.mutators.VoidMethodCallMutator,nullValue,447,KILLED,com.google.gson.stream.JsonWriter_ESTest.test60
JsonWriter.java,com.google.gson.stream.JsonWriter,org.pitest.mutationtest.engine.gregor.mutators.VoidMethodCallMutator,nullValue,453,KILLED,com.google.gson.stream.JsonWriter_ESTest.test62
JsonWriter.java,com.google.gson.stream.JsonWriter,org.pitest.mutationtest.engine.gregor.mutators.VoidMethodCallMutator,nullValue,454,KILLED,com.google.gson.stream.JsonWriter_ESTest.test61
JsonWriter.java,com.google.gson.stream.JsonWriter,org.pitest.mutationtest.engine.gregor.mutators.experimental.MemberVariableMutator,nullValue,449,KILLED,com.google.gson.stream.JsonWriter_ESTest.test43
JsonWriter.java,com.google.gson.stream.JsonWriter,org.pitest.mutationtest.engine.gregor.mutators.NullReturnValsMutator,open,329,KILLED,com.google.gson.stream.JsonWriter_ESTest.test28
JsonWriter.java,com.google.gson.stream.JsonWriter,org.pitest.mutationtest.engine.gregor.mutators.ReturnValsMutator,open,329,KILLED,com.google.gson.stream.JsonWriter_ESTest.test28
JsonWriter.java,com.google.gson.stream.JsonWriter,org.pitest.mutationtest.engine.gregor.mutators.VoidMethodCallMutator,open,326,KILLED,com.google.gson.stream.JsonWriter_ESTest.test50
JsonWriter.java,com.google.gson.stream.JsonWriter,org.pitest.mutationtest.engine.gregor.mutators.VoidMethodCallMutator,open,327,KILLED,com.google.gson.stream.JsonWriter_ESTest.test28
JsonWriter.java,com.google.gson.stream.JsonWriter,org.pitest.mutationtest.engine.gregor.mutators.VoidMethodCallMutator,open,328,KILLED,com.google.gson.stream.JsonWriter_ESTest.test30
JsonWriter.java,com.google.gson.stream.JsonWriter,org.pitest.mutationtest.engine.gregor.mutators.ConstructorCallMutator,peek,366,KILLED,com.google.gson.stream.JsonWriter_ESTest.test65
JsonWriter.java,com.google.gson.stream.JsonWriter,org.pitest.mutationtest.engine.gregor.mutators.InlineConstantMutator,peek,368,KILLED,com.google.gson.stream.JsonWriter_ESTest.test61
JsonWriter.java,com.google.gson.stream.JsonWriter,org.pitest.mutationtest.engine.gregor.mutators.MathMutator,peek,368,KILLED,com.google.gson.stream.JsonWriter_ESTest.test61
JsonWriter.java,com.google.gson.stream.JsonWriter,org.pitest.mutationtest.engine.gregor.mutators.NegateConditionalsMutator,peek,365,KILLED,com.google.gson.stream.JsonWriter_ESTest.test61
JsonWriter.java,com.google.gson.stream.JsonWriter,org.pitest.mutationtest.engine.gregor.mutators.PrimitiveReturnsMutator,peek,368,KILLED,com.google.gson.stream.JsonWriter_ESTest.test61
JsonWriter.java,com.google.gson.stream.JsonWriter,org.pitest.mutationtest.engine.gregor.mutators.RemoveConditionalMutator_EQUAL_ELSE,peek,365,KILLED,com.google.gson.stream.JsonWriter_ESTest.test65
JsonWriter.java,com.google.gson.stream.JsonWriter,org.pitest.mutationtest.engine.gregor.mutators.RemoveConditionalMutator_EQUAL_IF,peek,365,KILLED,com.google.gson.stream.JsonWriter_ESTest.test61
JsonWriter.java,com.google.gson.stream.JsonWriter,org.pitest.mutationtest.engine.gregor.mutators.ReturnValsMutator,peek,368,KILLED,com.google.gson.stream.JsonWriter_ESTest.test61
JsonWriter.java,com.google.gson.stream.JsonWriter,org.pitest.mutationtest.engine.gregor.mutators.ArgumentPropagationMutator,push,356,KILLED,com.google.gson.stream.JsonWriter_ESTest.test44
JsonWriter.java,com.google.gson.stream.JsonWriter,org.pitest.mutationtest.engine.gregor.mutators.InlineConstantMutator,push,356,SURVIVED,none
JsonWriter.java,com.google.gson.stream.JsonWriter,org.pitest.mutationtest.engine.gregor.mutators.InlineConstantMutator,push,358,KILLED,com.google.gson.stream.JsonWriter_ESTest.test61
JsonWriter.java,com.google.gson.stream.JsonWriter,org.pitest.mutationtest.engine.gregor.mutators.MathMutator,push,356,KILLED,com.google.gson.stream.JsonWriter_ESTest.test44
JsonWriter.java,com.google.gson.stream.JsonWriter,org.pitest.mutationtest.engine.gregor.mutators.MathMutator,push,358,KILLED,com.google.gson.stream.JsonWriter_ESTest.test61
JsonWriter.java,com.google.gson.stream.JsonWriter,org.pitest.mutationtest.engine.gregor.mutators.NegateConditionalsMutator,push,355,KILLED,com.google.gson.stream.JsonWriter_ESTest.test68
JsonWriter.java,com.google.gson.stream.JsonWriter,org.pitest.mutationtest.engine.gregor.mutators.NonVoidMethodCallMutator,push,356,KILLED,com.google.gson.stream.JsonWriter_ESTest.test44
JsonWriter.java,com.google.gson.stream.JsonWriter,org.pitest.mutationtest.engine.gregor.mutators.RemoveConditionalMutator_EQUAL_ELSE,push,355,KILLED,com.google.gson.stream.JsonWriter_ESTest.test44
JsonWriter.java,com.google.gson.stream.JsonWriter,org.pitest.mutationtest.engine.gregor.mutators.RemoveConditionalMutator_EQUAL_IF,push,355,KILLED,com.google.gson.stream.JsonWriter_ESTest.test68
JsonWriter.java,com.google.gson.stream.JsonWriter,org.pitest.mutationtest.engine.gregor.mutators.experimental.MemberVariableMutator,push,356,KILLED,com.google.gson.stream.JsonWriter_ESTest.test44
JsonWriter.java,com.google.gson.stream.JsonWriter,org.pitest.mutationtest.engine.gregor.mutators.experimental.MemberVariableMutator,push,358,KILLED,com.google.gson.stream.JsonWriter_ESTest.test61
JsonWriter.java,com.google.gson.stream.JsonWriter,org.pitest.mutationtest.engine.gregor.mutators.InlineConstantMutator,replaceTop,375,KILLED,com.google.gson.stream.JsonWriter_ESTest.test62
JsonWriter.java,com.google.gson.stream.JsonWriter,org.pitest.mutationtest.engine.gregor.mutators.MathMutator,replaceTop,375,KILLED,com.google.gson.stream.JsonWriter_ESTest.test62
JsonWriter.java,com.google.gson.stream.JsonWriter,org.pitest.mutationtest.engine.gregor.mutators.experimental.MemberVariableMutator,setHtmlSafe,254,KILLED,com.google.gson.stream.JsonWriter_ESTest.test12
JsonWriter.java,com.google.gson.stream.JsonWriter,org.pitest.mutationtest.engine.gregor.mutators.NegateConditionalsMutator,setIndent,214,KILLED,com.google.gson.stream.JsonWriter_ESTest.test50
JsonWriter.java,com.google.gson.stream.JsonWriter,org.pitest.mutationtest.engine.gregor.mutators.NonVoidMethodCallMutator,setIndent,214,KILLED,com.google.gson.stream.JsonWriter_ESTest.test40
JsonWriter.java,com.google.gson.stream.JsonWriter,org.pitest.mutationtest.engine.gregor.mutators.RemoveConditionalMutator_EQUAL_ELSE,setIndent,214,SURVIVED,none
JsonWriter.java,com.google.gson.stream.JsonWriter,org.pitest.mutationtest.engine.gregor.mutators.RemoveConditionalMutator_EQUAL_IF,setIndent,214,KILLED,com.google.gson.stream.JsonWriter_ESTest.test50
JsonWriter.java,com.google.gson.stream.JsonWriter,org.pitest.mutationtest.engine.gregor.mutators.experimental.MemberVariableMutator,setIndent,215,SURVIVED,none
JsonWriter.java,com.google.gson.stream.JsonWriter,org.pitest.mutationtest.engine.gregor.mutators.experimental.MemberVariableMutator,setIndent,216,SURVIVED,none
JsonWriter.java,com.google.gson.stream.JsonWriter,org.pitest.mutationtest.engine.gregor.mutators.experimental.MemberVariableMutator,setIndent,218,KILLED,com.google.gson.stream.JsonWriter_ESTest.test50
JsonWriter.java,com.google.gson.stream.JsonWriter,org.pitest.mutationtest.engine.gregor.mutators.experimental.MemberVariableMutator,setIndent,219,SURVIVED,none
JsonWriter.java,com.google.gson.stream.JsonWriter,org.pitest.mutationtest.engine.gregor.mutators.experimental.MemberVariableMutator,setLenient,236,KILLED,com.google.gson.stream.JsonWriter_ESTest.test74
JsonWriter.java,com.google.gson.stream.JsonWriter,org.pitest.mutationtest.engine.gregor.mutators.experimental.MemberVariableMutator,setSerializeNulls,270,KILLED,com.google.gson.stream.JsonWriter_ESTest.test59
JsonWriter.java,com.google.gson.stream.JsonWriter,org.pitest.mutationtest.engine.gregor.mutators.ConditionalsBoundaryMutator,string,568,KILLED,com.google.gson.stream.JsonWriter_ESTest.test51
JsonWriter.java,com.google.gson.stream.JsonWriter,org.pitest.mutationtest.engine.gregor.mutators.ConditionalsBoundaryMutator,string,571,SURVIVED,none
JsonWriter.java,com.google.gson.stream.JsonWriter,org.pitest.mutationtest.engine.gregor.mutators.ConditionalsBoundaryMutator,string,583,SURVIVED,none
JsonWriter.java,com.google.gson.stream.JsonWriter,org.pitest.mutationtest.engine.gregor.mutators.ConditionalsBoundaryMutator,string,589,SURVIVED,none
JsonWriter.java,com.google.gson.stream.JsonWriter,org.pitest.mutationtest.engine.gregor.mutators.IncrementsMutator,string,568,KILLED,com.google.gson.stream.JsonWriter_ESTest.test51
JsonWriter.java,com.google.gson.stream.JsonWriter,org.pitest.mutationtest.engine.gregor.mutators.InlineConstantMutator,string,565,KILLED,com.google.gson.stream.JsonWriter_ESTest.test51
JsonWriter.java,com.google.gson.stream.JsonWriter,org.pitest.mutationtest.engine.gregor.mutators.InlineConstantMutator,string,566,KILLED,com.google.gson.stream.JsonWriter_ESTest.test06
JsonWriter.java,com.google.gson.stream.JsonWriter,org.pitest.mutationtest.engine.gregor.mutators.InlineConstantMutator,string,568,KILLED,com.google.gson.stream.JsonWriter_ESTest.test51
JsonWriter.java,com.google.gson.stream.JsonWriter,org.pitest.mutationtest.engine.gregor.mutators.InlineConstantMutator,string,571,SURVIVED,none
JsonWriter.java,com.google.gson.stream.JsonWriter,org.pitest.mutationtest.engine.gregor.mutators.InlineConstantMutator,string,576,KILLED,com.google.gson.stream.JsonWriter_ESTest.test51
JsonWriter.java,com.google.gson.stream.JsonWriter,org.pitest.mutationtest.engine.gregor.mutators.InlineConstantMutator,string,578,NO_COVERAGE,none
JsonWriter.java,com.google.gson.stream.JsonWriter,org.pitest.mutationtest.engine.gregor.mutators.InlineConstantMutator,string,587,KILLED,com.google.gson.stream.JsonWriter_ESTest.test51
JsonWriter.java,com.google.gson.stream.JsonWriter,org.pitest.mutationtest.engine.gregor.mutators.InlineConstantMutator,string,592,KILLED,com.google.gson.stream.JsonWriter_ESTest.test51
JsonWriter.java,com.google.gson.stream.JsonWriter,org.pitest.mutationtest.engine.gregor.mutators.MathMutator,string,584,KILLED,com.google.gson.stream.JsonWriter_ESTest.test01
JsonWriter.java,com.google.gson.stream.JsonWriter,org.pitest.mutationtest.engine.gregor.mutators.MathMutator,string,587,KILLED,com.google.gson.stream.JsonWriter_ESTest.test51
JsonWriter.java,com.google.gson.stream.JsonWriter,org.pitest.mutationtest.engine.gregor.mutators.MathMutator,string,590,KILLED,com.google.gson.stream.JsonWriter_ESTest.test01
JsonWriter.java,com.google.gson.stream.JsonWriter,org.pitest.mutationtest.engine.gregor.mutators.NegateConditionalsMutator,string,564,KILLED,com.google.gson.stream.JsonWriter_ESTest.test06
JsonWriter.java,com.google.gson.stream.JsonWriter,org.pitest.mutationtest.engine.gregor.mutators.NegateConditionalsMutator,string,568,KILLED,com.google.gson.stream.JsonWriter_ESTest.test51
JsonWriter.java,com.google.gson.stream.JsonWriter,org.pitest.mutationtest.engine.gregor.mutators.NegateConditionalsMutator,string,571,KILLED,com.google.gson.stream.JsonWriter_ESTest.test51
JsonWriter.java,com.google.gson.stream.JsonWriter,org.pitest.mutationtest.engine.gregor.mutators.NegateConditionalsMutator,string,573,KILLED,com.google.gson.stream.JsonWriter_ESTest.test06
JsonWriter.java,com.google.gson.stream.JsonWriter,org.pitest.mutationtest.engine.gregor.mutators.NegateConditionalsMutator,string,576,KILLED,com.google.gson.stream.JsonWriter_ESTest.test51
JsonWriter.java,com.google.gson.stream.JsonWriter,org.pitest.mutationtest.engine.gregor.mutators.NegateConditionalsMutator,string,578,NO_COVERAGE,none
JsonWriter.java,com.google.gson.stream.JsonWriter,org.pitest.mutationtest.engine.gregor.mutators.NegateConditionalsMutator,string,583,KILLED,com.google.gson.stream.JsonWriter_ESTest.test01
JsonWriter.java,com.google.gson.stream.JsonWriter,org.pitest.mutationtest.engine.gregor.mutators.NegateConditionalsMutator,string,589,KILLED,com.google.gson.stream.JsonWriter_ESTest.test06
JsonWriter.java,com.google.gson.stream.JsonWriter,org.pitest.mutationtest.engine.gregor.mutators.NonVoidMethodCallMutator,string,567,KILLED,com.google.gson.stream.JsonWriter_ESTest.test51
JsonWriter.java,com.google.gson.stream.JsonWriter,org.pitest.mutationtest.engine.gregor.mutators.NonVoidMethodCallMutator,string,569,KILLED,com.google.gson.stream.JsonWriter_ESTest.test51
JsonWriter.java,com.google.gson.stream.JsonWriter,org.pitest.mutationtest.engine.gregor.mutators.RemoveConditionalMutator_EQUAL_ELSE,string,564,SURVIVED,none
JsonWriter.java,com.google.gson.stream.JsonWriter,org.pitest.mutationtest.engine.gregor.mutators.RemoveConditionalMutator_EQUAL_ELSE,string,573,KILLED,com.google.gson.stream.JsonWriter_ESTest.test06
JsonWriter.java,com.google.gson.stream.JsonWriter,org.pitest.mutationtest.engine.gregor.mutators.RemoveConditionalMutator_EQUAL_ELSE,string,576,KILLED,com.google.gson.stream.JsonWriter_ESTest.test51
JsonWriter.java,com.google.gson.stream.JsonWriter,org.pitest.mutationtest.engine.gregor.mutators.RemoveConditionalMutator_EQUAL_ELSE,string,578,NO_COVERAGE,none
JsonWriter.java,com.google.gson.stream.JsonWriter,org.pitest.mutationtest.engine.gregor.mutators.RemoveConditionalMutator_EQUAL_IF,string,564,KILLED,com.google.gson.stream.JsonWriter_ESTest.test06
JsonWriter.java,com.google.gson.stream.JsonWriter,org.pitest.mutationtest.engine.gregor.mutators.RemoveConditionalMutator_EQUAL_IF,string,573,KILLED,com.google.gson.stream.JsonWriter_ESTest.test18
JsonWriter.java,com.google.gson.stream.JsonWriter,org.pitest.mutationtest.engine.gregor.mutators.RemoveConditionalMutator_EQUAL_IF,string,576,SURVIVED,none
JsonWriter.java,com.google.gson.stream.JsonWriter,org.pitest.mutationtest.engine.gregor.mutators.RemoveConditionalMutator_EQUAL_IF,string,578,NO_COVERAGE,none
JsonWriter.java,com.google.gson.stream.JsonWriter,org.pitest.mutationtest.engine.gregor.mutators.RemoveConditionalMutator_ORDER_ELSE,string,568,KILLED,com.google.gson.stream.JsonWriter_ESTest.test51
JsonWriter.java,com.google.gson.stream.JsonWriter,org.pitest.mutationtest.engine.gregor.mutators.RemoveConditionalMutator_ORDER_ELSE,string,571,KILLED,com.google.gson.stream.JsonWriter_ESTest.test18
JsonWriter.java,com.google.gson.stream.JsonWriter,org.pitest.mutationtest.engine.gregor.mutators.RemoveConditionalMutator_ORDER_ELSE,string,583,KILLED,com.google.gson.stream.JsonWriter_ESTest.test01
JsonWriter.java,com.google.gson.stream.JsonWriter,org.pitest.mutationtest.engine.gregor.mutators.RemoveConditionalMutator_ORDER_ELSE,string,589,KILLED,com.google.gson.stream.JsonWriter_ESTest.test06
JsonWriter.java,com.google.gson.stream.JsonWriter,org.pitest.mutationtest.engine.gregor.mutators.RemoveConditionalMutator_ORDER_IF,string,568,KILLED,com.google.gson.stream.JsonWriter_ESTest.test51
JsonWriter.java,com.google.gson.stream.JsonWriter,org.pitest.mutationtest.engine.gregor.mutators.RemoveConditionalMutator_ORDER_IF,string,571,KILLED,com.google.gson.stream.JsonWriter_ESTest.test51
JsonWriter.java,com.google.gson.stream.JsonWriter,org.pitest.mutationtest.engine.gregor.mutators.RemoveConditionalMutator_ORDER_IF,string,583,SURVIVED,none
JsonWriter.java,com.google.gson.stream.JsonWriter,org.pitest.mutationtest.engine.gregor.mutators.RemoveConditionalMutator_ORDER_IF,string,589,SURVIVED,none
JsonWriter.java,com.google.gson.stream.JsonWriter,org.pitest.mutationtest.engine.gregor.mutators.VoidMethodCallMutator,string,565,KILLED,com.google.gson.stream.JsonWriter_ESTest.test51
JsonWriter.java,com.google.gson.stream.JsonWriter,org.pitest.mutationtest.engine.gregor.mutators.VoidMethodCallMutator,string,584,KILLED,com.google.gson.stream.JsonWriter_ESTest.test01
JsonWriter.java,com.google.gson.stream.JsonWriter,org.pitest.mutationtest.engine.gregor.mutators.VoidMethodCallMutator,string,586,KILLED,com.google.gson.stream.JsonWriter_ESTest.test51
JsonWriter.java,com.google.gson.stream.JsonWriter,org.pitest.mutationtest.engine.gregor.mutators.VoidMethodCallMutator,string,590,KILLED,com.google.gson.stream.JsonWriter_ESTest.test06
JsonWriter.java,com.google.gson.stream.JsonWriter,org.pitest.mutationtest.engine.gregor.mutators.VoidMethodCallMutator,string,592,KILLED,com.google.gson.stream.JsonWriter_ESTest.test51
JsonWriter.java,com.google.gson.stream.JsonWriter,org.pitest.mutationtest.engine.gregor.mutators.experimental.RemoveIncrementsMutator,string,568,TIMED_OUT,none
JsonWriter.java,com.google.gson.stream.JsonWriter,org.pitest.mutationtest.engine.gregor.mutators.ConstructorCallMutator,value,495,NO_COVERAGE,none
JsonWriter.java,com.google.gson.stream.JsonWriter,org.pitest.mutationtest.engine.gregor.mutators.ConstructorCallMutator,value,495,NO_COVERAGE,none
JsonWriter.java,com.google.gson.stream.JsonWriter,org.pitest.mutationtest.engine.gregor.mutators.NegateConditionalsMutator,value,494,SURVIVED,none
JsonWriter.java,com.google.gson.stream.JsonWriter,org.pitest.mutationtest.engine.gregor.mutators.NegateConditionalsMutator,value,494,KILLED,com.google.gson.stream.JsonWriter_ESTest.test39
JsonWriter.java,com.google.gson.stream.JsonWriter,org.pitest.mutationtest.engine.gregor.mutators.NegateConditionalsMutator,value,494,KILLED,com.google.gson.stream.JsonWriter_ESTest.test39
JsonWriter.java,com.google.gson.stream.JsonWriter,org.pitest.mutationtest.engine.gregor.mutators.NonVoidMethodCallMutator,value,494,SURVIVED,none
JsonWriter.java,com.google.gson.stream.JsonWriter,org.pitest.mutationtest.engine.gregor.mutators.NonVoidMethodCallMutator,value,494,SURVIVED,none
JsonWriter.java,com.google.gson.stream.JsonWriter,org.pitest.mutationtest.engine.gregor.mutators.NonVoidMethodCallMutator,value,495,NO_COVERAGE,none
JsonWriter.java,com.google.gson.stream.JsonWriter,org.pitest.mutationtest.engine.gregor.mutators.NonVoidMethodCallMutator,value,495,NO_COVERAGE,none
JsonWriter.java,com.google.gson.stream.JsonWriter,org.pitest.mutationtest.engine.gregor.mutators.NonVoidMethodCallMutator,value,495,NO_COVERAGE,none
JsonWriter.java,com.google.gson.stream.JsonWriter,org.pitest.mutationtest.engine.gregor.mutators.NonVoidMethodCallMutator,value,498,KILLED,com.google.gson.stream.JsonWriter_ESTest.test74
JsonWriter.java,com.google.gson.stream.JsonWriter,org.pitest.mutationtest.engine.gregor.mutators.NonVoidMethodCallMutator,value,498,KILLED,com.google.gson.stream.JsonWriter_ESTest.test74
JsonWriter.java,com.google.gson.stream.JsonWriter,org.pitest.mutationtest.engine.gregor.mutators.NullReturnValsMutator,value,499,KILLED,com.google.gson.stream.JsonWriter_ESTest.test39
JsonWriter.java,com.google.gson.stream.JsonWriter,org.pitest.mutationtest.engine.gregor.mutators.RemoveConditionalMutator_EQUAL_ELSE,value,494,SURVIVED,none
JsonWriter.java,com.google.gson.stream.JsonWriter,org.pitest.mutationtest.engine.gregor.mutators.RemoveConditionalMutator_EQUAL_ELSE,value,494,KILLED,com.google.gson.stream.JsonWriter_ESTest.test39
JsonWriter.java,com.google.gson.stream.JsonWriter,org.pitest.mutationtest.engine.gregor.mutators.RemoveConditionalMutator_EQUAL_ELSE,value,494,SURVIVED,none
JsonWriter.java,com.google.gson.stream.JsonWriter,org.pitest.mutationtest.engine.gregor.mutators.RemoveConditionalMutator_EQUAL_IF,value,494,SURVIVED,none
JsonWriter.java,com.google.gson.stream.JsonWriter,org.pitest.mutationtest.engine.gregor.mutators.RemoveConditionalMutator_EQUAL_IF,value,494,SURVIVED,none
JsonWriter.java,com.google.gson.stream.JsonWriter,org.pitest.mutationtest.engine.gregor.mutators.RemoveConditionalMutator_EQUAL_IF,value,494,KILLED,com.google.gson.stream.JsonWriter_ESTest.test39
JsonWriter.java,com.google.gson.stream.JsonWriter,org.pitest.mutationtest.engine.gregor.mutators.ReturnValsMutator,value,499,KILLED,com.google.gson.stream.JsonWriter_ESTest.test39
JsonWriter.java,com.google.gson.stream.JsonWriter,org.pitest.mutationtest.engine.gregor.mutators.VoidMethodCallMutator,value,493,SURVIVED,none
JsonWriter.java,com.google.gson.stream.JsonWriter,org.pitest.mutationtest.engine.gregor.mutators.VoidMethodCallMutator,value,497,KILLED,com.google.gson.stream.JsonWriter_ESTest.test39
JsonWriter.java,com.google.gson.stream.JsonWriter,org.pitest.mutationtest.engine.gregor.mutators.experimental.NakedReceiverMutator,value,495,NO_COVERAGE,none
JsonWriter.java,com.google.gson.stream.JsonWriter,org.pitest.mutationtest.engine.gregor.mutators.experimental.NakedReceiverMutator,value,495,NO_COVERAGE,none
JsonWriter.java,com.google.gson.stream.JsonWriter,org.pitest.mutationtest.engine.gregor.mutators.experimental.NakedReceiverMutator,value,498,KILLED,com.google.gson.stream.JsonWriter_ESTest.test74
JsonWriter.java,com.google.gson.stream.JsonWriter,org.pitest.mutationtest.engine.gregor.mutators.NonVoidMethodCallMutator,value,510,KILLED,com.google.gson.stream.JsonWriter_ESTest.test12
JsonWriter.java,com.google.gson.stream.JsonWriter,org.pitest.mutationtest.engine.gregor.mutators.NullReturnValsMutator,value,511,SURVIVED,none
JsonWriter.java,com.google.gson.stream.JsonWriter,org.pitest.mutationtest.engine.gregor.mutators.ReturnValsMutator,value,511,SURVIVED,none
JsonWriter.java,com.google.gson.stream.JsonWriter,org.pitest.mutationtest.engine.gregor.mutators.VoidMethodCallMutator,value,508,SURVIVED,none
JsonWriter.java,com.google.gson.stream.JsonWriter,org.pitest.mutationtest.engine.gregor.mutators.VoidMethodCallMutator,value,509,KILLED,com.google.gson.stream.JsonWriter_ESTest.test38
JsonWriter.java,com.google.gson.stream.JsonWriter,org.pitest.mutationtest.engine.gregor.mutators.VoidMethodCallMutator,value,510,KILLED,com.google.gson.stream.JsonWriter_ESTest.test12
JsonWriter.java,com.google.gson.stream.JsonWriter,org.pitest.mutationtest.engine.gregor.mutators.NegateConditionalsMutator,value,476,KILLED,com.google.gson.stream.JsonWriter_ESTest.test11
JsonWriter.java,com.google.gson.stream.JsonWriter,org.pitest.mutationtest.engine.gregor.mutators.NegateConditionalsMutator,value,481,KILLED,com.google.gson.stream.JsonWriter_ESTest.test09
JsonWriter.java,com.google.gson.stream.JsonWriter,org.pitest.mutationtest.engine.gregor.mutators.NonVoidMethodCallMutator,value,477,KILLED,com.google.gson.stream.JsonWriter_ESTest.test11
JsonWriter.java,com.google.gson.stream.JsonWriter,org.pitest.mutationtest.engine.gregor.mutators.NonVoidMethodCallMutator,value,481,KILLED,com.google.gson.stream.JsonWriter_ESTest.test09
JsonWriter.java,com.google.gson.stream.JsonWriter,org.pitest.mutationtest.engine.gregor.mutators.NullReturnValsMutator,value,477,SURVIVED,none
JsonWriter.java,com.google.gson.stream.JsonWriter,org.pitest.mutationtest.engine.gregor.mutators.NullReturnValsMutator,value,482,SURVIVED,none
JsonWriter.java,com.google.gson.stream.JsonWriter,org.pitest.mutationtest.engine.gregor.mutators.RemoveConditionalMutator_EQUAL_ELSE,value,476,KILLED,com.google.gson.stream.JsonWriter_ESTest.test11
JsonWriter.java,com.google.gson.stream.JsonWriter,org.pitest.mutationtest.engine.gregor.mutators.RemoveConditionalMutator_EQUAL_ELSE,value,481,KILLED,com.google.gson.stream.JsonWriter_ESTest.test09
JsonWriter.java,com.google.gson.stream.JsonWriter,org.pitest.mutationtest.engine.gregor.mutators.RemoveConditionalMutator_EQUAL_IF,value,476,KILLED,com.google.gson.stream.JsonWriter_ESTest.test09
JsonWriter.java,com.google.gson.stream.JsonWriter,org.pitest.mutationtest.engine.gregor.mutators.RemoveConditionalMutator_EQUAL_IF,value,481,SURVIVED,none
JsonWriter.java,com.google.gson.stream.JsonWriter,org.pitest.mutationtest.engine.gregor.mutators.ReturnValsMutator,value,477,SURVIVED,none
JsonWriter.java,com.google.gson.stream.JsonWriter,org.pitest.mutationtest.engine.gregor.mutators.ReturnValsMutator,value,482,SURVIVED,none
JsonWriter.java,com.google.gson.stream.JsonWriter,org.pitest.mutationtest.engine.gregor.mutators.VoidMethodCallMutator,value,479,KILLED,com.google.gson.stream.JsonWriter_ESTest.test09
JsonWriter.java,com.google.gson.stream.JsonWriter,org.pitest.mutationtest.engine.gregor.mutators.VoidMethodCallMutator,value,480,KILLED,com.google.gson.stream.JsonWriter_ESTest.test09
JsonWriter.java,com.google.gson.stream.JsonWriter,org.pitest.mutationtest.engine.gregor.mutators.VoidMethodCallMutator,value,481,KILLED,com.google.gson.stream.JsonWriter_ESTest.test09
JsonWriter.java,com.google.gson.stream.JsonWriter,org.pitest.mutationtest.engine.gregor.mutators.experimental.NakedReceiverMutator,value,477,KILLED,com.google.gson.stream.JsonWriter_ESTest.test11
JsonWriter.java,com.google.gson.stream.JsonWriter,org.pitest.mutationtest.engine.gregor.mutators.ConstructorCallMutator,value,530,NO_COVERAGE,none
JsonWriter.java,com.google.gson.stream.JsonWriter,org.pitest.mutationtest.engine.gregor.mutators.ConstructorCallMutator,value,530,NO_COVERAGE,none
JsonWriter.java,com.google.gson.stream.JsonWriter,org.pitest.mutationtest.engine.gregor.mutators.NegateConditionalsMutator,value,522,KILLED,com.google.gson.stream.JsonWriter_ESTest.test08
JsonWriter.java,com.google.gson.stream.JsonWriter,org.pitest.mutationtest.engine.gregor.mutators.NegateConditionalsMutator,value,528,SURVIVED,none
JsonWriter.java,com.google.gson.stream.JsonWriter,org.pitest.mutationtest.engine.gregor.mutators.NegateConditionalsMutator,value,529,KILLED,com.google.gson.stream.JsonWriter_ESTest.test58
JsonWriter.java,com.google.gson.stream.JsonWriter,org.pitest.mutationtest.engine.gregor.mutators.NegateConditionalsMutator,value,529,KILLED,com.google.gson.stream.JsonWriter_ESTest.test58
JsonWriter.java,com.google.gson.stream.JsonWriter,org.pitest.mutationtest.engine.gregor.mutators.NegateConditionalsMutator,value,529,KILLED,com.google.gson.stream.JsonWriter_ESTest.test58
JsonWriter.java,com.google.gson.stream.JsonWriter,org.pitest.mutationtest.engine.gregor.mutators.NonVoidMethodCallMutator,value,523,KILLED,com.google.gson.stream.JsonWriter_ESTest.test08
JsonWriter.java,com.google.gson.stream.JsonWriter,org.pitest.mutationtest.engine.gregor.mutators.NonVoidMethodCallMutator,value,527,KILLED,com.google.gson.stream.JsonWriter_ESTest.test58
JsonWriter.java,com.google.gson.stream.JsonWriter,org.pitest.mutationtest.engine.gregor.mutators.NonVoidMethodCallMutator,value,529,SURVIVED,none
JsonWriter.java,com.google.gson.stream.JsonWriter,org.pitest.mutationtest.engine.gregor.mutators.NonVoidMethodCallMutator,value,529,SURVIVED,none
JsonWriter.java,com.google.gson.stream.JsonWriter,org.pitest.mutationtest.engine.gregor.mutators.NonVoidMethodCallMutator,value,529,SURVIVED,none
JsonWriter.java,com.google.gson.stream.JsonWriter,org.pitest.mutationtest.engine.gregor.mutators.NonVoidMethodCallMutator,value,530,NO_COVERAGE,none
JsonWriter.java,com.google.gson.stream.JsonWriter,org.pitest.mutationtest.engine.gregor.mutators.NonVoidMethodCallMutator,value,530,NO_COVERAGE,none
JsonWriter.java,com.google.gson.stream.JsonWriter,org.pitest.mutationtest.engine.gregor.mutators.NonVoidMethodCallMutator,value,530,NO_COVERAGE,none
JsonWriter.java,com.google.gson.stream.JsonWriter,org.pitest.mutationtest.engine.gregor.mutators.NonVoidMethodCallMutator,value,533,SURVIVED,none
JsonWriter.java,com.google.gson.stream.JsonWriter,org.pitest.mutationtest.engine.gregor.mutators.NullReturnValsMutator,value,523,SURVIVED,none
JsonWriter.java,com.google.gson.stream.JsonWriter,org.pitest.mutationtest.engine.gregor.mutators.NullReturnValsMutator,value,534,KILLED,com.google.gson.stream.JsonWriter_ESTest.test58
JsonWriter.java,com.google.gson.stream.JsonWriter,org.pitest.mutationtest.engine.gregor.mutators.RemoveConditionalMutator_EQUAL_ELSE,value,522,KILLED,com.google.gson.stream.JsonWriter_ESTest.test08
JsonWriter.java,com.google.gson.stream.JsonWriter,org.pitest.mutationtest.engine.gregor.mutators.RemoveConditionalMutator_EQUAL_ELSE,value,528,SURVIVED,none
JsonWriter.java,com.google.gson.stream.JsonWriter,org.pitest.mutationtest.engine.gregor.mutators.RemoveConditionalMutator_EQUAL_ELSE,value,529,KILLED,com.google.gson.stream.JsonWriter_ESTest.test58
JsonWriter.java,com.google.gson.stream.JsonWriter,org.pitest.mutationtest.engine.gregor.mutators.RemoveConditionalMutator_EQUAL_ELSE,value,529,KILLED,com.google.gson.stream.JsonWriter_ESTest.test58
JsonWriter.java,com.google.gson.stream.JsonWriter,org.pitest.mutationtest.engine.gregor.mutators.RemoveConditionalMutator_EQUAL_ELSE,value,529,SURVIVED,none
JsonWriter.java,com.google.gson.stream.JsonWriter,org.pitest.mutationtest.engine.gregor.mutators.RemoveConditionalMutator_EQUAL_IF,value,522,SURVIVED,none
JsonWriter.java,com.google.gson.stream.JsonWriter,org.pitest.mutationtest.engine.gregor.mutators.RemoveConditionalMutator_EQUAL_IF,value,528,SURVIVED,none
JsonWriter.java,com.google.gson.stream.JsonWriter,org.pitest.mutationtest.engine.gregor.mutators.RemoveConditionalMutator_EQUAL_IF,value,529,SURVIVED,none
JsonWriter.java,com.google.gson.stream.JsonWriter,org.pitest.mutationtest.engine.gregor.mutators.RemoveConditionalMutator_EQUAL_IF,value,529,SURVIVED,none
JsonWriter.java,com.google.gson.stream.JsonWriter,org.pitest.mutationtest.engine.gregor.mutators.RemoveConditionalMutator_EQUAL_IF,value,529,KILLED,com.google.gson.stream.JsonWriter_ESTest.test58
JsonWriter.java,com.google.gson.stream.JsonWriter,org.pitest.mutationtest.engine.gregor.mutators.ReturnValsMutator,value,523,SURVIVED,none
JsonWriter.java,com.google.gson.stream.JsonWriter,org.pitest.mutationtest.engine.gregor.mutators.ReturnValsMutator,value,534,KILLED,com.google.gson.stream.JsonWriter_ESTest.test58
JsonWriter.java,com.google.gson.stream.JsonWriter,org.pitest.mutationtest.engine.gregor.mutators.VoidMethodCallMutator,value,526,SURVIVED,none
JsonWriter.java,com.google.gson.stream.JsonWriter,org.pitest.mutationtest.engine.gregor.mutators.VoidMethodCallMutator,value,532,SURVIVED,none
JsonWriter.java,com.google.gson.stream.JsonWriter,org.pitest.mutationtest.engine.gregor.mutators.experimental.NakedReceiverMutator,value,523,KILLED,com.google.gson.stream.JsonWriter_ESTest.test08
JsonWriter.java,com.google.gson.stream.JsonWriter,org.pitest.mutationtest.engine.gregor.mutators.experimental.NakedReceiverMutator,value,530,NO_COVERAGE,none
JsonWriter.java,com.google.gson.stream.JsonWriter,org.pitest.mutationtest.engine.gregor.mutators.experimental.NakedReceiverMutator,value,530,NO_COVERAGE,none
JsonWriter.java,com.google.gson.stream.JsonWriter,org.pitest.mutationtest.engine.gregor.mutators.experimental.NakedReceiverMutator,value,533,SURVIVED,none
JsonWriter.java,com.google.gson.stream.JsonWriter,org.pitest.mutationtest.engine.gregor.mutators.NegateConditionalsMutator,value,413,KILLED,com.google.gson.stream.JsonWriter_ESTest.test59
JsonWriter.java,com.google.gson.stream.JsonWriter,org.pitest.mutationtest.engine.gregor.mutators.NonVoidMethodCallMutator,value,414,SURVIVED,none
JsonWriter.java,com.google.gson.stream.JsonWriter,org.pitest.mutationtest.engine.gregor.mutators.NullReturnValsMutator,value,414,SURVIVED,none
JsonWriter.java,com.google.gson.stream.JsonWriter,org.pitest.mutationtest.engine.gregor.mutators.NullReturnValsMutator,value,419,KILLED,com.google.gson.stream.JsonWriter_ESTest.test18
JsonWriter.java,com.google.gson.stream.JsonWriter,org.pitest.mutationtest.engine.gregor.mutators.RemoveConditionalMutator_EQUAL_ELSE,value,413,KILLED,com.google.gson.stream.JsonWriter_ESTest.test59
JsonWriter.java,com.google.gson.stream.JsonWriter,org.pitest.mutationtest.engine.gregor.mutators.RemoveConditionalMutator_EQUAL_IF,value,413,KILLED,com.google.gson.stream.JsonWriter_ESTest.test51
JsonWriter.java,com.google.gson.stream.JsonWriter,org.pitest.mutationtest.engine.gregor.mutators.ReturnValsMutator,value,414,SURVIVED,none
JsonWriter.java,com.google.gson.stream.JsonWriter,org.pitest.mutationtest.engine.gregor.mutators.ReturnValsMutator,value,419,KILLED,com.google.gson.stream.JsonWriter_ESTest.test18
JsonWriter.java,com.google.gson.stream.JsonWriter,org.pitest.mutationtest.engine.gregor.mutators.VoidMethodCallMutator,value,416,KILLED,com.google.gson.stream.JsonWriter_ESTest.test18
JsonWriter.java,com.google.gson.stream.JsonWriter,org.pitest.mutationtest.engine.gregor.mutators.VoidMethodCallMutator,value,417,KILLED,com.google.gson.stream.JsonWriter_ESTest.test18
JsonWriter.java,com.google.gson.stream.JsonWriter,org.pitest.mutationtest.engine.gregor.mutators.VoidMethodCallMutator,value,418,KILLED,com.google.gson.stream.JsonWriter_ESTest.test51
JsonWriter.java,com.google.gson.stream.JsonWriter,org.pitest.mutationtest.engine.gregor.mutators.experimental.NakedReceiverMutator,value,414,SURVIVED,none
JsonWriter.java,com.google.gson.stream.JsonWriter,org.pitest.mutationtest.engine.gregor.mutators.NegateConditionalsMutator,value,466,KILLED,com.google.gson.stream.JsonWriter_ESTest.test03
JsonWriter.java,com.google.gson.stream.JsonWriter,org.pitest.mutationtest.engine.gregor.mutators.NullReturnValsMutator,value,467,KILLED,com.google.gson.stream.JsonWriter_ESTest.test42
JsonWriter.java,com.google.gson.stream.JsonWriter,org.pitest.mutationtest.engine.gregor.mutators.RemoveConditionalMutator_EQUAL_ELSE,value,466,KILLED,com.google.gson.stream.JsonWriter_ESTest.test03
JsonWriter.java,com.google.gson.stream.JsonWriter,org.pitest.mutationtest.engine.gregor.mutators.RemoveConditionalMutator_EQUAL_IF,value,466,KILLED,com.google.gson.stream.JsonWriter_ESTest.test05
JsonWriter.java,com.google.gson.stream.JsonWriter,org.pitest.mutationtest.engine.gregor.mutators.ReturnValsMutator,value,467,KILLED,com.google.gson.stream.JsonWriter_ESTest.test42
JsonWriter.java,com.google.gson.stream.JsonWriter,org.pitest.mutationtest.engine.gregor.mutators.VoidMethodCallMutator,value,464,SURVIVED,none
JsonWriter.java,com.google.gson.stream.JsonWriter,org.pitest.mutationtest.engine.gregor.mutators.VoidMethodCallMutator,value,465,KILLED,com.google.gson.stream.JsonWriter_ESTest.test46
JsonWriter.java,com.google.gson.stream.JsonWriter,org.pitest.mutationtest.engine.gregor.mutators.VoidMethodCallMutator,value,466,KILLED,com.google.gson.stream.JsonWriter_ESTest.test03
JsonWriter.java,com.google.gson.stream.JsonWriter,org.pitest.mutationtest.engine.gregor.mutators.NegateConditionalsMutator,writeDeferredName,399,KILLED,com.google.gson.stream.JsonWriter_ESTest.test12
JsonWriter.java,com.google.gson.stream.JsonWriter,org.pitest.mutationtest.engine.gregor.mutators.RemoveConditionalMutator_EQUAL_ELSE,writeDeferredName,399,KILLED,com.google.gson.stream.JsonWriter_ESTest.test60
JsonWriter.java,com.google.gson.stream.JsonWriter,org.pitest.mutationtest.engine.gregor.mutators.RemoveConditionalMutator_EQUAL_IF,writeDeferredName,399,KILLED,com.google.gson.stream.JsonWriter_ESTest.test12
JsonWriter.java,com.google.gson.stream.JsonWriter,org.pitest.mutationtest.engine.gregor.mutators.VoidMethodCallMutator,writeDeferredName,400,KILLED,com.google.gson.stream.JsonWriter_ESTest.test60
JsonWriter.java,com.google.gson.stream.JsonWriter,org.pitest.mutationtest.engine.gregor.mutators.VoidMethodCallMutator,writeDeferredName,401,KILLED,com.google.gson.stream.JsonWriter_ESTest.test09
JsonWriter.java,com.google.gson.stream.JsonWriter,org.pitest.mutationtest.engine.gregor.mutators.experimental.MemberVariableMutator,writeDeferredName,402,KILLED,com.google.gson.stream.JsonWriter_ESTest.test09
