EditableChartDataModel.java,de.progra.charting.model.EditableChartDataModel,org.pitest.mutationtest.engine.gregor.mutators.ArgumentPropagationMutator,<init>,130,NO_COVERAGE,none
EditableChartDataModel.java,de.progra.charting.model.EditableChartDataModel,org.pitest.mutationtest.engine.gregor.mutators.ConditionalsBoundaryMutator,<init>,134,NO_COVERAGE,none
EditableChartDataModel.java,de.progra.charting.model.EditableChartDataModel,org.pitest.mutationtest.engine.gregor.mutators.ConstructorCallMutator,<init>,129,NO_COVERAGE,none
EditableChartDataModel.java,de.progra.charting.model.EditableChartDataModel,org.pitest.mutationtest.engine.gregor.mutators.ConstructorCallMutator,<init>,136,NO_COVERAGE,none
EditableChartDataModel.java,de.progra.charting.model.EditableChartDataModel,org.pitest.mutationtest.engine.gregor.mutators.InlineConstantMutator,<init>,129,NO_COVERAGE,none
EditableChartDataModel.java,de.progra.charting.model.EditableChartDataModel,org.pitest.mutationtest.engine.gregor.mutators.InlineConstantMutator,<init>,134,NO_COVERAGE,none
EditableChartDataModel.java,de.progra.charting.model.EditableChartDataModel,org.pitest.mutationtest.engine.gregor.mutators.InlineConstantMutator,<init>,136,NO_COVERAGE,none
EditableChartDataModel.java,de.progra.charting.model.EditableChartDataModel,org.pitest.mutationtest.engine.gregor.mutators.NegateConditionalsMutator,<init>,134,NO_COVERAGE,none
EditableChartDataModel.java,de.progra.charting.model.EditableChartDataModel,org.pitest.mutationtest.engine.gregor.mutators.NonVoidMethodCallMutator,<init>,125,NO_COVERAGE,none
EditableChartDataModel.java,de.progra.charting.model.EditableChartDataModel,org.pitest.mutationtest.engine.gregor.mutators.NonVoidMethodCallMutator,<init>,127,NO_COVERAGE,none
EditableChartDataModel.java,de.progra.charting.model.EditableChartDataModel,org.pitest.mutationtest.engine.gregor.mutators.NonVoidMethodCallMutator,<init>,127,NO_COVERAGE,none
EditableChartDataModel.java,de.progra.charting.model.EditableChartDataModel,org.pitest.mutationtest.engine.gregor.mutators.NonVoidMethodCallMutator,<init>,127,NO_COVERAGE,none
EditableChartDataModel.java,de.progra.charting.model.EditableChartDataModel,org.pitest.mutationtest.engine.gregor.mutators.NonVoidMethodCallMutator,<init>,130,NO_COVERAGE,none
EditableChartDataModel.java,de.progra.charting.model.EditableChartDataModel,org.pitest.mutationtest.engine.gregor.mutators.NonVoidMethodCallMutator,<init>,136,NO_COVERAGE,none
EditableChartDataModel.java,de.progra.charting.model.EditableChartDataModel,org.pitest.mutationtest.engine.gregor.mutators.NonVoidMethodCallMutator,<init>,135,NO_COVERAGE,none
EditableChartDataModel.java,de.progra.charting.model.EditableChartDataModel,org.pitest.mutationtest.engine.gregor.mutators.RemoveConditionalMutator_ORDER_ELSE,<init>,134,NO_COVERAGE,none
EditableChartDataModel.java,de.progra.charting.model.EditableChartDataModel,org.pitest.mutationtest.engine.gregor.mutators.RemoveConditionalMutator_ORDER_IF,<init>,134,NO_COVERAGE,none
EditableChartDataModel.java,de.progra.charting.model.EditableChartDataModel,org.pitest.mutationtest.engine.gregor.mutators.VoidMethodCallMutator,<init>,132,NO_COVERAGE,none
EditableChartDataModel.java,de.progra.charting.model.EditableChartDataModel,org.pitest.mutationtest.engine.gregor.mutators.VoidMethodCallMutator,<init>,133,NO_COVERAGE,none
EditableChartDataModel.java,de.progra.charting.model.EditableChartDataModel,org.pitest.mutationtest.engine.gregor.mutators.ArgumentPropagationMutator,<init>,97,NO_COVERAGE,none
EditableChartDataModel.java,de.progra.charting.model.EditableChartDataModel,org.pitest.mutationtest.engine.gregor.mutators.ConditionalsBoundaryMutator,<init>,103,NO_COVERAGE,none
EditableChartDataModel.java,de.progra.charting.model.EditableChartDataModel,org.pitest.mutationtest.engine.gregor.mutators.ConstructorCallMutator,<init>,96,NO_COVERAGE,none
EditableChartDataModel.java,de.progra.charting.model.EditableChartDataModel,org.pitest.mutationtest.engine.gregor.mutators.ConstructorCallMutator,<init>,105,NO_COVERAGE,none
EditableChartDataModel.java,de.progra.charting.model.EditableChartDataModel,org.pitest.mutationtest.engine.gregor.mutators.InlineConstantMutator,<init>,96,NO_COVERAGE,none
EditableChartDataModel.java,de.progra.charting.model.EditableChartDataModel,org.pitest.mutationtest.engine.gregor.mutators.InlineConstantMutator,<init>,103,NO_COVERAGE,none
EditableChartDataModel.java,de.progra.charting.model.EditableChartDataModel,org.pitest.mutationtest.engine.gregor.mutators.InlineConstantMutator,<init>,105,NO_COVERAGE,none
EditableChartDataModel.java,de.progra.charting.model.EditableChartDataModel,org.pitest.mutationtest.engine.gregor.mutators.NegateConditionalsMutator,<init>,103,NO_COVERAGE,none
EditableChartDataModel.java,de.progra.charting.model.EditableChartDataModel,org.pitest.mutationtest.engine.gregor.mutators.NonVoidMethodCallMutator,<init>,92,NO_COVERAGE,none
EditableChartDataModel.java,de.progra.charting.model.EditableChartDataModel,org.pitest.mutationtest.engine.gregor.mutators.NonVoidMethodCallMutator,<init>,94,NO_COVERAGE,none
EditableChartDataModel.java,de.progra.charting.model.EditableChartDataModel,org.pitest.mutationtest.engine.gregor.mutators.NonVoidMethodCallMutator,<init>,94,NO_COVERAGE,none
EditableChartDataModel.java,de.progra.charting.model.EditableChartDataModel,org.pitest.mutationtest.engine.gregor.mutators.NonVoidMethodCallMutator,<init>,94,NO_COVERAGE,none
EditableChartDataModel.java,de.progra.charting.model.EditableChartDataModel,org.pitest.mutationtest.engine.gregor.mutators.NonVoidMethodCallMutator,<init>,97,NO_COVERAGE,none
EditableChartDataModel.java,de.progra.charting.model.EditableChartDataModel,org.pitest.mutationtest.engine.gregor.mutators.NonVoidMethodCallMutator,<init>,105,NO_COVERAGE,none
EditableChartDataModel.java,de.progra.charting.model.EditableChartDataModel,org.pitest.mutationtest.engine.gregor.mutators.NonVoidMethodCallMutator,<init>,104,NO_COVERAGE,none
EditableChartDataModel.java,de.progra.charting.model.EditableChartDataModel,org.pitest.mutationtest.engine.gregor.mutators.RemoveConditionalMutator_ORDER_ELSE,<init>,103,NO_COVERAGE,none
EditableChartDataModel.java,de.progra.charting.model.EditableChartDataModel,org.pitest.mutationtest.engine.gregor.mutators.RemoveConditionalMutator_ORDER_IF,<init>,103,NO_COVERAGE,none
EditableChartDataModel.java,de.progra.charting.model.EditableChartDataModel,org.pitest.mutationtest.engine.gregor.mutators.VoidMethodCallMutator,<init>,99,NO_COVERAGE,none
EditableChartDataModel.java,de.progra.charting.model.EditableChartDataModel,org.pitest.mutationtest.engine.gregor.mutators.VoidMethodCallMutator,<init>,101,NO_COVERAGE,none
EditableChartDataModel.java,de.progra.charting.model.EditableChartDataModel,org.pitest.mutationtest.engine.gregor.mutators.ArgumentPropagationMutator,<init>,65,NO_COVERAGE,none
EditableChartDataModel.java,de.progra.charting.model.EditableChartDataModel,org.pitest.mutationtest.engine.gregor.mutators.ConditionalsBoundaryMutator,<init>,70,NO_COVERAGE,none
EditableChartDataModel.java,de.progra.charting.model.EditableChartDataModel,org.pitest.mutationtest.engine.gregor.mutators.ConstructorCallMutator,<init>,65,NO_COVERAGE,none
EditableChartDataModel.java,de.progra.charting.model.EditableChartDataModel,org.pitest.mutationtest.engine.gregor.mutators.ConstructorCallMutator,<init>,72,NO_COVERAGE,none
EditableChartDataModel.java,de.progra.charting.model.EditableChartDataModel,org.pitest.mutationtest.engine.gregor.mutators.InlineConstantMutator,<init>,65,NO_COVERAGE,none
EditableChartDataModel.java,de.progra.charting.model.EditableChartDataModel,org.pitest.mutationtest.engine.gregor.mutators.InlineConstantMutator,<init>,70,NO_COVERAGE,none
EditableChartDataModel.java,de.progra.charting.model.EditableChartDataModel,org.pitest.mutationtest.engine.gregor.mutators.InlineConstantMutator,<init>,72,NO_COVERAGE,none
EditableChartDataModel.java,de.progra.charting.model.EditableChartDataModel,org.pitest.mutationtest.engine.gregor.mutators.NegateConditionalsMutator,<init>,70,NO_COVERAGE,none
EditableChartDataModel.java,de.progra.charting.model.EditableChartDataModel,org.pitest.mutationtest.engine.gregor.mutators.NonVoidMethodCallMutator,<init>,63,NO_COVERAGE,none
EditableChartDataModel.java,de.progra.charting.model.EditableChartDataModel,org.pitest.mutationtest.engine.gregor.mutators.NonVoidMethodCallMutator,<init>,63,NO_COVERAGE,none
EditableChartDataModel.java,de.progra.charting.model.EditableChartDataModel,org.pitest.mutationtest.engine.gregor.mutators.NonVoidMethodCallMutator,<init>,63,NO_COVERAGE,none
EditableChartDataModel.java,de.progra.charting.model.EditableChartDataModel,org.pitest.mutationtest.engine.gregor.mutators.NonVoidMethodCallMutator,<init>,65,NO_COVERAGE,none
EditableChartDataModel.java,de.progra.charting.model.EditableChartDataModel,org.pitest.mutationtest.engine.gregor.mutators.NonVoidMethodCallMutator,<init>,72,NO_COVERAGE,none
EditableChartDataModel.java,de.progra.charting.model.EditableChartDataModel,org.pitest.mutationtest.engine.gregor.mutators.NonVoidMethodCallMutator,<init>,71,NO_COVERAGE,none
EditableChartDataModel.java,de.progra.charting.model.EditableChartDataModel,org.pitest.mutationtest.engine.gregor.mutators.RemoveConditionalMutator_ORDER_ELSE,<init>,70,NO_COVERAGE,none
EditableChartDataModel.java,de.progra.charting.model.EditableChartDataModel,org.pitest.mutationtest.engine.gregor.mutators.RemoveConditionalMutator_ORDER_IF,<init>,70,NO_COVERAGE,none
EditableChartDataModel.java,de.progra.charting.model.EditableChartDataModel,org.pitest.mutationtest.engine.gregor.mutators.VoidMethodCallMutator,<init>,67,NO_COVERAGE,none
EditableChartDataModel.java,de.progra.charting.model.EditableChartDataModel,org.pitest.mutationtest.engine.gregor.mutators.VoidMethodCallMutator,<init>,68,NO_COVERAGE,none
EditableChartDataModel.java,de.progra.charting.model.EditableChartDataModel,org.pitest.mutationtest.engine.gregor.mutators.ArgumentPropagationMutator,insertValue,176,NO_COVERAGE,none
EditableChartDataModel.java,de.progra.charting.model.EditableChartDataModel,org.pitest.mutationtest.engine.gregor.mutators.ArgumentPropagationMutator,insertValue,176,NO_COVERAGE,none
EditableChartDataModel.java,de.progra.charting.model.EditableChartDataModel,org.pitest.mutationtest.engine.gregor.mutators.ConstructorCallMutator,insertValue,176,NO_COVERAGE,none
EditableChartDataModel.java,de.progra.charting.model.EditableChartDataModel,org.pitest.mutationtest.engine.gregor.mutators.NonVoidMethodCallMutator,insertValue,174,NO_COVERAGE,none
EditableChartDataModel.java,de.progra.charting.model.EditableChartDataModel,org.pitest.mutationtest.engine.gregor.mutators.NonVoidMethodCallMutator,insertValue,175,NO_COVERAGE,none
EditableChartDataModel.java,de.progra.charting.model.EditableChartDataModel,org.pitest.mutationtest.engine.gregor.mutators.NonVoidMethodCallMutator,insertValue,176,NO_COVERAGE,none
EditableChartDataModel.java,de.progra.charting.model.EditableChartDataModel,org.pitest.mutationtest.engine.gregor.mutators.NonVoidMethodCallMutator,insertValue,176,NO_COVERAGE,none
EditableChartDataModel.java,de.progra.charting.model.EditableChartDataModel,org.pitest.mutationtest.engine.gregor.mutators.NonVoidMethodCallMutator,insertValue,177,NO_COVERAGE,none
EditableChartDataModel.java,de.progra.charting.model.EditableChartDataModel,org.pitest.mutationtest.engine.gregor.mutators.VoidMethodCallMutator,insertValue,174,NO_COVERAGE,none
EditableChartDataModel.java,de.progra.charting.model.EditableChartDataModel,org.pitest.mutationtest.engine.gregor.mutators.VoidMethodCallMutator,insertValue,178,NO_COVERAGE,none
EditableChartDataModel.java,de.progra.charting.model.EditableChartDataModel,org.pitest.mutationtest.engine.gregor.mutators.VoidMethodCallMutator,insertValue,180,NO_COVERAGE,none
