JsonTreeWriter.java,com.google.gson.internal.bind.JsonTreeWriter,org.pitest.mutationtest.engine.gregor.mutators.ConstructorCallMutator,<init>,49,KILLED,com.google.gson.internal.bind.JsonTreeWriter_ESTest.test34
JsonTreeWriter.java,com.google.gson.internal.bind.JsonTreeWriter,org.pitest.mutationtest.engine.gregor.mutators.experimental.MemberVariableMutator,<init>,49,KILLED,com.google.gson.internal.bind.JsonTreeWriter_ESTest.test34
JsonTreeWriter.java,com.google.gson.internal.bind.JsonTreeWriter,org.pitest.mutationtest.engine.gregor.mutators.experimental.MemberVariableMutator,<init>,55,KILLED,com.google.gson.internal.bind.JsonTreeWriter_ESTest.test54
JsonTreeWriter.java,com.google.gson.internal.bind.JsonTreeWriter,org.pitest.mutationtest.engine.gregor.mutators.ConstructorCallMutator,beginArray,95,KILLED,com.google.gson.internal.bind.JsonTreeWriter_ESTest.test29
JsonTreeWriter.java,com.google.gson.internal.bind.JsonTreeWriter,org.pitest.mutationtest.engine.gregor.mutators.NonVoidMethodCallMutator,beginArray,97,KILLED,com.google.gson.internal.bind.JsonTreeWriter_ESTest.test29
JsonTreeWriter.java,com.google.gson.internal.bind.JsonTreeWriter,org.pitest.mutationtest.engine.gregor.mutators.NullReturnValsMutator,beginArray,98,KILLED,com.google.gson.internal.bind.JsonTreeWriter_ESTest.test25
JsonTreeWriter.java,com.google.gson.internal.bind.JsonTreeWriter,org.pitest.mutationtest.engine.gregor.mutators.ReturnValsMutator,beginArray,98,KILLED,com.google.gson.internal.bind.JsonTreeWriter_ESTest.test25
JsonTreeWriter.java,com.google.gson.internal.bind.JsonTreeWriter,org.pitest.mutationtest.engine.gregor.mutators.VoidMethodCallMutator,beginArray,96,KILLED,com.google.gson.internal.bind.JsonTreeWriter_ESTest.test37
JsonTreeWriter.java,com.google.gson.internal.bind.JsonTreeWriter,org.pitest.mutationtest.engine.gregor.mutators.ConstructorCallMutator,beginObject,114,KILLED,com.google.gson.internal.bind.JsonTreeWriter_ESTest.test48
JsonTreeWriter.java,com.google.gson.internal.bind.JsonTreeWriter,org.pitest.mutationtest.engine.gregor.mutators.NonVoidMethodCallMutator,beginObject,116,KILLED,com.google.gson.internal.bind.JsonTreeWriter_ESTest.test34
JsonTreeWriter.java,com.google.gson.internal.bind.JsonTreeWriter,org.pitest.mutationtest.engine.gregor.mutators.NullReturnValsMutator,beginObject,117,KILLED,com.google.gson.internal.bind.JsonTreeWriter_ESTest.test48
JsonTreeWriter.java,com.google.gson.internal.bind.JsonTreeWriter,org.pitest.mutationtest.engine.gregor.mutators.ReturnValsMutator,beginObject,117,KILLED,com.google.gson.internal.bind.JsonTreeWriter_ESTest.test48
JsonTreeWriter.java,com.google.gson.internal.bind.JsonTreeWriter,org.pitest.mutationtest.engine.gregor.mutators.VoidMethodCallMutator,beginObject,115,KILLED,com.google.gson.internal.bind.JsonTreeWriter_ESTest.test38
JsonTreeWriter.java,com.google.gson.internal.bind.JsonTreeWriter,org.pitest.mutationtest.engine.gregor.mutators.ConstructorCallMutator,close,207,KILLED,com.google.gson.internal.bind.JsonTreeWriter_ESTest.test39
JsonTreeWriter.java,com.google.gson.internal.bind.JsonTreeWriter,org.pitest.mutationtest.engine.gregor.mutators.NegateConditionalsMutator,close,206,KILLED,com.google.gson.internal.bind.JsonTreeWriter_ESTest.test38
JsonTreeWriter.java,com.google.gson.internal.bind.JsonTreeWriter,org.pitest.mutationtest.engine.gregor.mutators.NonVoidMethodCallMutator,close,206,KILLED,com.google.gson.internal.bind.JsonTreeWriter_ESTest.test38
JsonTreeWriter.java,com.google.gson.internal.bind.JsonTreeWriter,org.pitest.mutationtest.engine.gregor.mutators.NonVoidMethodCallMutator,close,209,KILLED,com.google.gson.internal.bind.JsonTreeWriter_ESTest.test38
JsonTreeWriter.java,com.google.gson.internal.bind.JsonTreeWriter,org.pitest.mutationtest.engine.gregor.mutators.RemoveConditionalMutator_EQUAL_ELSE,close,206,KILLED,com.google.gson.internal.bind.JsonTreeWriter_ESTest.test39
JsonTreeWriter.java,com.google.gson.internal.bind.JsonTreeWriter,org.pitest.mutationtest.engine.gregor.mutators.RemoveConditionalMutator_EQUAL_IF,close,206,KILLED,com.google.gson.internal.bind.JsonTreeWriter_ESTest.test38
JsonTreeWriter.java,com.google.gson.internal.bind.JsonTreeWriter,org.pitest.mutationtest.engine.gregor.mutators.rv.ROR1Mutator,close,206,KILLED,com.google.gson.internal.bind.JsonTreeWriter_ESTest.test38
JsonTreeWriter.java,com.google.gson.internal.bind.JsonTreeWriter,org.pitest.mutationtest.engine.gregor.mutators.rv.ROR2Mutator,close,206,KILLED,com.google.gson.internal.bind.JsonTreeWriter_ESTest.test38
JsonTreeWriter.java,com.google.gson.internal.bind.JsonTreeWriter,org.pitest.mutationtest.engine.gregor.mutators.rv.ROR3Mutator,close,206,SURVIVED,none
JsonTreeWriter.java,com.google.gson.internal.bind.JsonTreeWriter,org.pitest.mutationtest.engine.gregor.mutators.rv.ROR4Mutator,close,206,KILLED,com.google.gson.internal.bind.JsonTreeWriter_ESTest.test39
JsonTreeWriter.java,com.google.gson.internal.bind.JsonTreeWriter,org.pitest.mutationtest.engine.gregor.mutators.rv.ROR5Mutator,close,206,KILLED,com.google.gson.internal.bind.JsonTreeWriter_ESTest.test38
JsonTreeWriter.java,com.google.gson.internal.bind.JsonTreeWriter,org.pitest.mutationtest.engine.gregor.mutators.ConstructorCallMutator,endArray,103,KILLED,com.google.gson.internal.bind.JsonTreeWriter_ESTest.test48
JsonTreeWriter.java,com.google.gson.internal.bind.JsonTreeWriter,org.pitest.mutationtest.engine.gregor.mutators.ConstructorCallMutator,endArray,110,KILLED,com.google.gson.internal.bind.JsonTreeWriter_ESTest.test52
JsonTreeWriter.java,com.google.gson.internal.bind.JsonTreeWriter,org.pitest.mutationtest.engine.gregor.mutators.InlineConstantMutator,endArray,107,KILLED,com.google.gson.internal.bind.JsonTreeWriter_ESTest.test29
JsonTreeWriter.java,com.google.gson.internal.bind.JsonTreeWriter,org.pitest.mutationtest.engine.gregor.mutators.MathMutator,endArray,107,KILLED,com.google.gson.internal.bind.JsonTreeWriter_ESTest.test29
JsonTreeWriter.java,com.google.gson.internal.bind.JsonTreeWriter,org.pitest.mutationtest.engine.gregor.mutators.NegateConditionalsMutator,endArray,102,KILLED,com.google.gson.internal.bind.JsonTreeWriter_ESTest.test49
JsonTreeWriter.java,com.google.gson.internal.bind.JsonTreeWriter,org.pitest.mutationtest.engine.gregor.mutators.NegateConditionalsMutator,endArray,102,KILLED,com.google.gson.internal.bind.JsonTreeWriter_ESTest.test29
JsonTreeWriter.java,com.google.gson.internal.bind.JsonTreeWriter,org.pitest.mutationtest.engine.gregor.mutators.NegateConditionalsMutator,endArray,106,KILLED,com.google.gson.internal.bind.JsonTreeWriter_ESTest.test29
JsonTreeWriter.java,com.google.gson.internal.bind.JsonTreeWriter,org.pitest.mutationtest.engine.gregor.mutators.NonVoidMethodCallMutator,endArray,102,KILLED,com.google.gson.internal.bind.JsonTreeWriter_ESTest.test49
JsonTreeWriter.java,com.google.gson.internal.bind.JsonTreeWriter,org.pitest.mutationtest.engine.gregor.mutators.NonVoidMethodCallMutator,endArray,105,KILLED,com.google.gson.internal.bind.JsonTreeWriter_ESTest.test29
JsonTreeWriter.java,com.google.gson.internal.bind.JsonTreeWriter,org.pitest.mutationtest.engine.gregor.mutators.NonVoidMethodCallMutator,endArray,107,KILLED,com.google.gson.internal.bind.JsonTreeWriter_ESTest.test29
JsonTreeWriter.java,com.google.gson.internal.bind.JsonTreeWriter,org.pitest.mutationtest.engine.gregor.mutators.NonVoidMethodCallMutator,endArray,107,KILLED,com.google.gson.internal.bind.JsonTreeWriter_ESTest.test22
JsonTreeWriter.java,com.google.gson.internal.bind.JsonTreeWriter,org.pitest.mutationtest.engine.gregor.mutators.NullReturnValsMutator,endArray,108,KILLED,com.google.gson.internal.bind.JsonTreeWriter_ESTest.test29
JsonTreeWriter.java,com.google.gson.internal.bind.JsonTreeWriter,org.pitest.mutationtest.engine.gregor.mutators.RemoveConditionalMutator_EQUAL_ELSE,endArray,102,KILLED,com.google.gson.internal.bind.JsonTreeWriter_ESTest.test29
JsonTreeWriter.java,com.google.gson.internal.bind.JsonTreeWriter,org.pitest.mutationtest.engine.gregor.mutators.RemoveConditionalMutator_EQUAL_ELSE,endArray,102,SURVIVED,none
JsonTreeWriter.java,com.google.gson.internal.bind.JsonTreeWriter,org.pitest.mutationtest.engine.gregor.mutators.RemoveConditionalMutator_EQUAL_ELSE,endArray,106,KILLED,com.google.gson.internal.bind.JsonTreeWriter_ESTest.test29
JsonTreeWriter.java,com.google.gson.internal.bind.JsonTreeWriter,org.pitest.mutationtest.engine.gregor.mutators.RemoveConditionalMutator_EQUAL_IF,endArray,102,KILLED,com.google.gson.internal.bind.JsonTreeWriter_ESTest.test49
JsonTreeWriter.java,com.google.gson.internal.bind.JsonTreeWriter,org.pitest.mutationtest.engine.gregor.mutators.RemoveConditionalMutator_EQUAL_IF,endArray,102,KILLED,com.google.gson.internal.bind.JsonTreeWriter_ESTest.test29
JsonTreeWriter.java,com.google.gson.internal.bind.JsonTreeWriter,org.pitest.mutationtest.engine.gregor.mutators.RemoveConditionalMutator_EQUAL_IF,endArray,106,KILLED,com.google.gson.internal.bind.JsonTreeWriter_ESTest.test52
JsonTreeWriter.java,com.google.gson.internal.bind.JsonTreeWriter,org.pitest.mutationtest.engine.gregor.mutators.ReturnValsMutator,endArray,108,KILLED,com.google.gson.internal.bind.JsonTreeWriter_ESTest.test29
JsonTreeWriter.java,com.google.gson.internal.bind.JsonTreeWriter,org.pitest.mutationtest.engine.gregor.mutators.rv.AOD2Mutator,endArray,107,KILLED,com.google.gson.internal.bind.JsonTreeWriter_ESTest.test29
JsonTreeWriter.java,com.google.gson.internal.bind.JsonTreeWriter,org.pitest.mutationtest.engine.gregor.mutators.rv.AOR1Mutator,endArray,107,KILLED,com.google.gson.internal.bind.JsonTreeWriter_ESTest.test29
JsonTreeWriter.java,com.google.gson.internal.bind.JsonTreeWriter,org.pitest.mutationtest.engine.gregor.mutators.rv.AOR2Mutator,endArray,107,KILLED,com.google.gson.internal.bind.JsonTreeWriter_ESTest.test29
JsonTreeWriter.java,com.google.gson.internal.bind.JsonTreeWriter,org.pitest.mutationtest.engine.gregor.mutators.rv.AOR3Mutator,endArray,107,KILLED,com.google.gson.internal.bind.JsonTreeWriter_ESTest.test29
JsonTreeWriter.java,com.google.gson.internal.bind.JsonTreeWriter,org.pitest.mutationtest.engine.gregor.mutators.rv.AOR4Mutator,endArray,107,SURVIVED,none
JsonTreeWriter.java,com.google.gson.internal.bind.JsonTreeWriter,org.pitest.mutationtest.engine.gregor.mutators.rv.CRCR2Mutator,endArray,107,KILLED,com.google.gson.internal.bind.JsonTreeWriter_ESTest.test29
JsonTreeWriter.java,com.google.gson.internal.bind.JsonTreeWriter,org.pitest.mutationtest.engine.gregor.mutators.rv.CRCR3Mutator,endArray,107,KILLED,com.google.gson.internal.bind.JsonTreeWriter_ESTest.test29
JsonTreeWriter.java,com.google.gson.internal.bind.JsonTreeWriter,org.pitest.mutationtest.engine.gregor.mutators.rv.CRCR4Mutator,endArray,107,KILLED,com.google.gson.internal.bind.JsonTreeWriter_ESTest.test29
JsonTreeWriter.java,com.google.gson.internal.bind.JsonTreeWriter,org.pitest.mutationtest.engine.gregor.mutators.rv.CRCR5Mutator,endArray,107,KILLED,com.google.gson.internal.bind.JsonTreeWriter_ESTest.test29
JsonTreeWriter.java,com.google.gson.internal.bind.JsonTreeWriter,org.pitest.mutationtest.engine.gregor.mutators.rv.CRCR6Mutator,endArray,107,KILLED,com.google.gson.internal.bind.JsonTreeWriter_ESTest.test29
JsonTreeWriter.java,com.google.gson.internal.bind.JsonTreeWriter,org.pitest.mutationtest.engine.gregor.mutators.rv.ROR1Mutator,endArray,102,KILLED,com.google.gson.internal.bind.JsonTreeWriter_ESTest.test49
JsonTreeWriter.java,com.google.gson.internal.bind.JsonTreeWriter,org.pitest.mutationtest.engine.gregor.mutators.rv.ROR1Mutator,endArray,106,KILLED,com.google.gson.internal.bind.JsonTreeWriter_ESTest.test52
JsonTreeWriter.java,com.google.gson.internal.bind.JsonTreeWriter,org.pitest.mutationtest.engine.gregor.mutators.rv.ROR2Mutator,endArray,102,KILLED,com.google.gson.internal.bind.JsonTreeWriter_ESTest.test49
JsonTreeWriter.java,com.google.gson.internal.bind.JsonTreeWriter,org.pitest.mutationtest.engine.gregor.mutators.rv.ROR2Mutator,endArray,106,SURVIVED,none
JsonTreeWriter.java,com.google.gson.internal.bind.JsonTreeWriter,org.pitest.mutationtest.engine.gregor.mutators.rv.ROR3Mutator,endArray,102,SURVIVED,none
JsonTreeWriter.java,com.google.gson.internal.bind.JsonTreeWriter,org.pitest.mutationtest.engine.gregor.mutators.rv.ROR3Mutator,endArray,106,KILLED,com.google.gson.internal.bind.JsonTreeWriter_ESTest.test29
JsonTreeWriter.java,com.google.gson.internal.bind.JsonTreeWriter,org.pitest.mutationtest.engine.gregor.mutators.rv.ROR4Mutator,endArray,102,KILLED,com.google.gson.internal.bind.JsonTreeWriter_ESTest.test29
JsonTreeWriter.java,com.google.gson.internal.bind.JsonTreeWriter,org.pitest.mutationtest.engine.gregor.mutators.rv.ROR4Mutator,endArray,106,KILLED,com.google.gson.internal.bind.JsonTreeWriter_ESTest.test29
JsonTreeWriter.java,com.google.gson.internal.bind.JsonTreeWriter,org.pitest.mutationtest.engine.gregor.mutators.rv.ROR5Mutator,endArray,102,KILLED,com.google.gson.internal.bind.JsonTreeWriter_ESTest.test49
JsonTreeWriter.java,com.google.gson.internal.bind.JsonTreeWriter,org.pitest.mutationtest.engine.gregor.mutators.rv.ROR5Mutator,endArray,102,KILLED,com.google.gson.internal.bind.JsonTreeWriter_ESTest.test29
JsonTreeWriter.java,com.google.gson.internal.bind.JsonTreeWriter,org.pitest.mutationtest.engine.gregor.mutators.rv.ROR5Mutator,endArray,106,KILLED,com.google.gson.internal.bind.JsonTreeWriter_ESTest.test29
JsonTreeWriter.java,com.google.gson.internal.bind.JsonTreeWriter,org.pitest.mutationtest.engine.gregor.mutators.ConstructorCallMutator,endObject,122,KILLED,com.google.gson.internal.bind.JsonTreeWriter_ESTest.test57
JsonTreeWriter.java,com.google.gson.internal.bind.JsonTreeWriter,org.pitest.mutationtest.engine.gregor.mutators.ConstructorCallMutator,endObject,129,KILLED,com.google.gson.internal.bind.JsonTreeWriter_ESTest.test46
JsonTreeWriter.java,com.google.gson.internal.bind.JsonTreeWriter,org.pitest.mutationtest.engine.gregor.mutators.InlineConstantMutator,endObject,126,KILLED,com.google.gson.internal.bind.JsonTreeWriter_ESTest.test23
JsonTreeWriter.java,com.google.gson.internal.bind.JsonTreeWriter,org.pitest.mutationtest.engine.gregor.mutators.MathMutator,endObject,126,KILLED,com.google.gson.internal.bind.JsonTreeWriter_ESTest.test23
JsonTreeWriter.java,com.google.gson.internal.bind.JsonTreeWriter,org.pitest.mutationtest.engine.gregor.mutators.NegateConditionalsMutator,endObject,121,KILLED,com.google.gson.internal.bind.JsonTreeWriter_ESTest.test23
JsonTreeWriter.java,com.google.gson.internal.bind.JsonTreeWriter,org.pitest.mutationtest.engine.gregor.mutators.NegateConditionalsMutator,endObject,121,KILLED,com.google.gson.internal.bind.JsonTreeWriter_ESTest.test23
JsonTreeWriter.java,com.google.gson.internal.bind.JsonTreeWriter,org.pitest.mutationtest.engine.gregor.mutators.NegateConditionalsMutator,endObject,125,KILLED,com.google.gson.internal.bind.JsonTreeWriter_ESTest.test23
JsonTreeWriter.java,com.google.gson.internal.bind.JsonTreeWriter,org.pitest.mutationtest.engine.gregor.mutators.NonVoidMethodCallMutator,endObject,121,KILLED,com.google.gson.internal.bind.JsonTreeWriter_ESTest.test53
JsonTreeWriter.java,com.google.gson.internal.bind.JsonTreeWriter,org.pitest.mutationtest.engine.gregor.mutators.NonVoidMethodCallMutator,endObject,124,KILLED,com.google.gson.internal.bind.JsonTreeWriter_ESTest.test23
JsonTreeWriter.java,com.google.gson.internal.bind.JsonTreeWriter,org.pitest.mutationtest.engine.gregor.mutators.NonVoidMethodCallMutator,endObject,126,KILLED,com.google.gson.internal.bind.JsonTreeWriter_ESTest.test23
JsonTreeWriter.java,com.google.gson.internal.bind.JsonTreeWriter,org.pitest.mutationtest.engine.gregor.mutators.NonVoidMethodCallMutator,endObject,126,KILLED,com.google.gson.internal.bind.JsonTreeWriter_ESTest.test47
JsonTreeWriter.java,com.google.gson.internal.bind.JsonTreeWriter,org.pitest.mutationtest.engine.gregor.mutators.NullReturnValsMutator,endObject,127,KILLED,com.google.gson.internal.bind.JsonTreeWriter_ESTest.test23
JsonTreeWriter.java,com.google.gson.internal.bind.JsonTreeWriter,org.pitest.mutationtest.engine.gregor.mutators.RemoveConditionalMutator_EQUAL_ELSE,endObject,121,KILLED,com.google.gson.internal.bind.JsonTreeWriter_ESTest.test23
JsonTreeWriter.java,com.google.gson.internal.bind.JsonTreeWriter,org.pitest.mutationtest.engine.gregor.mutators.RemoveConditionalMutator_EQUAL_ELSE,endObject,121,KILLED,com.google.gson.internal.bind.JsonTreeWriter_ESTest.test57
JsonTreeWriter.java,com.google.gson.internal.bind.JsonTreeWriter,org.pitest.mutationtest.engine.gregor.mutators.RemoveConditionalMutator_EQUAL_ELSE,endObject,125,KILLED,com.google.gson.internal.bind.JsonTreeWriter_ESTest.test23
JsonTreeWriter.java,com.google.gson.internal.bind.JsonTreeWriter,org.pitest.mutationtest.engine.gregor.mutators.RemoveConditionalMutator_EQUAL_IF,endObject,121,KILLED,com.google.gson.internal.bind.JsonTreeWriter_ESTest.test53
JsonTreeWriter.java,com.google.gson.internal.bind.JsonTreeWriter,org.pitest.mutationtest.engine.gregor.mutators.RemoveConditionalMutator_EQUAL_IF,endObject,121,KILLED,com.google.gson.internal.bind.JsonTreeWriter_ESTest.test23
JsonTreeWriter.java,com.google.gson.internal.bind.JsonTreeWriter,org.pitest.mutationtest.engine.gregor.mutators.RemoveConditionalMutator_EQUAL_IF,endObject,125,KILLED,com.google.gson.internal.bind.JsonTreeWriter_ESTest.test46
JsonTreeWriter.java,com.google.gson.internal.bind.JsonTreeWriter,org.pitest.mutationtest.engine.gregor.mutators.ReturnValsMutator,endObject,127,KILLED,com.google.gson.internal.bind.JsonTreeWriter_ESTest.test23
JsonTreeWriter.java,com.google.gson.internal.bind.JsonTreeWriter,org.pitest.mutationtest.engine.gregor.mutators.rv.AOD2Mutator,endObject,126,KILLED,com.google.gson.internal.bind.JsonTreeWriter_ESTest.test23
JsonTreeWriter.java,com.google.gson.internal.bind.JsonTreeWriter,org.pitest.mutationtest.engine.gregor.mutators.rv.AOR1Mutator,endObject,126,KILLED,com.google.gson.internal.bind.JsonTreeWriter_ESTest.test23
JsonTreeWriter.java,com.google.gson.internal.bind.JsonTreeWriter,org.pitest.mutationtest.engine.gregor.mutators.rv.AOR2Mutator,endObject,126,KILLED,com.google.gson.internal.bind.JsonTreeWriter_ESTest.test23
JsonTreeWriter.java,com.google.gson.internal.bind.JsonTreeWriter,org.pitest.mutationtest.engine.gregor.mutators.rv.AOR3Mutator,endObject,126,KILLED,com.google.gson.internal.bind.JsonTreeWriter_ESTest.test23
JsonTreeWriter.java,com.google.gson.internal.bind.JsonTreeWriter,org.pitest.mutationtest.engine.gregor.mutators.rv.AOR4Mutator,endObject,126,SURVIVED,none
JsonTreeWriter.java,com.google.gson.internal.bind.JsonTreeWriter,org.pitest.mutationtest.engine.gregor.mutators.rv.CRCR2Mutator,endObject,126,KILLED,com.google.gson.internal.bind.JsonTreeWriter_ESTest.test23
JsonTreeWriter.java,com.google.gson.internal.bind.JsonTreeWriter,org.pitest.mutationtest.engine.gregor.mutators.rv.CRCR3Mutator,endObject,126,KILLED,com.google.gson.internal.bind.JsonTreeWriter_ESTest.test23
JsonTreeWriter.java,com.google.gson.internal.bind.JsonTreeWriter,org.pitest.mutationtest.engine.gregor.mutators.rv.CRCR4Mutator,endObject,126,KILLED,com.google.gson.internal.bind.JsonTreeWriter_ESTest.test23
JsonTreeWriter.java,com.google.gson.internal.bind.JsonTreeWriter,org.pitest.mutationtest.engine.gregor.mutators.rv.CRCR5Mutator,endObject,126,KILLED,com.google.gson.internal.bind.JsonTreeWriter_ESTest.test23
JsonTreeWriter.java,com.google.gson.internal.bind.JsonTreeWriter,org.pitest.mutationtest.engine.gregor.mutators.rv.CRCR6Mutator,endObject,126,KILLED,com.google.gson.internal.bind.JsonTreeWriter_ESTest.test23
JsonTreeWriter.java,com.google.gson.internal.bind.JsonTreeWriter,org.pitest.mutationtest.engine.gregor.mutators.rv.ROR1Mutator,endObject,121,KILLED,com.google.gson.internal.bind.JsonTreeWriter_ESTest.test53
JsonTreeWriter.java,com.google.gson.internal.bind.JsonTreeWriter,org.pitest.mutationtest.engine.gregor.mutators.rv.ROR1Mutator,endObject,125,KILLED,com.google.gson.internal.bind.JsonTreeWriter_ESTest.test46
JsonTreeWriter.java,com.google.gson.internal.bind.JsonTreeWriter,org.pitest.mutationtest.engine.gregor.mutators.rv.ROR2Mutator,endObject,121,KILLED,com.google.gson.internal.bind.JsonTreeWriter_ESTest.test23
JsonTreeWriter.java,com.google.gson.internal.bind.JsonTreeWriter,org.pitest.mutationtest.engine.gregor.mutators.rv.ROR2Mutator,endObject,125,SURVIVED,none
JsonTreeWriter.java,com.google.gson.internal.bind.JsonTreeWriter,org.pitest.mutationtest.engine.gregor.mutators.rv.ROR3Mutator,endObject,121,SURVIVED,none
JsonTreeWriter.java,com.google.gson.internal.bind.JsonTreeWriter,org.pitest.mutationtest.engine.gregor.mutators.rv.ROR3Mutator,endObject,125,KILLED,com.google.gson.internal.bind.JsonTreeWriter_ESTest.test23
JsonTreeWriter.java,com.google.gson.internal.bind.JsonTreeWriter,org.pitest.mutationtest.engine.gregor.mutators.rv.ROR4Mutator,endObject,121,KILLED,com.google.gson.internal.bind.JsonTreeWriter_ESTest.test23
JsonTreeWriter.java,com.google.gson.internal.bind.JsonTreeWriter,org.pitest.mutationtest.engine.gregor.mutators.rv.ROR4Mutator,endObject,125,KILLED,com.google.gson.internal.bind.JsonTreeWriter_ESTest.test23
JsonTreeWriter.java,com.google.gson.internal.bind.JsonTreeWriter,org.pitest.mutationtest.engine.gregor.mutators.rv.ROR5Mutator,endObject,121,KILLED,com.google.gson.internal.bind.JsonTreeWriter_ESTest.test23
JsonTreeWriter.java,com.google.gson.internal.bind.JsonTreeWriter,org.pitest.mutationtest.engine.gregor.mutators.rv.ROR5Mutator,endObject,121,KILLED,com.google.gson.internal.bind.JsonTreeWriter_ESTest.test23
JsonTreeWriter.java,com.google.gson.internal.bind.JsonTreeWriter,org.pitest.mutationtest.engine.gregor.mutators.rv.ROR5Mutator,endObject,125,KILLED,com.google.gson.internal.bind.JsonTreeWriter_ESTest.test23
JsonTreeWriter.java,com.google.gson.internal.bind.JsonTreeWriter,org.pitest.mutationtest.engine.gregor.mutators.ConstructorCallMutator,get,66,KILLED,com.google.gson.internal.bind.JsonTreeWriter_ESTest.test55
JsonTreeWriter.java,com.google.gson.internal.bind.JsonTreeWriter,org.pitest.mutationtest.engine.gregor.mutators.ConstructorCallMutator,get,66,KILLED,com.google.gson.internal.bind.JsonTreeWriter_ESTest.test55
JsonTreeWriter.java,com.google.gson.internal.bind.JsonTreeWriter,org.pitest.mutationtest.engine.gregor.mutators.NegateConditionalsMutator,get,65,KILLED,com.google.gson.internal.bind.JsonTreeWriter_ESTest.test54
JsonTreeWriter.java,com.google.gson.internal.bind.JsonTreeWriter,org.pitest.mutationtest.engine.gregor.mutators.NonVoidMethodCallMutator,get,65,KILLED,com.google.gson.internal.bind.JsonTreeWriter_ESTest.test54
JsonTreeWriter.java,com.google.gson.internal.bind.JsonTreeWriter,org.pitest.mutationtest.engine.gregor.mutators.NonVoidMethodCallMutator,get,66,KILLED,com.google.gson.internal.bind.JsonTreeWriter_ESTest.test55
JsonTreeWriter.java,com.google.gson.internal.bind.JsonTreeWriter,org.pitest.mutationtest.engine.gregor.mutators.NonVoidMethodCallMutator,get,66,KILLED,com.google.gson.internal.bind.JsonTreeWriter_ESTest.test55
JsonTreeWriter.java,com.google.gson.internal.bind.JsonTreeWriter,org.pitest.mutationtest.engine.gregor.mutators.NonVoidMethodCallMutator,get,66,SURVIVED,none
JsonTreeWriter.java,com.google.gson.internal.bind.JsonTreeWriter,org.pitest.mutationtest.engine.gregor.mutators.NullReturnValsMutator,get,68,KILLED,com.google.gson.internal.bind.JsonTreeWriter_ESTest.test54
JsonTreeWriter.java,com.google.gson.internal.bind.JsonTreeWriter,org.pitest.mutationtest.engine.gregor.mutators.RemoveConditionalMutator_EQUAL_ELSE,get,65,KILLED,com.google.gson.internal.bind.JsonTreeWriter_ESTest.test55
JsonTreeWriter.java,com.google.gson.internal.bind.JsonTreeWriter,org.pitest.mutationtest.engine.gregor.mutators.RemoveConditionalMutator_EQUAL_IF,get,65,KILLED,com.google.gson.internal.bind.JsonTreeWriter_ESTest.test54
JsonTreeWriter.java,com.google.gson.internal.bind.JsonTreeWriter,org.pitest.mutationtest.engine.gregor.mutators.ReturnValsMutator,get,68,KILLED,com.google.gson.internal.bind.JsonTreeWriter_ESTest.test54
JsonTreeWriter.java,com.google.gson.internal.bind.JsonTreeWriter,org.pitest.mutationtest.engine.gregor.mutators.experimental.NakedReceiverMutator,get,66,SURVIVED,none
JsonTreeWriter.java,com.google.gson.internal.bind.JsonTreeWriter,org.pitest.mutationtest.engine.gregor.mutators.experimental.NakedReceiverMutator,get,66,SURVIVED,none
JsonTreeWriter.java,com.google.gson.internal.bind.JsonTreeWriter,org.pitest.mutationtest.engine.gregor.mutators.rv.ROR1Mutator,get,65,KILLED,com.google.gson.internal.bind.JsonTreeWriter_ESTest.test54
JsonTreeWriter.java,com.google.gson.internal.bind.JsonTreeWriter,org.pitest.mutationtest.engine.gregor.mutators.rv.ROR2Mutator,get,65,KILLED,com.google.gson.internal.bind.JsonTreeWriter_ESTest.test54
JsonTreeWriter.java,com.google.gson.internal.bind.JsonTreeWriter,org.pitest.mutationtest.engine.gregor.mutators.rv.ROR3Mutator,get,65,SURVIVED,none
JsonTreeWriter.java,com.google.gson.internal.bind.JsonTreeWriter,org.pitest.mutationtest.engine.gregor.mutators.rv.ROR4Mutator,get,65,KILLED,com.google.gson.internal.bind.JsonTreeWriter_ESTest.test55
JsonTreeWriter.java,com.google.gson.internal.bind.JsonTreeWriter,org.pitest.mutationtest.engine.gregor.mutators.rv.ROR5Mutator,get,65,KILLED,com.google.gson.internal.bind.JsonTreeWriter_ESTest.test54
JsonTreeWriter.java,com.google.gson.internal.bind.JsonTreeWriter,org.pitest.mutationtest.engine.gregor.mutators.ConstructorCallMutator,name,134,SURVIVED,none
JsonTreeWriter.java,com.google.gson.internal.bind.JsonTreeWriter,org.pitest.mutationtest.engine.gregor.mutators.ConstructorCallMutator,name,137,KILLED,com.google.gson.internal.bind.JsonTreeWriter_ESTest.test43
JsonTreeWriter.java,com.google.gson.internal.bind.JsonTreeWriter,org.pitest.mutationtest.engine.gregor.mutators.ConstructorCallMutator,name,144,KILLED,com.google.gson.internal.bind.JsonTreeWriter_ESTest.test42
JsonTreeWriter.java,com.google.gson.internal.bind.JsonTreeWriter,org.pitest.mutationtest.engine.gregor.mutators.NegateConditionalsMutator,name,133,KILLED,com.google.gson.internal.bind.JsonTreeWriter_ESTest.test48
JsonTreeWriter.java,com.google.gson.internal.bind.JsonTreeWriter,org.pitest.mutationtest.engine.gregor.mutators.NegateConditionalsMutator,name,136,KILLED,com.google.gson.internal.bind.JsonTreeWriter_ESTest.test48
JsonTreeWriter.java,com.google.gson.internal.bind.JsonTreeWriter,org.pitest.mutationtest.engine.gregor.mutators.NegateConditionalsMutator,name,136,KILLED,com.google.gson.internal.bind.JsonTreeWriter_ESTest.test48
JsonTreeWriter.java,com.google.gson.internal.bind.JsonTreeWriter,org.pitest.mutationtest.engine.gregor.mutators.NegateConditionalsMutator,name,140,KILLED,com.google.gson.internal.bind.JsonTreeWriter_ESTest.test48
JsonTreeWriter.java,com.google.gson.internal.bind.JsonTreeWriter,org.pitest.mutationtest.engine.gregor.mutators.NonVoidMethodCallMutator,name,136,KILLED,com.google.gson.internal.bind.JsonTreeWriter_ESTest.test44
JsonTreeWriter.java,com.google.gson.internal.bind.JsonTreeWriter,org.pitest.mutationtest.engine.gregor.mutators.NonVoidMethodCallMutator,name,139,KILLED,com.google.gson.internal.bind.JsonTreeWriter_ESTest.test48
JsonTreeWriter.java,com.google.gson.internal.bind.JsonTreeWriter,org.pitest.mutationtest.engine.gregor.mutators.NullReturnValsMutator,name,142,KILLED,com.google.gson.internal.bind.JsonTreeWriter_ESTest.test48
JsonTreeWriter.java,com.google.gson.internal.bind.JsonTreeWriter,org.pitest.mutationtest.engine.gregor.mutators.RemoveConditionalMutator_EQUAL_ELSE,name,133,KILLED,com.google.gson.internal.bind.JsonTreeWriter_ESTest.test45
JsonTreeWriter.java,com.google.gson.internal.bind.JsonTreeWriter,org.pitest.mutationtest.engine.gregor.mutators.RemoveConditionalMutator_EQUAL_ELSE,name,136,KILLED,com.google.gson.internal.bind.JsonTreeWriter_ESTest.test48
JsonTreeWriter.java,com.google.gson.internal.bind.JsonTreeWriter,org.pitest.mutationtest.engine.gregor.mutators.RemoveConditionalMutator_EQUAL_ELSE,name,136,KILLED,com.google.gson.internal.bind.JsonTreeWriter_ESTest.test43
JsonTreeWriter.java,com.google.gson.internal.bind.JsonTreeWriter,org.pitest.mutationtest.engine.gregor.mutators.RemoveConditionalMutator_EQUAL_ELSE,name,140,KILLED,com.google.gson.internal.bind.JsonTreeWriter_ESTest.test48
JsonTreeWriter.java,com.google.gson.internal.bind.JsonTreeWriter,org.pitest.mutationtest.engine.gregor.mutators.RemoveConditionalMutator_EQUAL_IF,name,133,KILLED,com.google.gson.internal.bind.JsonTreeWriter_ESTest.test48
JsonTreeWriter.java,com.google.gson.internal.bind.JsonTreeWriter,org.pitest.mutationtest.engine.gregor.mutators.RemoveConditionalMutator_EQUAL_IF,name,136,KILLED,com.google.gson.internal.bind.JsonTreeWriter_ESTest.test44
JsonTreeWriter.java,com.google.gson.internal.bind.JsonTreeWriter,org.pitest.mutationtest.engine.gregor.mutators.RemoveConditionalMutator_EQUAL_IF,name,136,KILLED,com.google.gson.internal.bind.JsonTreeWriter_ESTest.test48
JsonTreeWriter.java,com.google.gson.internal.bind.JsonTreeWriter,org.pitest.mutationtest.engine.gregor.mutators.RemoveConditionalMutator_EQUAL_IF,name,140,KILLED,com.google.gson.internal.bind.JsonTreeWriter_ESTest.test42
JsonTreeWriter.java,com.google.gson.internal.bind.JsonTreeWriter,org.pitest.mutationtest.engine.gregor.mutators.ReturnValsMutator,name,142,KILLED,com.google.gson.internal.bind.JsonTreeWriter_ESTest.test48
JsonTreeWriter.java,com.google.gson.internal.bind.JsonTreeWriter,org.pitest.mutationtest.engine.gregor.mutators.experimental.MemberVariableMutator,name,141,KILLED,com.google.gson.internal.bind.JsonTreeWriter_ESTest.test51
JsonTreeWriter.java,com.google.gson.internal.bind.JsonTreeWriter,org.pitest.mutationtest.engine.gregor.mutators.rv.ROR1Mutator,name,136,KILLED,com.google.gson.internal.bind.JsonTreeWriter_ESTest.test44
JsonTreeWriter.java,com.google.gson.internal.bind.JsonTreeWriter,org.pitest.mutationtest.engine.gregor.mutators.rv.ROR1Mutator,name,140,KILLED,com.google.gson.internal.bind.JsonTreeWriter_ESTest.test42
JsonTreeWriter.java,com.google.gson.internal.bind.JsonTreeWriter,org.pitest.mutationtest.engine.gregor.mutators.rv.ROR2Mutator,name,136,KILLED,com.google.gson.internal.bind.JsonTreeWriter_ESTest.test48
JsonTreeWriter.java,com.google.gson.internal.bind.JsonTreeWriter,org.pitest.mutationtest.engine.gregor.mutators.rv.ROR2Mutator,name,140,SURVIVED,none
JsonTreeWriter.java,com.google.gson.internal.bind.JsonTreeWriter,org.pitest.mutationtest.engine.gregor.mutators.rv.ROR3Mutator,name,136,SURVIVED,none
JsonTreeWriter.java,com.google.gson.internal.bind.JsonTreeWriter,org.pitest.mutationtest.engine.gregor.mutators.rv.ROR3Mutator,name,140,KILLED,com.google.gson.internal.bind.JsonTreeWriter_ESTest.test48
JsonTreeWriter.java,com.google.gson.internal.bind.JsonTreeWriter,org.pitest.mutationtest.engine.gregor.mutators.rv.ROR4Mutator,name,136,KILLED,com.google.gson.internal.bind.JsonTreeWriter_ESTest.test48
JsonTreeWriter.java,com.google.gson.internal.bind.JsonTreeWriter,org.pitest.mutationtest.engine.gregor.mutators.rv.ROR4Mutator,name,140,KILLED,com.google.gson.internal.bind.JsonTreeWriter_ESTest.test48
JsonTreeWriter.java,com.google.gson.internal.bind.JsonTreeWriter,org.pitest.mutationtest.engine.gregor.mutators.rv.ROR5Mutator,name,133,KILLED,com.google.gson.internal.bind.JsonTreeWriter_ESTest.test48
JsonTreeWriter.java,com.google.gson.internal.bind.JsonTreeWriter,org.pitest.mutationtest.engine.gregor.mutators.rv.ROR5Mutator,name,136,KILLED,com.google.gson.internal.bind.JsonTreeWriter_ESTest.test48
JsonTreeWriter.java,com.google.gson.internal.bind.JsonTreeWriter,org.pitest.mutationtest.engine.gregor.mutators.rv.ROR5Mutator,name,136,KILLED,com.google.gson.internal.bind.JsonTreeWriter_ESTest.test48
JsonTreeWriter.java,com.google.gson.internal.bind.JsonTreeWriter,org.pitest.mutationtest.engine.gregor.mutators.rv.ROR5Mutator,name,140,KILLED,com.google.gson.internal.bind.JsonTreeWriter_ESTest.test48
JsonTreeWriter.java,com.google.gson.internal.bind.JsonTreeWriter,org.pitest.mutationtest.engine.gregor.mutators.NullReturnValsMutator,nullValue,157,KILLED,com.google.gson.internal.bind.JsonTreeWriter_ESTest.test51
JsonTreeWriter.java,com.google.gson.internal.bind.JsonTreeWriter,org.pitest.mutationtest.engine.gregor.mutators.ReturnValsMutator,nullValue,157,KILLED,com.google.gson.internal.bind.JsonTreeWriter_ESTest.test51
JsonTreeWriter.java,com.google.gson.internal.bind.JsonTreeWriter,org.pitest.mutationtest.engine.gregor.mutators.VoidMethodCallMutator,nullValue,156,KILLED,com.google.gson.internal.bind.JsonTreeWriter_ESTest.test33
JsonTreeWriter.java,com.google.gson.internal.bind.JsonTreeWriter,org.pitest.mutationtest.engine.gregor.mutators.InlineConstantMutator,peek,72,KILLED,com.google.gson.internal.bind.JsonTreeWriter_ESTest.test34
JsonTreeWriter.java,com.google.gson.internal.bind.JsonTreeWriter,org.pitest.mutationtest.engine.gregor.mutators.MathMutator,peek,72,KILLED,com.google.gson.internal.bind.JsonTreeWriter_ESTest.test34
JsonTreeWriter.java,com.google.gson.internal.bind.JsonTreeWriter,org.pitest.mutationtest.engine.gregor.mutators.NonVoidMethodCallMutator,peek,72,KILLED,com.google.gson.internal.bind.JsonTreeWriter_ESTest.test34
JsonTreeWriter.java,com.google.gson.internal.bind.JsonTreeWriter,org.pitest.mutationtest.engine.gregor.mutators.NonVoidMethodCallMutator,peek,72,KILLED,com.google.gson.internal.bind.JsonTreeWriter_ESTest.test48
JsonTreeWriter.java,com.google.gson.internal.bind.JsonTreeWriter,org.pitest.mutationtest.engine.gregor.mutators.NullReturnValsMutator,peek,72,KILLED,com.google.gson.internal.bind.JsonTreeWriter_ESTest.test48
JsonTreeWriter.java,com.google.gson.internal.bind.JsonTreeWriter,org.pitest.mutationtest.engine.gregor.mutators.ReturnValsMutator,peek,72,KILLED,com.google.gson.internal.bind.JsonTreeWriter_ESTest.test48
JsonTreeWriter.java,com.google.gson.internal.bind.JsonTreeWriter,org.pitest.mutationtest.engine.gregor.mutators.rv.AOD2Mutator,peek,72,KILLED,com.google.gson.internal.bind.JsonTreeWriter_ESTest.test34
JsonTreeWriter.java,com.google.gson.internal.bind.JsonTreeWriter,org.pitest.mutationtest.engine.gregor.mutators.rv.AOR1Mutator,peek,72,KILLED,com.google.gson.internal.bind.JsonTreeWriter_ESTest.test34
JsonTreeWriter.java,com.google.gson.internal.bind.JsonTreeWriter,org.pitest.mutationtest.engine.gregor.mutators.rv.AOR2Mutator,peek,72,KILLED,com.google.gson.internal.bind.JsonTreeWriter_ESTest.test34
JsonTreeWriter.java,com.google.gson.internal.bind.JsonTreeWriter,org.pitest.mutationtest.engine.gregor.mutators.rv.AOR3Mutator,peek,72,KILLED,com.google.gson.internal.bind.JsonTreeWriter_ESTest.test34
JsonTreeWriter.java,com.google.gson.internal.bind.JsonTreeWriter,org.pitest.mutationtest.engine.gregor.mutators.rv.AOR4Mutator,peek,72,KILLED,com.google.gson.internal.bind.JsonTreeWriter_ESTest.test01
JsonTreeWriter.java,com.google.gson.internal.bind.JsonTreeWriter,org.pitest.mutationtest.engine.gregor.mutators.rv.CRCR2Mutator,peek,72,KILLED,com.google.gson.internal.bind.JsonTreeWriter_ESTest.test34
JsonTreeWriter.java,com.google.gson.internal.bind.JsonTreeWriter,org.pitest.mutationtest.engine.gregor.mutators.rv.CRCR3Mutator,peek,72,KILLED,com.google.gson.internal.bind.JsonTreeWriter_ESTest.test34
JsonTreeWriter.java,com.google.gson.internal.bind.JsonTreeWriter,org.pitest.mutationtest.engine.gregor.mutators.rv.CRCR4Mutator,peek,72,KILLED,com.google.gson.internal.bind.JsonTreeWriter_ESTest.test34
JsonTreeWriter.java,com.google.gson.internal.bind.JsonTreeWriter,org.pitest.mutationtest.engine.gregor.mutators.rv.CRCR5Mutator,peek,72,KILLED,com.google.gson.internal.bind.JsonTreeWriter_ESTest.test34
JsonTreeWriter.java,com.google.gson.internal.bind.JsonTreeWriter,org.pitest.mutationtest.engine.gregor.mutators.rv.CRCR6Mutator,peek,72,KILLED,com.google.gson.internal.bind.JsonTreeWriter_ESTest.test34
JsonTreeWriter.java,com.google.gson.internal.bind.JsonTreeWriter,org.pitest.mutationtest.engine.gregor.mutators.ConstructorCallMutator,put,89,KILLED,com.google.gson.internal.bind.JsonTreeWriter_ESTest.test34
JsonTreeWriter.java,com.google.gson.internal.bind.JsonTreeWriter,org.pitest.mutationtest.engine.gregor.mutators.NegateConditionalsMutator,put,76,KILLED,com.google.gson.internal.bind.JsonTreeWriter_ESTest.test34
JsonTreeWriter.java,com.google.gson.internal.bind.JsonTreeWriter,org.pitest.mutationtest.engine.gregor.mutators.NegateConditionalsMutator,put,77,SURVIVED,none
JsonTreeWriter.java,com.google.gson.internal.bind.JsonTreeWriter,org.pitest.mutationtest.engine.gregor.mutators.NegateConditionalsMutator,put,77,SURVIVED,none
JsonTreeWriter.java,com.google.gson.internal.bind.JsonTreeWriter,org.pitest.mutationtest.engine.gregor.mutators.NegateConditionalsMutator,put,82,KILLED,com.google.gson.internal.bind.JsonTreeWriter_ESTest.test34
JsonTreeWriter.java,com.google.gson.internal.bind.JsonTreeWriter,org.pitest.mutationtest.engine.gregor.mutators.NegateConditionalsMutator,put,86,KILLED,com.google.gson.internal.bind.JsonTreeWriter_ESTest.test34
JsonTreeWriter.java,com.google.gson.internal.bind.JsonTreeWriter,org.pitest.mutationtest.engine.gregor.mutators.NonVoidMethodCallMutator,put,77,SURVIVED,none
JsonTreeWriter.java,com.google.gson.internal.bind.JsonTreeWriter,org.pitest.mutationtest.engine.gregor.mutators.NonVoidMethodCallMutator,put,77,SURVIVED,none
JsonTreeWriter.java,com.google.gson.internal.bind.JsonTreeWriter,org.pitest.mutationtest.engine.gregor.mutators.NonVoidMethodCallMutator,put,78,KILLED,com.google.gson.internal.bind.JsonTreeWriter_ESTest.test53
JsonTreeWriter.java,com.google.gson.internal.bind.JsonTreeWriter,org.pitest.mutationtest.engine.gregor.mutators.NonVoidMethodCallMutator,put,82,KILLED,com.google.gson.internal.bind.JsonTreeWriter_ESTest.test34
JsonTreeWriter.java,com.google.gson.internal.bind.JsonTreeWriter,org.pitest.mutationtest.engine.gregor.mutators.NonVoidMethodCallMutator,put,85,KILLED,com.google.gson.internal.bind.JsonTreeWriter_ESTest.test01
JsonTreeWriter.java,com.google.gson.internal.bind.JsonTreeWriter,org.pitest.mutationtest.engine.gregor.mutators.RemoveConditionalMutator_EQUAL_ELSE,put,76,KILLED,com.google.gson.internal.bind.JsonTreeWriter_ESTest.test51
JsonTreeWriter.java,com.google.gson.internal.bind.JsonTreeWriter,org.pitest.mutationtest.engine.gregor.mutators.RemoveConditionalMutator_EQUAL_ELSE,put,77,SURVIVED,none
JsonTreeWriter.java,com.google.gson.internal.bind.JsonTreeWriter,org.pitest.mutationtest.engine.gregor.mutators.RemoveConditionalMutator_EQUAL_ELSE,put,77,SURVIVED,none
JsonTreeWriter.java,com.google.gson.internal.bind.JsonTreeWriter,org.pitest.mutationtest.engine.gregor.mutators.RemoveConditionalMutator_EQUAL_ELSE,put,82,KILLED,com.google.gson.internal.bind.JsonTreeWriter_ESTest.test34
JsonTreeWriter.java,com.google.gson.internal.bind.JsonTreeWriter,org.pitest.mutationtest.engine.gregor.mutators.RemoveConditionalMutator_EQUAL_ELSE,put,86,KILLED,com.google.gson.internal.bind.JsonTreeWriter_ESTest.test01
JsonTreeWriter.java,com.google.gson.internal.bind.JsonTreeWriter,org.pitest.mutationtest.engine.gregor.mutators.RemoveConditionalMutator_EQUAL_IF,put,76,KILLED,com.google.gson.internal.bind.JsonTreeWriter_ESTest.test34
JsonTreeWriter.java,com.google.gson.internal.bind.JsonTreeWriter,org.pitest.mutationtest.engine.gregor.mutators.RemoveConditionalMutator_EQUAL_IF,put,77,SURVIVED,none
JsonTreeWriter.java,com.google.gson.internal.bind.JsonTreeWriter,org.pitest.mutationtest.engine.gregor.mutators.RemoveConditionalMutator_EQUAL_IF,put,77,SURVIVED,none
JsonTreeWriter.java,com.google.gson.internal.bind.JsonTreeWriter,org.pitest.mutationtest.engine.gregor.mutators.RemoveConditionalMutator_EQUAL_IF,put,82,KILLED,com.google.gson.internal.bind.JsonTreeWriter_ESTest.test34
JsonTreeWriter.java,com.google.gson.internal.bind.JsonTreeWriter,org.pitest.mutationtest.engine.gregor.mutators.RemoveConditionalMutator_EQUAL_IF,put,86,KILLED,com.google.gson.internal.bind.JsonTreeWriter_ESTest.test34
JsonTreeWriter.java,com.google.gson.internal.bind.JsonTreeWriter,org.pitest.mutationtest.engine.gregor.mutators.VoidMethodCallMutator,put,79,SURVIVED,none
JsonTreeWriter.java,com.google.gson.internal.bind.JsonTreeWriter,org.pitest.mutationtest.engine.gregor.mutators.VoidMethodCallMutator,put,87,SURVIVED,none
JsonTreeWriter.java,com.google.gson.internal.bind.JsonTreeWriter,org.pitest.mutationtest.engine.gregor.mutators.experimental.MemberVariableMutator,put,81,KILLED,com.google.gson.internal.bind.JsonTreeWriter_ESTest.test53
JsonTreeWriter.java,com.google.gson.internal.bind.JsonTreeWriter,org.pitest.mutationtest.engine.gregor.mutators.experimental.MemberVariableMutator,put,83,KILLED,com.google.gson.internal.bind.JsonTreeWriter_ESTest.test21
JsonTreeWriter.java,com.google.gson.internal.bind.JsonTreeWriter,org.pitest.mutationtest.engine.gregor.mutators.rv.ROR1Mutator,put,77,SURVIVED,none
JsonTreeWriter.java,com.google.gson.internal.bind.JsonTreeWriter,org.pitest.mutationtest.engine.gregor.mutators.rv.ROR1Mutator,put,77,SURVIVED,none
JsonTreeWriter.java,com.google.gson.internal.bind.JsonTreeWriter,org.pitest.mutationtest.engine.gregor.mutators.rv.ROR1Mutator,put,82,KILLED,com.google.gson.internal.bind.JsonTreeWriter_ESTest.test34
JsonTreeWriter.java,com.google.gson.internal.bind.JsonTreeWriter,org.pitest.mutationtest.engine.gregor.mutators.rv.ROR1Mutator,put,86,KILLED,com.google.gson.internal.bind.JsonTreeWriter_ESTest.test34
JsonTreeWriter.java,com.google.gson.internal.bind.JsonTreeWriter,org.pitest.mutationtest.engine.gregor.mutators.rv.ROR2Mutator,put,77,SURVIVED,none
JsonTreeWriter.java,com.google.gson.internal.bind.JsonTreeWriter,org.pitest.mutationtest.engine.gregor.mutators.rv.ROR2Mutator,put,77,SURVIVED,none
JsonTreeWriter.java,com.google.gson.internal.bind.JsonTreeWriter,org.pitest.mutationtest.engine.gregor.mutators.rv.ROR2Mutator,put,82,SURVIVED,none
JsonTreeWriter.java,com.google.gson.internal.bind.JsonTreeWriter,org.pitest.mutationtest.engine.gregor.mutators.rv.ROR2Mutator,put,86,SURVIVED,none
JsonTreeWriter.java,com.google.gson.internal.bind.JsonTreeWriter,org.pitest.mutationtest.engine.gregor.mutators.rv.ROR3Mutator,put,77,SURVIVED,none
JsonTreeWriter.java,com.google.gson.internal.bind.JsonTreeWriter,org.pitest.mutationtest.engine.gregor.mutators.rv.ROR3Mutator,put,77,SURVIVED,none
JsonTreeWriter.java,com.google.gson.internal.bind.JsonTreeWriter,org.pitest.mutationtest.engine.gregor.mutators.rv.ROR3Mutator,put,82,KILLED,com.google.gson.internal.bind.JsonTreeWriter_ESTest.test34
JsonTreeWriter.java,com.google.gson.internal.bind.JsonTreeWriter,org.pitest.mutationtest.engine.gregor.mutators.rv.ROR3Mutator,put,86,KILLED,com.google.gson.internal.bind.JsonTreeWriter_ESTest.test34
JsonTreeWriter.java,com.google.gson.internal.bind.JsonTreeWriter,org.pitest.mutationtest.engine.gregor.mutators.rv.ROR4Mutator,put,77,SURVIVED,none
JsonTreeWriter.java,com.google.gson.internal.bind.JsonTreeWriter,org.pitest.mutationtest.engine.gregor.mutators.rv.ROR4Mutator,put,77,SURVIVED,none
JsonTreeWriter.java,com.google.gson.internal.bind.JsonTreeWriter,org.pitest.mutationtest.engine.gregor.mutators.rv.ROR4Mutator,put,82,KILLED,com.google.gson.internal.bind.JsonTreeWriter_ESTest.test34
JsonTreeWriter.java,com.google.gson.internal.bind.JsonTreeWriter,org.pitest.mutationtest.engine.gregor.mutators.rv.ROR4Mutator,put,86,KILLED,com.google.gson.internal.bind.JsonTreeWriter_ESTest.test01
JsonTreeWriter.java,com.google.gson.internal.bind.JsonTreeWriter,org.pitest.mutationtest.engine.gregor.mutators.rv.ROR5Mutator,put,76,KILLED,com.google.gson.internal.bind.JsonTreeWriter_ESTest.test34
JsonTreeWriter.java,com.google.gson.internal.bind.JsonTreeWriter,org.pitest.mutationtest.engine.gregor.mutators.rv.ROR5Mutator,put,77,SURVIVED,none
JsonTreeWriter.java,com.google.gson.internal.bind.JsonTreeWriter,org.pitest.mutationtest.engine.gregor.mutators.rv.ROR5Mutator,put,77,SURVIVED,none
JsonTreeWriter.java,com.google.gson.internal.bind.JsonTreeWriter,org.pitest.mutationtest.engine.gregor.mutators.rv.ROR5Mutator,put,82,KILLED,com.google.gson.internal.bind.JsonTreeWriter_ESTest.test34
JsonTreeWriter.java,com.google.gson.internal.bind.JsonTreeWriter,org.pitest.mutationtest.engine.gregor.mutators.rv.ROR5Mutator,put,86,KILLED,com.google.gson.internal.bind.JsonTreeWriter_ESTest.test34
JsonTreeWriter.java,com.google.gson.internal.bind.JsonTreeWriter,org.pitest.mutationtest.engine.gregor.mutators.ConstructorCallMutator,value,175,NO_COVERAGE,none
JsonTreeWriter.java,com.google.gson.internal.bind.JsonTreeWriter,org.pitest.mutationtest.engine.gregor.mutators.ConstructorCallMutator,value,175,NO_COVERAGE,none
JsonTreeWriter.java,com.google.gson.internal.bind.JsonTreeWriter,org.pitest.mutationtest.engine.gregor.mutators.ConstructorCallMutator,value,177,KILLED,com.google.gson.internal.bind.JsonTreeWriter_ESTest.test20
JsonTreeWriter.java,com.google.gson.internal.bind.JsonTreeWriter,org.pitest.mutationtest.engine.gregor.mutators.NegateConditionalsMutator,value,174,SURVIVED,none
JsonTreeWriter.java,com.google.gson.internal.bind.JsonTreeWriter,org.pitest.mutationtest.engine.gregor.mutators.NegateConditionalsMutator,value,174,KILLED,com.google.gson.internal.bind.JsonTreeWriter_ESTest.test35
JsonTreeWriter.java,com.google.gson.internal.bind.JsonTreeWriter,org.pitest.mutationtest.engine.gregor.mutators.NegateConditionalsMutator,value,174,KILLED,com.google.gson.internal.bind.JsonTreeWriter_ESTest.test35
JsonTreeWriter.java,com.google.gson.internal.bind.JsonTreeWriter,org.pitest.mutationtest.engine.gregor.mutators.NonVoidMethodCallMutator,value,174,SURVIVED,none
JsonTreeWriter.java,com.google.gson.internal.bind.JsonTreeWriter,org.pitest.mutationtest.engine.gregor.mutators.NonVoidMethodCallMutator,value,174,SURVIVED,none
JsonTreeWriter.java,com.google.gson.internal.bind.JsonTreeWriter,org.pitest.mutationtest.engine.gregor.mutators.NonVoidMethodCallMutator,value,174,SURVIVED,none
JsonTreeWriter.java,com.google.gson.internal.bind.JsonTreeWriter,org.pitest.mutationtest.engine.gregor.mutators.NonVoidMethodCallMutator,value,175,NO_COVERAGE,none
JsonTreeWriter.java,com.google.gson.internal.bind.JsonTreeWriter,org.pitest.mutationtest.engine.gregor.mutators.NonVoidMethodCallMutator,value,175,NO_COVERAGE,none
JsonTreeWriter.java,com.google.gson.internal.bind.JsonTreeWriter,org.pitest.mutationtest.engine.gregor.mutators.NonVoidMethodCallMutator,value,175,NO_COVERAGE,none
JsonTreeWriter.java,com.google.gson.internal.bind.JsonTreeWriter,org.pitest.mutationtest.engine.gregor.mutators.NonVoidMethodCallMutator,value,177,KILLED,com.google.gson.internal.bind.JsonTreeWriter_ESTest.test35
JsonTreeWriter.java,com.google.gson.internal.bind.JsonTreeWriter,org.pitest.mutationtest.engine.gregor.mutators.NullReturnValsMutator,value,178,KILLED,com.google.gson.internal.bind.JsonTreeWriter_ESTest.test41
JsonTreeWriter.java,com.google.gson.internal.bind.JsonTreeWriter,org.pitest.mutationtest.engine.gregor.mutators.RemoveConditionalMutator_EQUAL_ELSE,value,174,SURVIVED,none
JsonTreeWriter.java,com.google.gson.internal.bind.JsonTreeWriter,org.pitest.mutationtest.engine.gregor.mutators.RemoveConditionalMutator_EQUAL_ELSE,value,174,KILLED,com.google.gson.internal.bind.JsonTreeWriter_ESTest.test35
JsonTreeWriter.java,com.google.gson.internal.bind.JsonTreeWriter,org.pitest.mutationtest.engine.gregor.mutators.RemoveConditionalMutator_EQUAL_ELSE,value,174,SURVIVED,none
JsonTreeWriter.java,com.google.gson.internal.bind.JsonTreeWriter,org.pitest.mutationtest.engine.gregor.mutators.RemoveConditionalMutator_EQUAL_IF,value,174,SURVIVED,none
JsonTreeWriter.java,com.google.gson.internal.bind.JsonTreeWriter,org.pitest.mutationtest.engine.gregor.mutators.RemoveConditionalMutator_EQUAL_IF,value,174,SURVIVED,none
JsonTreeWriter.java,com.google.gson.internal.bind.JsonTreeWriter,org.pitest.mutationtest.engine.gregor.mutators.RemoveConditionalMutator_EQUAL_IF,value,174,KILLED,com.google.gson.internal.bind.JsonTreeWriter_ESTest.test35
JsonTreeWriter.java,com.google.gson.internal.bind.JsonTreeWriter,org.pitest.mutationtest.engine.gregor.mutators.ReturnValsMutator,value,178,KILLED,com.google.gson.internal.bind.JsonTreeWriter_ESTest.test41
JsonTreeWriter.java,com.google.gson.internal.bind.JsonTreeWriter,org.pitest.mutationtest.engine.gregor.mutators.VoidMethodCallMutator,value,177,KILLED,com.google.gson.internal.bind.JsonTreeWriter_ESTest.test35
JsonTreeWriter.java,com.google.gson.internal.bind.JsonTreeWriter,org.pitest.mutationtest.engine.gregor.mutators.experimental.NakedReceiverMutator,value,175,NO_COVERAGE,none
JsonTreeWriter.java,com.google.gson.internal.bind.JsonTreeWriter,org.pitest.mutationtest.engine.gregor.mutators.experimental.NakedReceiverMutator,value,175,NO_COVERAGE,none
JsonTreeWriter.java,com.google.gson.internal.bind.JsonTreeWriter,org.pitest.mutationtest.engine.gregor.mutators.rv.ABSMutator,value,174,SURVIVED,none
JsonTreeWriter.java,com.google.gson.internal.bind.JsonTreeWriter,org.pitest.mutationtest.engine.gregor.mutators.rv.ABSMutator,value,174,SURVIVED,none
JsonTreeWriter.java,com.google.gson.internal.bind.JsonTreeWriter,org.pitest.mutationtest.engine.gregor.mutators.rv.ABSMutator,value,175,NO_COVERAGE,none
JsonTreeWriter.java,com.google.gson.internal.bind.JsonTreeWriter,org.pitest.mutationtest.engine.gregor.mutators.rv.ABSMutator,value,177,SURVIVED,none
JsonTreeWriter.java,com.google.gson.internal.bind.JsonTreeWriter,org.pitest.mutationtest.engine.gregor.mutators.rv.ROR1Mutator,value,174,SURVIVED,none
JsonTreeWriter.java,com.google.gson.internal.bind.JsonTreeWriter,org.pitest.mutationtest.engine.gregor.mutators.rv.ROR1Mutator,value,174,SURVIVED,none
JsonTreeWriter.java,com.google.gson.internal.bind.JsonTreeWriter,org.pitest.mutationtest.engine.gregor.mutators.rv.ROR1Mutator,value,174,KILLED,com.google.gson.internal.bind.JsonTreeWriter_ESTest.test35
JsonTreeWriter.java,com.google.gson.internal.bind.JsonTreeWriter,org.pitest.mutationtest.engine.gregor.mutators.rv.ROR2Mutator,value,174,SURVIVED,none
JsonTreeWriter.java,com.google.gson.internal.bind.JsonTreeWriter,org.pitest.mutationtest.engine.gregor.mutators.rv.ROR2Mutator,value,174,KILLED,com.google.gson.internal.bind.JsonTreeWriter_ESTest.test35
JsonTreeWriter.java,com.google.gson.internal.bind.JsonTreeWriter,org.pitest.mutationtest.engine.gregor.mutators.rv.ROR2Mutator,value,174,SURVIVED,none
JsonTreeWriter.java,com.google.gson.internal.bind.JsonTreeWriter,org.pitest.mutationtest.engine.gregor.mutators.rv.ROR3Mutator,value,174,SURVIVED,none
JsonTreeWriter.java,com.google.gson.internal.bind.JsonTreeWriter,org.pitest.mutationtest.engine.gregor.mutators.rv.ROR3Mutator,value,174,SURVIVED,none
JsonTreeWriter.java,com.google.gson.internal.bind.JsonTreeWriter,org.pitest.mutationtest.engine.gregor.mutators.rv.ROR3Mutator,value,174,KILLED,com.google.gson.internal.bind.JsonTreeWriter_ESTest.test35
JsonTreeWriter.java,com.google.gson.internal.bind.JsonTreeWriter,org.pitest.mutationtest.engine.gregor.mutators.rv.ROR4Mutator,value,174,SURVIVED,none
JsonTreeWriter.java,com.google.gson.internal.bind.JsonTreeWriter,org.pitest.mutationtest.engine.gregor.mutators.rv.ROR4Mutator,value,174,KILLED,com.google.gson.internal.bind.JsonTreeWriter_ESTest.test35
JsonTreeWriter.java,com.google.gson.internal.bind.JsonTreeWriter,org.pitest.mutationtest.engine.gregor.mutators.rv.ROR4Mutator,value,174,SURVIVED,none
JsonTreeWriter.java,com.google.gson.internal.bind.JsonTreeWriter,org.pitest.mutationtest.engine.gregor.mutators.rv.ROR5Mutator,value,174,SURVIVED,none
JsonTreeWriter.java,com.google.gson.internal.bind.JsonTreeWriter,org.pitest.mutationtest.engine.gregor.mutators.rv.ROR5Mutator,value,174,KILLED,com.google.gson.internal.bind.JsonTreeWriter_ESTest.test35
JsonTreeWriter.java,com.google.gson.internal.bind.JsonTreeWriter,org.pitest.mutationtest.engine.gregor.mutators.rv.ROR5Mutator,value,174,KILLED,com.google.gson.internal.bind.JsonTreeWriter_ESTest.test35
JsonTreeWriter.java,com.google.gson.internal.bind.JsonTreeWriter,org.pitest.mutationtest.engine.gregor.mutators.rv.UOI1Mutator,value,174,SURVIVED,none
JsonTreeWriter.java,com.google.gson.internal.bind.JsonTreeWriter,org.pitest.mutationtest.engine.gregor.mutators.rv.UOI1Mutator,value,174,SURVIVED,none
JsonTreeWriter.java,com.google.gson.internal.bind.JsonTreeWriter,org.pitest.mutationtest.engine.gregor.mutators.rv.UOI1Mutator,value,175,NO_COVERAGE,none
JsonTreeWriter.java,com.google.gson.internal.bind.JsonTreeWriter,org.pitest.mutationtest.engine.gregor.mutators.rv.UOI1Mutator,value,177,SURVIVED,none
JsonTreeWriter.java,com.google.gson.internal.bind.JsonTreeWriter,org.pitest.mutationtest.engine.gregor.mutators.rv.UOI2Mutator,value,174,SURVIVED,none
JsonTreeWriter.java,com.google.gson.internal.bind.JsonTreeWriter,org.pitest.mutationtest.engine.gregor.mutators.rv.UOI2Mutator,value,174,SURVIVED,none
JsonTreeWriter.java,com.google.gson.internal.bind.JsonTreeWriter,org.pitest.mutationtest.engine.gregor.mutators.rv.UOI2Mutator,value,175,NO_COVERAGE,none
JsonTreeWriter.java,com.google.gson.internal.bind.JsonTreeWriter,org.pitest.mutationtest.engine.gregor.mutators.rv.UOI2Mutator,value,177,SURVIVED,none
JsonTreeWriter.java,com.google.gson.internal.bind.JsonTreeWriter,org.pitest.mutationtest.engine.gregor.mutators.rv.UOI3Mutator,value,174,SURVIVED,none
JsonTreeWriter.java,com.google.gson.internal.bind.JsonTreeWriter,org.pitest.mutationtest.engine.gregor.mutators.rv.UOI3Mutator,value,174,SURVIVED,none
JsonTreeWriter.java,com.google.gson.internal.bind.JsonTreeWriter,org.pitest.mutationtest.engine.gregor.mutators.rv.UOI3Mutator,value,175,NO_COVERAGE,none
JsonTreeWriter.java,com.google.gson.internal.bind.JsonTreeWriter,org.pitest.mutationtest.engine.gregor.mutators.rv.UOI3Mutator,value,177,SURVIVED,none
JsonTreeWriter.java,com.google.gson.internal.bind.JsonTreeWriter,org.pitest.mutationtest.engine.gregor.mutators.rv.UOI4Mutator,value,174,SURVIVED,none
JsonTreeWriter.java,com.google.gson.internal.bind.JsonTreeWriter,org.pitest.mutationtest.engine.gregor.mutators.rv.UOI4Mutator,value,174,SURVIVED,none
JsonTreeWriter.java,com.google.gson.internal.bind.JsonTreeWriter,org.pitest.mutationtest.engine.gregor.mutators.rv.UOI4Mutator,value,175,NO_COVERAGE,none
JsonTreeWriter.java,com.google.gson.internal.bind.JsonTreeWriter,org.pitest.mutationtest.engine.gregor.mutators.rv.UOI4Mutator,value,177,SURVIVED,none
JsonTreeWriter.java,com.google.gson.internal.bind.JsonTreeWriter,org.pitest.mutationtest.engine.gregor.mutators.ConstructorCallMutator,value,182,SURVIVED,none
JsonTreeWriter.java,com.google.gson.internal.bind.JsonTreeWriter,org.pitest.mutationtest.engine.gregor.mutators.NonVoidMethodCallMutator,value,182,KILLED,com.google.gson.internal.bind.JsonTreeWriter_ESTest.test34
JsonTreeWriter.java,com.google.gson.internal.bind.JsonTreeWriter,org.pitest.mutationtest.engine.gregor.mutators.NullReturnValsMutator,value,183,KILLED,com.google.gson.internal.bind.JsonTreeWriter_ESTest.test14
JsonTreeWriter.java,com.google.gson.internal.bind.JsonTreeWriter,org.pitest.mutationtest.engine.gregor.mutators.ReturnValsMutator,value,183,KILLED,com.google.gson.internal.bind.JsonTreeWriter_ESTest.test14
JsonTreeWriter.java,com.google.gson.internal.bind.JsonTreeWriter,org.pitest.mutationtest.engine.gregor.mutators.VoidMethodCallMutator,value,182,KILLED,com.google.gson.internal.bind.JsonTreeWriter_ESTest.test34
JsonTreeWriter.java,com.google.gson.internal.bind.JsonTreeWriter,org.pitest.mutationtest.engine.gregor.mutators.rv.ABSMutator,value,182,SURVIVED,none
JsonTreeWriter.java,com.google.gson.internal.bind.JsonTreeWriter,org.pitest.mutationtest.engine.gregor.mutators.rv.UOI1Mutator,value,182,SURVIVED,none
JsonTreeWriter.java,com.google.gson.internal.bind.JsonTreeWriter,org.pitest.mutationtest.engine.gregor.mutators.rv.UOI2Mutator,value,182,SURVIVED,none
JsonTreeWriter.java,com.google.gson.internal.bind.JsonTreeWriter,org.pitest.mutationtest.engine.gregor.mutators.rv.UOI3Mutator,value,182,SURVIVED,none
JsonTreeWriter.java,com.google.gson.internal.bind.JsonTreeWriter,org.pitest.mutationtest.engine.gregor.mutators.rv.UOI4Mutator,value,182,SURVIVED,none
JsonTreeWriter.java,com.google.gson.internal.bind.JsonTreeWriter,org.pitest.mutationtest.engine.gregor.mutators.ConstructorCallMutator,value,169,SURVIVED,none
JsonTreeWriter.java,com.google.gson.internal.bind.JsonTreeWriter,org.pitest.mutationtest.engine.gregor.mutators.NegateConditionalsMutator,value,166,KILLED,com.google.gson.internal.bind.JsonTreeWriter_ESTest.test33
JsonTreeWriter.java,com.google.gson.internal.bind.JsonTreeWriter,org.pitest.mutationtest.engine.gregor.mutators.NonVoidMethodCallMutator,value,167,KILLED,com.google.gson.internal.bind.JsonTreeWriter_ESTest.test33
JsonTreeWriter.java,com.google.gson.internal.bind.JsonTreeWriter,org.pitest.mutationtest.engine.gregor.mutators.NullReturnValsMutator,value,167,SURVIVED,none
JsonTreeWriter.java,com.google.gson.internal.bind.JsonTreeWriter,org.pitest.mutationtest.engine.gregor.mutators.NullReturnValsMutator,value,170,KILLED,com.google.gson.internal.bind.JsonTreeWriter_ESTest.test12
JsonTreeWriter.java,com.google.gson.internal.bind.JsonTreeWriter,org.pitest.mutationtest.engine.gregor.mutators.RemoveConditionalMutator_EQUAL_ELSE,value,166,KILLED,com.google.gson.internal.bind.JsonTreeWriter_ESTest.test33
JsonTreeWriter.java,com.google.gson.internal.bind.JsonTreeWriter,org.pitest.mutationtest.engine.gregor.mutators.RemoveConditionalMutator_EQUAL_IF,value,166,SURVIVED,none
JsonTreeWriter.java,com.google.gson.internal.bind.JsonTreeWriter,org.pitest.mutationtest.engine.gregor.mutators.ReturnValsMutator,value,167,SURVIVED,none
JsonTreeWriter.java,com.google.gson.internal.bind.JsonTreeWriter,org.pitest.mutationtest.engine.gregor.mutators.ReturnValsMutator,value,170,KILLED,com.google.gson.internal.bind.JsonTreeWriter_ESTest.test12
JsonTreeWriter.java,com.google.gson.internal.bind.JsonTreeWriter,org.pitest.mutationtest.engine.gregor.mutators.VoidMethodCallMutator,value,169,SURVIVED,none
JsonTreeWriter.java,com.google.gson.internal.bind.JsonTreeWriter,org.pitest.mutationtest.engine.gregor.mutators.rv.ROR5Mutator,value,166,KILLED,com.google.gson.internal.bind.JsonTreeWriter_ESTest.test33
JsonTreeWriter.java,com.google.gson.internal.bind.JsonTreeWriter,org.pitest.mutationtest.engine.gregor.mutators.ConstructorCallMutator,value,194,NO_COVERAGE,none
JsonTreeWriter.java,com.google.gson.internal.bind.JsonTreeWriter,org.pitest.mutationtest.engine.gregor.mutators.ConstructorCallMutator,value,194,NO_COVERAGE,none
JsonTreeWriter.java,com.google.gson.internal.bind.JsonTreeWriter,org.pitest.mutationtest.engine.gregor.mutators.ConstructorCallMutator,value,198,SURVIVED,none
JsonTreeWriter.java,com.google.gson.internal.bind.JsonTreeWriter,org.pitest.mutationtest.engine.gregor.mutators.NegateConditionalsMutator,value,187,KILLED,com.google.gson.internal.bind.JsonTreeWriter_ESTest.test50
JsonTreeWriter.java,com.google.gson.internal.bind.JsonTreeWriter,org.pitest.mutationtest.engine.gregor.mutators.NegateConditionalsMutator,value,191,SURVIVED,none
JsonTreeWriter.java,com.google.gson.internal.bind.JsonTreeWriter,org.pitest.mutationtest.engine.gregor.mutators.NegateConditionalsMutator,value,193,KILLED,com.google.gson.internal.bind.JsonTreeWriter_ESTest.test08
JsonTreeWriter.java,com.google.gson.internal.bind.JsonTreeWriter,org.pitest.mutationtest.engine.gregor.mutators.NegateConditionalsMutator,value,193,KILLED,com.google.gson.internal.bind.JsonTreeWriter_ESTest.test08
JsonTreeWriter.java,com.google.gson.internal.bind.JsonTreeWriter,org.pitest.mutationtest.engine.gregor.mutators.NonVoidMethodCallMutator,value,188,KILLED,com.google.gson.internal.bind.JsonTreeWriter_ESTest.test50
JsonTreeWriter.java,com.google.gson.internal.bind.JsonTreeWriter,org.pitest.mutationtest.engine.gregor.mutators.NonVoidMethodCallMutator,value,191,SURVIVED,none
JsonTreeWriter.java,com.google.gson.internal.bind.JsonTreeWriter,org.pitest.mutationtest.engine.gregor.mutators.NonVoidMethodCallMutator,value,192,SURVIVED,none
JsonTreeWriter.java,com.google.gson.internal.bind.JsonTreeWriter,org.pitest.mutationtest.engine.gregor.mutators.NonVoidMethodCallMutator,value,193,SURVIVED,none
JsonTreeWriter.java,com.google.gson.internal.bind.JsonTreeWriter,org.pitest.mutationtest.engine.gregor.mutators.NonVoidMethodCallMutator,value,193,SURVIVED,none
JsonTreeWriter.java,com.google.gson.internal.bind.JsonTreeWriter,org.pitest.mutationtest.engine.gregor.mutators.NonVoidMethodCallMutator,value,194,NO_COVERAGE,none
JsonTreeWriter.java,com.google.gson.internal.bind.JsonTreeWriter,org.pitest.mutationtest.engine.gregor.mutators.NonVoidMethodCallMutator,value,194,NO_COVERAGE,none
JsonTreeWriter.java,com.google.gson.internal.bind.JsonTreeWriter,org.pitest.mutationtest.engine.gregor.mutators.NonVoidMethodCallMutator,value,194,NO_COVERAGE,none
JsonTreeWriter.java,com.google.gson.internal.bind.JsonTreeWriter,org.pitest.mutationtest.engine.gregor.mutators.NullReturnValsMutator,value,188,KILLED,com.google.gson.internal.bind.JsonTreeWriter_ESTest.test09
JsonTreeWriter.java,com.google.gson.internal.bind.JsonTreeWriter,org.pitest.mutationtest.engine.gregor.mutators.NullReturnValsMutator,value,199,KILLED,com.google.gson.internal.bind.JsonTreeWriter_ESTest.test40
JsonTreeWriter.java,com.google.gson.internal.bind.JsonTreeWriter,org.pitest.mutationtest.engine.gregor.mutators.RemoveConditionalMutator_EQUAL_ELSE,value,187,KILLED,com.google.gson.internal.bind.JsonTreeWriter_ESTest.test50
JsonTreeWriter.java,com.google.gson.internal.bind.JsonTreeWriter,org.pitest.mutationtest.engine.gregor.mutators.RemoveConditionalMutator_EQUAL_ELSE,value,191,SURVIVED,none
JsonTreeWriter.java,com.google.gson.internal.bind.JsonTreeWriter,org.pitest.mutationtest.engine.gregor.mutators.RemoveConditionalMutator_EQUAL_ELSE,value,193,KILLED,com.google.gson.internal.bind.JsonTreeWriter_ESTest.test08
JsonTreeWriter.java,com.google.gson.internal.bind.JsonTreeWriter,org.pitest.mutationtest.engine.gregor.mutators.RemoveConditionalMutator_EQUAL_ELSE,value,193,SURVIVED,none
JsonTreeWriter.java,com.google.gson.internal.bind.JsonTreeWriter,org.pitest.mutationtest.engine.gregor.mutators.RemoveConditionalMutator_EQUAL_IF,value,187,SURVIVED,none
JsonTreeWriter.java,com.google.gson.internal.bind.JsonTreeWriter,org.pitest.mutationtest.engine.gregor.mutators.RemoveConditionalMutator_EQUAL_IF,value,191,SURVIVED,none
JsonTreeWriter.java,com.google.gson.internal.bind.JsonTreeWriter,org.pitest.mutationtest.engine.gregor.mutators.RemoveConditionalMutator_EQUAL_IF,value,193,SURVIVED,none
JsonTreeWriter.java,com.google.gson.internal.bind.JsonTreeWriter,org.pitest.mutationtest.engine.gregor.mutators.RemoveConditionalMutator_EQUAL_IF,value,193,KILLED,com.google.gson.internal.bind.JsonTreeWriter_ESTest.test08
JsonTreeWriter.java,com.google.gson.internal.bind.JsonTreeWriter,org.pitest.mutationtest.engine.gregor.mutators.ReturnValsMutator,value,188,KILLED,com.google.gson.internal.bind.JsonTreeWriter_ESTest.test09
JsonTreeWriter.java,com.google.gson.internal.bind.JsonTreeWriter,org.pitest.mutationtest.engine.gregor.mutators.ReturnValsMutator,value,199,KILLED,com.google.gson.internal.bind.JsonTreeWriter_ESTest.test40
JsonTreeWriter.java,com.google.gson.internal.bind.JsonTreeWriter,org.pitest.mutationtest.engine.gregor.mutators.VoidMethodCallMutator,value,198,SURVIVED,none
JsonTreeWriter.java,com.google.gson.internal.bind.JsonTreeWriter,org.pitest.mutationtest.engine.gregor.mutators.experimental.NakedReceiverMutator,value,194,NO_COVERAGE,none
JsonTreeWriter.java,com.google.gson.internal.bind.JsonTreeWriter,org.pitest.mutationtest.engine.gregor.mutators.experimental.NakedReceiverMutator,value,194,NO_COVERAGE,none
JsonTreeWriter.java,com.google.gson.internal.bind.JsonTreeWriter,org.pitest.mutationtest.engine.gregor.mutators.rv.ABSMutator,value,193,SURVIVED,none
JsonTreeWriter.java,com.google.gson.internal.bind.JsonTreeWriter,org.pitest.mutationtest.engine.gregor.mutators.rv.ABSMutator,value,193,SURVIVED,none
JsonTreeWriter.java,com.google.gson.internal.bind.JsonTreeWriter,org.pitest.mutationtest.engine.gregor.mutators.rv.ROR1Mutator,value,191,SURVIVED,none
JsonTreeWriter.java,com.google.gson.internal.bind.JsonTreeWriter,org.pitest.mutationtest.engine.gregor.mutators.rv.ROR1Mutator,value,193,SURVIVED,none
JsonTreeWriter.java,com.google.gson.internal.bind.JsonTreeWriter,org.pitest.mutationtest.engine.gregor.mutators.rv.ROR1Mutator,value,193,KILLED,com.google.gson.internal.bind.JsonTreeWriter_ESTest.test08
JsonTreeWriter.java,com.google.gson.internal.bind.JsonTreeWriter,org.pitest.mutationtest.engine.gregor.mutators.rv.ROR2Mutator,value,191,SURVIVED,none
JsonTreeWriter.java,com.google.gson.internal.bind.JsonTreeWriter,org.pitest.mutationtest.engine.gregor.mutators.rv.ROR2Mutator,value,193,KILLED,com.google.gson.internal.bind.JsonTreeWriter_ESTest.test08
JsonTreeWriter.java,com.google.gson.internal.bind.JsonTreeWriter,org.pitest.mutationtest.engine.gregor.mutators.rv.ROR2Mutator,value,193,SURVIVED,none
JsonTreeWriter.java,com.google.gson.internal.bind.JsonTreeWriter,org.pitest.mutationtest.engine.gregor.mutators.rv.ROR3Mutator,value,191,SURVIVED,none
JsonTreeWriter.java,com.google.gson.internal.bind.JsonTreeWriter,org.pitest.mutationtest.engine.gregor.mutators.rv.ROR3Mutator,value,193,SURVIVED,none
JsonTreeWriter.java,com.google.gson.internal.bind.JsonTreeWriter,org.pitest.mutationtest.engine.gregor.mutators.rv.ROR3Mutator,value,193,KILLED,com.google.gson.internal.bind.JsonTreeWriter_ESTest.test08
JsonTreeWriter.java,com.google.gson.internal.bind.JsonTreeWriter,org.pitest.mutationtest.engine.gregor.mutators.rv.ROR4Mutator,value,191,SURVIVED,none
JsonTreeWriter.java,com.google.gson.internal.bind.JsonTreeWriter,org.pitest.mutationtest.engine.gregor.mutators.rv.ROR4Mutator,value,193,KILLED,com.google.gson.internal.bind.JsonTreeWriter_ESTest.test08
JsonTreeWriter.java,com.google.gson.internal.bind.JsonTreeWriter,org.pitest.mutationtest.engine.gregor.mutators.rv.ROR4Mutator,value,193,SURVIVED,none
JsonTreeWriter.java,com.google.gson.internal.bind.JsonTreeWriter,org.pitest.mutationtest.engine.gregor.mutators.rv.ROR5Mutator,value,187,KILLED,com.google.gson.internal.bind.JsonTreeWriter_ESTest.test50
JsonTreeWriter.java,com.google.gson.internal.bind.JsonTreeWriter,org.pitest.mutationtest.engine.gregor.mutators.rv.ROR5Mutator,value,191,SURVIVED,none
JsonTreeWriter.java,com.google.gson.internal.bind.JsonTreeWriter,org.pitest.mutationtest.engine.gregor.mutators.rv.ROR5Mutator,value,193,KILLED,com.google.gson.internal.bind.JsonTreeWriter_ESTest.test08
JsonTreeWriter.java,com.google.gson.internal.bind.JsonTreeWriter,org.pitest.mutationtest.engine.gregor.mutators.rv.ROR5Mutator,value,193,KILLED,com.google.gson.internal.bind.JsonTreeWriter_ESTest.test08
JsonTreeWriter.java,com.google.gson.internal.bind.JsonTreeWriter,org.pitest.mutationtest.engine.gregor.mutators.rv.UOI1Mutator,value,193,SURVIVED,none
JsonTreeWriter.java,com.google.gson.internal.bind.JsonTreeWriter,org.pitest.mutationtest.engine.gregor.mutators.rv.UOI1Mutator,value,193,SURVIVED,none
JsonTreeWriter.java,com.google.gson.internal.bind.JsonTreeWriter,org.pitest.mutationtest.engine.gregor.mutators.rv.UOI2Mutator,value,193,SURVIVED,none
JsonTreeWriter.java,com.google.gson.internal.bind.JsonTreeWriter,org.pitest.mutationtest.engine.gregor.mutators.rv.UOI2Mutator,value,193,SURVIVED,none
JsonTreeWriter.java,com.google.gson.internal.bind.JsonTreeWriter,org.pitest.mutationtest.engine.gregor.mutators.rv.UOI3Mutator,value,193,SURVIVED,none
JsonTreeWriter.java,com.google.gson.internal.bind.JsonTreeWriter,org.pitest.mutationtest.engine.gregor.mutators.rv.UOI3Mutator,value,193,SURVIVED,none
JsonTreeWriter.java,com.google.gson.internal.bind.JsonTreeWriter,org.pitest.mutationtest.engine.gregor.mutators.rv.UOI4Mutator,value,193,SURVIVED,none
JsonTreeWriter.java,com.google.gson.internal.bind.JsonTreeWriter,org.pitest.mutationtest.engine.gregor.mutators.rv.UOI4Mutator,value,193,SURVIVED,none
JsonTreeWriter.java,com.google.gson.internal.bind.JsonTreeWriter,org.pitest.mutationtest.engine.gregor.mutators.ConstructorCallMutator,value,151,KILLED,com.google.gson.internal.bind.JsonTreeWriter_ESTest.test06
JsonTreeWriter.java,com.google.gson.internal.bind.JsonTreeWriter,org.pitest.mutationtest.engine.gregor.mutators.NegateConditionalsMutator,value,148,KILLED,com.google.gson.internal.bind.JsonTreeWriter_ESTest.test07
JsonTreeWriter.java,com.google.gson.internal.bind.JsonTreeWriter,org.pitest.mutationtest.engine.gregor.mutators.NonVoidMethodCallMutator,value,149,KILLED,com.google.gson.internal.bind.JsonTreeWriter_ESTest.test07
JsonTreeWriter.java,com.google.gson.internal.bind.JsonTreeWriter,org.pitest.mutationtest.engine.gregor.mutators.NullReturnValsMutator,value,149,KILLED,com.google.gson.internal.bind.JsonTreeWriter_ESTest.test07
JsonTreeWriter.java,com.google.gson.internal.bind.JsonTreeWriter,org.pitest.mutationtest.engine.gregor.mutators.NullReturnValsMutator,value,152,KILLED,com.google.gson.internal.bind.JsonTreeWriter_ESTest.test06
JsonTreeWriter.java,com.google.gson.internal.bind.JsonTreeWriter,org.pitest.mutationtest.engine.gregor.mutators.RemoveConditionalMutator_EQUAL_ELSE,value,148,KILLED,com.google.gson.internal.bind.JsonTreeWriter_ESTest.test07
JsonTreeWriter.java,com.google.gson.internal.bind.JsonTreeWriter,org.pitest.mutationtest.engine.gregor.mutators.RemoveConditionalMutator_EQUAL_IF,value,148,SURVIVED,none
JsonTreeWriter.java,com.google.gson.internal.bind.JsonTreeWriter,org.pitest.mutationtest.engine.gregor.mutators.ReturnValsMutator,value,149,KILLED,com.google.gson.internal.bind.JsonTreeWriter_ESTest.test07
JsonTreeWriter.java,com.google.gson.internal.bind.JsonTreeWriter,org.pitest.mutationtest.engine.gregor.mutators.ReturnValsMutator,value,152,KILLED,com.google.gson.internal.bind.JsonTreeWriter_ESTest.test06
JsonTreeWriter.java,com.google.gson.internal.bind.JsonTreeWriter,org.pitest.mutationtest.engine.gregor.mutators.VoidMethodCallMutator,value,151,KILLED,com.google.gson.internal.bind.JsonTreeWriter_ESTest.test32
JsonTreeWriter.java,com.google.gson.internal.bind.JsonTreeWriter,org.pitest.mutationtest.engine.gregor.mutators.rv.ROR5Mutator,value,148,KILLED,com.google.gson.internal.bind.JsonTreeWriter_ESTest.test07
JsonTreeWriter.java,com.google.gson.internal.bind.JsonTreeWriter,org.pitest.mutationtest.engine.gregor.mutators.ConstructorCallMutator,value,161,KILLED,com.google.gson.internal.bind.JsonTreeWriter_ESTest.test03
JsonTreeWriter.java,com.google.gson.internal.bind.JsonTreeWriter,org.pitest.mutationtest.engine.gregor.mutators.NonVoidMethodCallMutator,value,161,KILLED,com.google.gson.internal.bind.JsonTreeWriter_ESTest.test31
JsonTreeWriter.java,com.google.gson.internal.bind.JsonTreeWriter,org.pitest.mutationtest.engine.gregor.mutators.NullReturnValsMutator,value,162,KILLED,com.google.gson.internal.bind.JsonTreeWriter_ESTest.test04
JsonTreeWriter.java,com.google.gson.internal.bind.JsonTreeWriter,org.pitest.mutationtest.engine.gregor.mutators.ReturnValsMutator,value,162,KILLED,com.google.gson.internal.bind.JsonTreeWriter_ESTest.test04
JsonTreeWriter.java,com.google.gson.internal.bind.JsonTreeWriter,org.pitest.mutationtest.engine.gregor.mutators.VoidMethodCallMutator,value,161,KILLED,com.google.gson.internal.bind.JsonTreeWriter_ESTest.test31
JsonTreeWriter.java,com.google.gson.internal.bind.JsonTreeWriter,org.pitest.mutationtest.engine.gregor.mutators.rv.ABSMutator,value,161,SURVIVED,none
JsonTreeWriter.java,com.google.gson.internal.bind.JsonTreeWriter,org.pitest.mutationtest.engine.gregor.mutators.rv.UOI1Mutator,value,161,SURVIVED,none
JsonTreeWriter.java,com.google.gson.internal.bind.JsonTreeWriter,org.pitest.mutationtest.engine.gregor.mutators.rv.UOI2Mutator,value,161,SURVIVED,none
JsonTreeWriter.java,com.google.gson.internal.bind.JsonTreeWriter,org.pitest.mutationtest.engine.gregor.mutators.rv.UOI3Mutator,value,161,SURVIVED,none
JsonTreeWriter.java,com.google.gson.internal.bind.JsonTreeWriter,org.pitest.mutationtest.engine.gregor.mutators.rv.UOI4Mutator,value,161,SURVIVED,none
